{
	"credit": "Made with Blockbench",
	"textures": {
		"1": "cmd/axolotl_hat",
		"particle": "cmd/axolotl_hat"
	},
	"elements": [
		{
			"from": [3, -1, 3],
			"to": [13, 3, 13],
			"rotation": {"angle": 0, "axis": "y", "origin": [0, -22, 0]},
			"faces": {
				"north": {"uv": [7, 0, 9.5, 1], "texture": "#1"},
				"east": {"uv": [9.5, 1, 12, 2], "texture": "#1"},
				"south": {"uv": [7, 1, 9.5, 2], "texture": "#1"},
				"west": {"uv": [9.5, 0, 12, 1], "texture": "#1"},
				"up": {"uv": [7, 2, 9.5, 4.5], "texture": "#1"},
				"down": {"uv": [9.5, 2, 12, 4.5], "texture": "#1"}
			}
		},
		{
			"from": [1, -2, 1],
			"to": [15, -1, 15],
			"rotation": {"angle": 0, "axis": "y", "origin": [0, -22, 0]},
			"faces": {
				"north": {"uv": [0, 0, 3.5, 0.25], "texture": "#1"},
				"east": {"uv": [3.5, 0, 7, 0.25], "texture": "#1"},
				"south": {"uv": [0, 0.25, 3.5, 0.5], "texture": "#1"},
				"west": {"uv": [3.5, 0.25, 7, 0.5], "texture": "#1"},
				"up": {"uv": [0, 0.5, 3.5, 4], "texture": "#1"},
				"down": {"uv": [3.5, 0.5, 7, 4], "texture": "#1"}
			}
		},
		{
			"from": [12, -1, 5],
			"to": [14, 0, 5],
			"rotation": {"angle": 45, "axis": "y", "origin": [13, -1, 4]},
			"faces": {
				"north": {"uv": [2, 1.75, 2.5, 2], "rotation": 180, "texture": "#1"},
				"east": {"uv": [2, 1.75, 2.25, 1.75], "rotation": 90, "texture": "#1"},
				"south": {"uv": [2, 1.75, 2.5, 2], "texture": "#1"},
				"west": {"uv": [2, 1.75, 2.25, 1.75], "rotation": 270, "texture": "#1"},
				"up": {"uv": [2, 1.75, 2.5, 1.75], "texture": "#1"},
				"down": {"uv": [2, 1.75, 2.5, 1.75], "rotation": 180, "texture": "#1"}
			}
		},
		{
			"from": [12, 0, 5],
			"to": [12, 1, 7],
			"rotation": {"angle": 45, "axis": "y", "origin": [13, -1, 4]},
			"faces": {
				"north": {"uv": [2, 1.75, 2.25, 1.75], "rotation": 270, "texture": "#1"},
				"east": {"uv": [2, 1.75, 2.5, 2], "rotation": 180, "texture": "#1"},
				"south": {"uv": [2, 1.75, 2.25, 1.75], "rotation": 90, "texture": "#1"},
				"west": {"uv": [2, 1.75, 2.5, 2], "texture": "#1"},
				"up": {"uv": [2, 1.75, 2.5, 1.75], "rotation": 90, "texture": "#1"},
				"down": {"uv": [2, 1.75, 2.5, 1.75], "rotation": 90, "texture": "#1"}
			}
		},
		{
			"from": [5, 1, 5],
			"to": [11, 5, 11],
			"rotation": {"angle": 22.5, "axis": "z", "origin": [8, 3, 8]},
			"faces": {
				"north": {"uv": [13.5, 0, 15, 1], "texture": "#1"},
				"east": {"uv": [12, 0, 13.5, 1], "texture": "#1"},
				"south": {"uv": [13.5, 1, 15, 2], "texture": "#1"},
				"west": {"uv": [12, 1, 13.5, 2], "texture": "#1"},
				"up": {"uv": [12, 2, 13.5, 3.5], "texture": "#1"},
				"down": {"uv": [13.5, 2, 15, 3.5], "texture": "#1"}
			}
		},
		{
			"from": [4, 5, 7],
			"to": [6, 7, 9],
			"rotation": {"angle": -22.5, "axis": "z", "origin": [8, 8, 8]},
			"faces": {
				"north": {"uv": [14.5, 3.5, 15, 4], "texture": "#1"},
				"east": {"uv": [14, 3.5, 14.5, 4], "texture": "#1"},
				"south": {"uv": [14, 4, 14.5, 4.5], "texture": "#1"},
				"west": {"uv": [14.5, 4, 15, 4.5], "texture": "#1"},
				"up": {"uv": [14, 4.5, 14.5, 5], "texture": "#1"},
				"down": {"uv": [14.5, 4.5, 15, 5], "texture": "#1"}
			}
		},
		{
			"from": [7, 4, 6],
			"to": [11, 8, 10],
			"rotation": {"angle": 45, "axis": "z", "origin": [8, 3, 8]},
			"faces": {
				"north": {"uv": [13, 3.5, 14, 4.5], "texture": "#1"},
				"east": {"uv": [12, 3.5, 13, 4.5], "texture": "#1"},
				"south": {"uv": [12, 4.5, 13, 5.5], "texture": "#1"},
				"west": {"uv": [13, 4.5, 14, 5.5], "texture": "#1"},
				"up": {"uv": [12, 5.5, 13, 6.5], "texture": "#1"},
				"down": {"uv": [13, 5.5, 14, 6.5], "texture": "#1"}
			}
		}
	],
	"display": {
		"thirdperson_righthand": {
			"rotation": [65, 34, 0],
			"translation": [-4.25, 2.75, 4.25],
			"scale": [0.5, 0.5, 0.5]
		},
		"thirdperson_lefthand": {
			"rotation": [65, 34, 0],
			"translation": [-4.25, 2.75, 4.25],
			"scale": [0.5, 0.5, 0.5]
		},
		"firstperson_righthand": {
			"rotation": [35, 45, 0],
			"translation": [6, 5.25, 0]
		},
		"firstperson_lefthand": {
			"rotation": [35, 45, 0],
			"translation": [6, 5.25, 0]
		},
		"ground": {
			"translation": [0, 2.25, 0],
			"scale": [0.5, 0.5, 0.5]
		},
		"gui": {
			"rotation": [35, 45, 0],
			"translation": [0, 5, 0],
			"scale": [0.8, 0.8, 0.8]
		},
		"head": {
			"translation": [0, 19.1, 0],
			"scale": [1.6, 1.6, 1.6]
		},
		"fixed": {
			"translation": [0, 4.75, 0]
		}
	},
	"groups": [
		{
			"name": "hat",
			"origin": [0, 10, -3],
			"color": 0,
			"nbt": "{}",
			"armAnimationEnabled": false,
			"children": [
				{
					"name": "hat_1",
					"origin": [2.85355, 10.875, -1.29289],
					"color": 0,
					"nbt": "{}",
					"armAnimationEnabled": false,
					"children": [0, 1, 2, 3]
				},
				{
					"name": "hat_2",
					"origin": [0, 15, -2],
					"color": 0,
					"nbt": "{}",
					"armAnimationEnabled": false,
					"children": [4]
				},
				{
					"name": "hat_3",
					"origin": [-1.47561, 16.56436, -2],
					"color": 0,
					"nbt": "{}",
					"armAnimationEnabled": false,
					"children": [5, 6]
				}
			]
		}
	]
}