{
	"credit": "Made with Blockbench",
	"textures": {
		"2": "block/emerald_block",
		"3": "block/spruce_planks",
		"4": "block/spruce_log"
	},
	"elements": [
		{
			"from": [8, -0.5, 1.75],
			"to": [9, 0.5, 2.25],
			"rotation": {"angle": 0, "axis": "y", "origin": [-7.5, -1.25, -8.5]},
			"faces": {
				"north": {"uv": [1, 7, 2, 8], "rotation": 180, "texture": "#3"},
				"east": {"uv": [7, 7, 8, 7.5], "rotation": 90, "texture": "#3"},
				"south": {"uv": [3, 5, 4, 6], "texture": "#3"},
				"west": {"uv": [7, 3, 8, 3.5], "rotation": 270, "texture": "#3"},
				"up": {"uv": [12, 2, 13, 2.5], "texture": "#3"},
				"down": {"uv": [10, 11, 11, 11.5], "rotation": 180, "texture": "#3"}
			}
		},
		{
			"from": [8.25, -0.25, 2.25],
			"to": [8.75, 0.25, 15.25],
			"rotation": {"angle": 0, "axis": "y", "origin": [-7.5, -1.25, -8.5]},
			"faces": {
				"north": {"uv": [0, 0, 0.5, 0.5], "rotation": 270, "texture": "#3"},
				"east": {"uv": [0, 0, 0.5, 13], "rotation": 270, "texture": "#3"},
				"south": {"uv": [0, 0, 0.5, 0.5], "rotation": 270, "texture": "#3"},
				"west": {"uv": [0, 0, 0.5, 13], "rotation": 90, "texture": "#3"},
				"up": {"uv": [6, 0, 6.5, 13], "rotation": 180, "texture": "#3"},
				"down": {"uv": [2, 0, 2.5, 13], "texture": "#3"}
			}
		},
		{
			"from": [8, -0.5, 15],
			"to": [9, 0.5, 16],
			"rotation": {"angle": 0, "axis": "y", "origin": [-7.5, -1.25, -8.5]},
			"faces": {
				"north": {"uv": [1, 1, 2, 2], "texture": "#4"},
				"east": {"uv": [1, 1, 2, 2], "texture": "#4"},
				"south": {"uv": [1, 1, 2, 2], "texture": "#4"},
				"west": {"uv": [1, 1, 2, 2], "texture": "#4"},
				"up": {"uv": [1, 1, 2, 2], "texture": "#4"},
				"down": {"uv": [1, 1, 2, 2], "texture": "#4"}
			}
		},
		{
			"from": [8, -1.5, 0.25],
			"to": [9, -1, 1.75],
			"rotation": {"angle": 0, "axis": "y", "origin": [-7.5, -1.25, -8.5]},
			"faces": {
				"north": {"uv": [1, 7, 2, 7.5], "rotation": 180, "texture": "#3"},
				"east": {"uv": [7, 7, 7.5, 8.5], "rotation": 90, "texture": "#3"},
				"south": {"uv": [3, 5, 4, 5.5], "texture": "#3"},
				"west": {"uv": [7, 3, 7.5, 4.5], "rotation": 270, "texture": "#3"},
				"up": {"uv": [12, 2, 13, 3.5], "texture": "#3"},
				"down": {"uv": [10, 11, 11, 12.5], "rotation": 180, "texture": "#3"}
			}
		},
		{
			"from": [8, 1, 0.25],
			"to": [9, 1.5, 1.75],
			"rotation": {"angle": 0, "axis": "y", "origin": [-7.5, -1.25, -8.5]},
			"faces": {
				"north": {"uv": [1, 7, 2, 7.5], "rotation": 180, "texture": "#3"},
				"east": {"uv": [7, 7, 7.5, 8.5], "rotation": 90, "texture": "#3"},
				"south": {"uv": [3, 5, 4, 5.5], "texture": "#3"},
				"west": {"uv": [7, 3, 7.5, 4.5], "rotation": 270, "texture": "#3"},
				"up": {"uv": [12, 2, 13, 3.5], "texture": "#3"},
				"down": {"uv": [10, 11, 11, 12.5], "rotation": 180, "texture": "#3"}
			}
		},
		{
			"from": [7, -0.5, 0.25],
			"to": [7.5, 0.5, 1.75],
			"rotation": {"angle": 0, "axis": "y", "origin": [-7.5, -1.25, -8.5]},
			"faces": {
				"north": {"uv": [1, 7, 2, 7.5], "rotation": 90, "texture": "#3"},
				"east": {"uv": [7, 7, 8, 8.5], "rotation": 90, "texture": "#3"},
				"south": {"uv": [3, 5, 4, 5.5], "rotation": 90, "texture": "#3"},
				"west": {"uv": [7, 3, 8, 4.5], "rotation": 270, "texture": "#3"},
				"up": {"uv": [12, 2, 12.5, 3.5], "texture": "#3"},
				"down": {"uv": [10, 11, 10.5, 12.5], "rotation": 180, "texture": "#3"}
			}
		},
		{
			"from": [7.5, -0.5, 0.75],
			"to": [9.5, 0.5, 1.75],
			"rotation": {"angle": 0, "axis": "y", "origin": [-7.5, -1.25, -8.5]},
			"faces": {
				"north": {"uv": [1, 7, 2, 9], "rotation": 90, "texture": "#3"},
				"east": {"uv": [7, 7, 8, 8], "rotation": 90, "texture": "#3"},
				"south": {"uv": [3, 5, 4, 7], "rotation": 90, "texture": "#3"},
				"west": {"uv": [7, 3, 8, 4], "rotation": 270, "texture": "#3"},
				"up": {"uv": [12, 2, 14, 3], "texture": "#3"},
				"down": {"uv": [10, 11, 12, 12], "rotation": 180, "texture": "#3"}
			}
		},
		{
			"from": [8, -1, 0.75],
			"to": [9, 1, 1.75],
			"rotation": {"angle": 0, "axis": "y", "origin": [-7.5, -1.25, -8.5]},
			"faces": {
				"north": {"uv": [1, 7, 2, 9], "rotation": 180, "texture": "#3"},
				"east": {"uv": [7, 7, 9, 8], "rotation": 90, "texture": "#3"},
				"south": {"uv": [3, 5, 4, 7], "texture": "#3"},
				"west": {"uv": [7, 3, 9, 4], "rotation": 270, "texture": "#3"},
				"up": {"uv": [12, 2, 13, 3], "texture": "#3"},
				"down": {"uv": [10, 11, 11, 12], "rotation": 180, "texture": "#3"}
			}
		},
		{
			"from": [9.5, -0.5, 0.25],
			"to": [10, 0.5, 1.75],
			"rotation": {"angle": 0, "axis": "y", "origin": [-7.5, -1.25, -8.5]},
			"faces": {
				"north": {"uv": [1, 7, 2, 7.5], "rotation": 90, "texture": "#3"},
				"east": {"uv": [7, 7, 8, 8.5], "rotation": 90, "texture": "#3"},
				"south": {"uv": [3, 5, 4, 5.5], "rotation": 90, "texture": "#3"},
				"west": {"uv": [7, 3, 8, 4.5], "rotation": 270, "texture": "#3"},
				"up": {"uv": [12, 2, 12.5, 3.5], "texture": "#3"},
				"down": {"uv": [10, 11, 10.5, 12.5], "rotation": 180, "texture": "#3"}
			}
		},
		{
			"from": [7.5, -1, -0.75],
			"to": [9.5, 1, 1.25],
			"rotation": {"angle": 0, "axis": "y", "origin": [-1.5, -1.25, 0.5]},
			"faces": {
				"north": {"uv": [4, 4, 12, 12], "rotation": 270, "texture": "#2"},
				"east": {"uv": [4, 4, 12, 12], "rotation": 270, "texture": "#2"},
				"south": {"uv": [4, 4, 12, 12], "rotation": 270, "texture": "#2"},
				"west": {"uv": [4, 4, 12, 12], "rotation": 270, "texture": "#2"},
				"up": {"uv": [4, 4, 12, 12], "rotation": 270, "texture": "#2"},
				"down": {"uv": [4, 4, 12, 12], "rotation": 270, "texture": "#2"}
			}
		}
	],
	"display": {
		"thirdperson_righthand": {
			"rotation": [90, 0, 0],
			"translation": [-1.5, 0, 13.5],
			"scale": [1.6, 1.6, 1.6]
		},
		"thirdperson_lefthand": {
			"rotation": [90, 0, 0],
			"translation": [0.25, 0, 13.5],
			"scale": [1.6, 1.6, 1.6]
		},
		"firstperson_righthand": {
			"rotation": [90, 17, 0],
			"translation": [6.5, -8.25, 9.5],
			"scale": [1.6, 1.6, 1.6]
		},
		"firstperson_lefthand": {
			"rotation": [90, 17, 0],
			"translation": [6.5, -8.25, 9.5],
			"scale": [1.6, 1.6, 1.6]
		},
		"ground": {
			"rotation": [90, 45, 0],
			"translation": [-0.75, 5.75, 8]
		},
		"gui": {
			"rotation": [125, 40, 0],
			"translation": [-0.25, -6.75, 0],
			"scale": [1.3, 1.3, 1.3]
		},
		"head": {
			"rotation": [90, 20, 0],
			"translation": [-3.25, 10.25, 17.75],
			"scale": [2.56, 2.56, 2.56]
		},
		"fixed": {
			"rotation": [90, 45, 0],
			"translation": [0, 0, 7.25]
		}
	},
	"groups": [
		{
			"name": "bone",
			"origin": [-8, 4, 0],
			"color": 0,
			"nbt": "{}",
			"armAnimationEnabled": false,
			"children": [0, 1, 2, 3, 4, 5, 6, 7, 8, 9]
		}
	]
}