{
	"credit": "Made with Blockbench",
	"texture_size": [32, 32],
	"textures": {
		"0": "cmd/carrot",
		"particle": "cmd/carrot"
	},
	"elements": [
		{
			"from": [8, -6, 7],
			"to": [9, 3, 8],
			"faces": {
				"north": {"uv": [5.5, 4, 6, 8.5], "texture": "#0"},
				"east": {"uv": [6, 4, 6.5, 8.5], "texture": "#0"},
				"south": {"uv": [6.5, 4, 7, 8.5], "texture": "#0"},
				"west": {"uv": [0, 7, 0.5, 11.5], "texture": "#0"},
				"up": {"uv": [5, 2.5, 4.5, 2], "texture": "#0"},
				"down": {"uv": [5, 2.5, 4.5, 3], "texture": "#0"}
			}
		},
		{
			"from": [7.25, -4, 6.25],
			"to": [9.75, 3, 8.75],
			"faces": {
				"north": {"uv": [0, 0, 1.5, 3.5], "texture": "#0"},
				"east": {"uv": [1.5, 0, 3, 3.5], "texture": "#0"},
				"south": {"uv": [3, 0, 4.5, 3.5], "texture": "#0"},
				"west": {"uv": [0, 3.5, 1.5, 7], "texture": "#0"},
				"up": {"uv": [8, 1.5, 6.5, 0], "texture": "#0"},
				"down": {"uv": [8.5, 4, 7, 5.5], "texture": "#0"}
			}
		},
		{
			"from": [6.5, -0.5, 5.5],
			"to": [10.5, 3.25, 9.5],
			"faces": {
				"north": {"uv": [1.5, 3.5, 3.5, 5.5], "texture": "#0"},
				"east": {"uv": [3.5, 3.5, 5.5, 5.5], "texture": "#0"},
				"south": {"uv": [4.5, 0, 6.5, 2], "texture": "#0"},
				"west": {"uv": [1.5, 5.5, 3.5, 7.5], "texture": "#0"},
				"up": {"uv": [7.5, 4, 5.5, 2], "texture": "#0"},
				"down": {"uv": [5.5, 5.5, 3.5, 7.5], "texture": "#0"}
			}
		},
		{
			"from": [7, 2.25, 7.5],
			"to": [10, 6.25, 7.5],
			"rotation": {"angle": 0, "axis": "x", "origin": [1.5, 9.25, 1.5]},
			"faces": {
				"north": {"uv": [7.5, 5.5, 10.5, 9.5], "texture": "#0"},
				"east": {"uv": [7, 7.5, 7.5, 9.5], "texture": "#0"},
				"south": {"uv": [7.5, 5.5, 10.5, 9.5], "texture": "#0"},
				"west": {"uv": [8, 0, 8.5, 2], "texture": "#0"},
				"up": {"uv": [8, 4, 7.5, 3.5], "texture": "#0"},
				"down": {"uv": [9.5, 6, 9, 6.5], "texture": "#0"}
			}
		},
		{
			"from": [8.5, 2.25, 6],
			"to": [8.5, 6.25, 9],
			"rotation": {"angle": 0, "axis": "z", "origin": [1.5, 9.25, 1.5]},
			"faces": {
				"north": {"uv": [8, 0, 8.5, 2], "texture": "#0"},
				"east": {"uv": [7.5, 5.5, 10.5, 9.5], "texture": "#0"},
				"south": {"uv": [7, 7.5, 7.5, 9.5], "texture": "#0"},
				"west": {"uv": [7.5, 5.5, 10.5, 9.5], "texture": "#0"},
				"up": {"uv": [8, 4, 7.5, 3.5], "rotation": 90, "texture": "#0"},
				"down": {"uv": [9.5, 6, 9, 6.5], "rotation": 270, "texture": "#0"}
			}
		}
	],
	"display": {
		"thirdperson_righthand": {
			"rotation": [24, 27, 0],
			"translation": [-1.75, 5.25, 4],
			"scale": [0.8, 0.8, 0.8]
		},
		"thirdperson_lefthand": {
			"rotation": [24, 27, 0],
			"translation": [-1.75, 5.25, 4],
			"scale": [0.8, 0.8, 0.8]
		},
		"firstperson_righthand": {
			"rotation": [11, 23, 0],
			"translation": [1.25, 9.25, 1.5]
		},
		"firstperson_lefthand": {
			"rotation": [11, 23, 0],
			"translation": [1.25, 9.25, 1.5]
		},
		"ground": {
			"rotation": [35, 0, 0],
			"translation": [0, 9.75, 5.25]
		},
		"gui": {
			"rotation": [35.87, 29.29, -55.93],
			"translation": [8.5, 8.25, 1.25],
			"scale": [1.5, 1.5, 1.5]
		},
		"head": {
			"translation": [0, 17.75, 0]
		},
		"fixed": {
			"rotation": [-36.43, 28.54, 57.06],
			"translation": [-11.75, 11.25, 1.25],
			"scale": [2, 2, 2]
		}
	},
	"groups": [
		{
			"name": "group",
			"origin": [-2, -4, 0.75],
			"color": 0,
			"nbt": "{}",
			"armAnimationEnabled": false,
			"children": [0, 1, 2, 3, 4]
		}
	]
}