{
	"credit": "Made with Blockbench",
	"textures": {
		"1": "models/armor/iron_layer_1",
		"2": "block/lantern",
		"3": "block/barrel_bottom",
		"particle": "models/armor/iron_layer_1"
	},
	"elements": [
		{
			"from": [15, 0, 6.5],
			"to": [19, 3, 9.5],
			"faces": {
				"north": {"uv": [1, 7, 5, 11], "rotation": 270, "texture": "#2"},
				"east": {"uv": [1, 4, 5, 8], "texture": "#2"},
				"south": {"uv": [1, 7, 5, 11], "rotation": 90, "texture": "#2"},
				"west": {"uv": [1, 4, 5, 8], "texture": "#2"},
				"up": {"uv": [1, 7, 5, 11], "rotation": 90, "texture": "#2"},
				"down": {"uv": [1, 7, 5, 11], "rotation": 90, "texture": "#2"}
			}
		},
		{
			"from": [16, -1, 5.5],
			"to": [17, 4, 10.5],
			"faces": {
				"north": {"uv": [0, 9, 1, 15], "texture": "#2"},
				"east": {"uv": [0, 9, 6, 15], "texture": "#2"},
				"south": {"uv": [0, 9, 1, 15], "texture": "#2"},
				"west": {"uv": [0, 9, 6, 15], "texture": "#2"},
				"up": {"uv": [0, 9, 1, 15], "texture": "#2"},
				"down": {"uv": [0, 9, 1, 15], "texture": "#2"}
			}
		},
		{
			"from": [0, 0, 0],
			"to": [16, 2, 16],
			"faces": {
				"north": {"uv": [0, 0, 16, 2], "texture": "#3"},
				"east": {"uv": [0, 0, 16, 2], "texture": "#3"},
				"south": {"uv": [0, 0, 16, 2], "texture": "#3"},
				"west": {"uv": [0, 0, 16, 2], "texture": "#3"},
				"up": {"uv": [0, 0, 16, 16], "texture": "#3"},
				"down": {"uv": [0, 0, 16, 16], "texture": "#3"}
			}
		},
		{
			"from": [1, 2, 1.5],
			"to": [15, 7, 14.5],
			"faces": {
				"north": {"uv": [0, 4, 2, 5.5], "texture": "#1"},
				"east": {"uv": [0, 4, 2, 5.5], "texture": "#1"},
				"south": {"uv": [0, 4, 2, 5.5], "texture": "#1"},
				"west": {"uv": [0, 4, 2, 5.5], "texture": "#1"},
				"up": {"uv": [2, 0, 4, 4], "texture": "#1"},
				"down": {"uv": [0, 0, 1, 1], "texture": "#1"}
			}
		},
		{
			"from": [0, 2, 6.5],
			"to": [16, 8, 9.5],
			"faces": {
				"north": {"uv": [0, 0, 16, 6], "texture": "#3"},
				"east": {"uv": [0, 0, 3, 6], "texture": "#3"},
				"south": {"uv": [0, 0, 16, 6], "texture": "#3"},
				"west": {"uv": [0, 0, 3, 6], "texture": "#3"},
				"up": {"uv": [0, 0, 16, 3], "texture": "#3"},
				"down": {"uv": [0, 0, 16, 3], "texture": "#3"}
			}
		}
	],
	"display": {
		"head": {
			"rotation": [0, 90, 0],
			"translation": [0, 9.25, 0]
		}
	}
}