{
	"credit": "Made with Blockbench",
	"texture_size": [32, 32],
	"textures": {
		"201": "cmd/izana_lightgun"
	},
	"elements": [
		{
			"from": [2.4, 6.48, 6.58],
			"to": [4.14, 6.78, 7.92],
			"rotation": {"angle": 0, "axis": "y", "origin": [6.64, 3.66, 8]},
			"faces": {
				"north": {"uv": [8.5, 3.5, 9.25, 3.75], "texture": "#201"},
				"east": {"uv": [4, 8.5, 4.75, 8.75], "texture": "#201"},
				"south": {"uv": [8.5, 4, 9.25, 4.25], "texture": "#201"},
				"west": {"uv": [8.5, 4.5, 9.25, 4.75], "texture": "#201"},
				"up": {"uv": [0.75, 6.75, 0, 6], "texture": "#201"},
				"down": {"uv": [1.75, 6, 1, 6.75], "texture": "#201"}
			}
		},
		{
			"from": [2.36, 6.4, 7.9],
			"to": [4.18, 6.86, 7.98],
			"rotation": {"angle": 0, "axis": "y", "origin": [6.64, 3.66, 8]},
			"faces": {
				"north": {"uv": [7.5, 8, 8.5, 8.25], "texture": "#201"},
				"east": {"uv": [3.5, 12, 3.75, 12.25], "texture": "#201"},
				"south": {"uv": [0, 8.5, 1, 8.75], "texture": "#201"},
				"west": {"uv": [12, 3.5, 12.25, 3.75], "texture": "#201"},
				"up": {"uv": [9.5, 0.75, 8.5, 0.5], "texture": "#201"},
				"down": {"uv": [2, 8.5, 1, 8.75], "texture": "#201"}
			}
		},
		{
			"from": [3.14, 6.5, 6.54],
			"to": [3.4, 6.76, 6.58],
			"rotation": {"angle": 0, "axis": "y", "origin": [6.64, 3.66, 8]},
			"faces": {
				"north": {"uv": [11.5, 7.5, 11.75, 7.75], "texture": "#201"},
				"east": {"uv": [8, 11.5, 8.25, 11.75], "texture": "#201"},
				"south": {"uv": [11.5, 8, 11.75, 8.25], "texture": "#201"},
				"west": {"uv": [8.5, 11.5, 8.75, 11.75], "texture": "#201"},
				"up": {"uv": [11.75, 8.75, 11.5, 8.5], "texture": "#201"},
				"down": {"uv": [9.25, 11.5, 9, 11.75], "texture": "#201"}
			}
		},
		{
			"from": [3.5, 6.5, 6.54],
			"to": [3.76, 6.76, 6.58],
			"rotation": {"angle": 0, "axis": "y", "origin": [6.64, 3.66, 8]},
			"faces": {
				"north": {"uv": [2, 12, 2.25, 12.25], "texture": "#201"},
				"east": {"uv": [12, 2, 12.25, 2.25], "texture": "#201"},
				"south": {"uv": [2.5, 12, 2.75, 12.25], "texture": "#201"},
				"west": {"uv": [12, 2.5, 12.25, 2.75], "texture": "#201"},
				"up": {"uv": [3.25, 12.25, 3, 12], "texture": "#201"},
				"down": {"uv": [12.25, 3, 12, 3.25], "texture": "#201"}
			}
		},
		{
			"from": [3.86, 6.5, 6.54],
			"to": [4.12, 6.76, 6.58],
			"rotation": {"angle": 0, "axis": "y", "origin": [6.64, 3.66, 8]},
			"faces": {
				"north": {"uv": [0.5, 12, 0.75, 12.25], "texture": "#201"},
				"east": {"uv": [12, 0.5, 12.25, 0.75], "texture": "#201"},
				"south": {"uv": [1, 12, 1.25, 12.25], "texture": "#201"},
				"west": {"uv": [12, 1, 12.25, 1.25], "texture": "#201"},
				"up": {"uv": [1.75, 12.25, 1.5, 12], "texture": "#201"},
				"down": {"uv": [12.25, 1.5, 12, 1.75], "texture": "#201"}
			}
		},
		{
			"from": [2.78, 6.5, 6.54],
			"to": [3.04, 6.76, 6.58],
			"rotation": {"angle": 0, "axis": "y", "origin": [6.64, 3.66, 8]},
			"faces": {
				"north": {"uv": [11.5, 9, 11.75, 9.25], "texture": "#201"},
				"east": {"uv": [9.5, 11.5, 9.75, 11.75], "texture": "#201"},
				"south": {"uv": [11.5, 9.5, 11.75, 9.75], "texture": "#201"},
				"west": {"uv": [10, 11.5, 10.25, 11.75], "texture": "#201"},
				"up": {"uv": [11.75, 10.25, 11.5, 10], "texture": "#201"},
				"down": {"uv": [10.75, 11.5, 10.5, 11.75], "texture": "#201"}
			}
		},
		{
			"from": [2.42, 6.5, 6.54],
			"to": [2.68, 6.76, 6.58],
			"rotation": {"angle": 0, "axis": "y", "origin": [6.64, 3.66, 8]},
			"faces": {
				"north": {"uv": [11.5, 10.5, 11.75, 10.75], "texture": "#201"},
				"east": {"uv": [11, 11.5, 11.25, 11.75], "texture": "#201"},
				"south": {"uv": [11.5, 11, 11.75, 11.25], "texture": "#201"},
				"west": {"uv": [11.5, 11.5, 11.75, 11.75], "texture": "#201"},
				"up": {"uv": [0.25, 12.25, 0, 12], "texture": "#201"},
				"down": {"uv": [12.25, 0, 12, 0.25], "texture": "#201"}
			}
		},
		{
			"from": [2.56, 6.78, 6.64],
			"to": [3.98, 6.84, 7.92],
			"rotation": {"angle": 0, "axis": "y", "origin": [6.64, 3.66, 8]},
			"faces": {
				"north": {"uv": [5, 8.5, 5.75, 8.75], "texture": "#201"},
				"east": {"uv": [8.5, 5, 9.25, 5.25], "texture": "#201"},
				"south": {"uv": [6, 8.5, 6.75, 8.75], "texture": "#201"},
				"west": {"uv": [8.5, 6, 9.25, 6.25], "texture": "#201"},
				"up": {"uv": [2.75, 6.75, 2, 6], "texture": "#201"},
				"down": {"uv": [3.75, 6, 3, 6.75], "texture": "#201"}
			}
		},
		{
			"from": [2.56, 6.44, 6.64],
			"to": [3.98, 6.5, 7.92],
			"rotation": {"angle": 0, "axis": "y", "origin": [6.64, 3.66, 8]},
			"faces": {
				"north": {"uv": [8.5, 6.5, 9.25, 6.75], "texture": "#201"},
				"east": {"uv": [7, 8.5, 7.75, 8.75], "texture": "#201"},
				"south": {"uv": [8.5, 7, 9.25, 7.25], "texture": "#201"},
				"west": {"uv": [8, 8.5, 8.75, 8.75], "texture": "#201"},
				"up": {"uv": [4.75, 6.75, 4, 6], "texture": "#201"},
				"down": {"uv": [6.75, 4, 6, 4.75], "texture": "#201"}
			}
		},
		{
			"from": [10.3, 6.6, 8.22],
			"to": [15.04, 7.6, 8.78],
			"rotation": {"angle": 0, "axis": "y", "origin": [6.64, 3.66, 8]},
			"faces": {
				"north": {"uv": [3, 1.5, 5.25, 2], "texture": "#201"},
				"east": {"uv": [0.5, 10, 0.75, 10.5], "texture": "#201"},
				"south": {"uv": [2.5, 3, 4.75, 3.5], "texture": "#201"},
				"west": {"uv": [10, 0.5, 10.25, 1], "texture": "#201"},
				"up": {"uv": [7.25, 5.75, 5, 5.5], "texture": "#201"},
				"down": {"uv": [7.75, 5, 5.5, 5.25], "texture": "#201"}
			}
		},
		{
			"from": [8.3, 6.4, 7.98],
			"to": [10.3, 7.4, 9.02],
			"rotation": {"angle": 0, "axis": "y", "origin": [6.64, 3.66, 8]},
			"faces": {
				"north": {"uv": [5, 6, 6, 6.5], "texture": "#201"},
				"east": {"uv": [8, 6, 8.5, 6.5], "texture": "#201"},
				"south": {"uv": [6, 6, 7, 6.5], "texture": "#201"},
				"west": {"uv": [6.5, 8, 7, 8.5], "texture": "#201"},
				"up": {"uv": [7.5, 3, 6.5, 2.5], "texture": "#201"},
				"down": {"uv": [7.5, 3, 6.5, 3.5], "texture": "#201"}
			}
		},
		{
			"from": [9.3, 7.2, 8.22],
			"to": [10.3, 7.6, 8.78],
			"rotation": {"angle": 0, "axis": "y", "origin": [6.64, 3.66, 8]},
			"faces": {
				"north": {"uv": [9.5, 5, 10, 5.25], "texture": "#201"},
				"east": {"uv": [10.5, 0, 10.75, 0.25], "texture": "#201"},
				"south": {"uv": [5.5, 9.5, 6, 9.75], "texture": "#201"},
				"west": {"uv": [0.5, 10.5, 0.75, 10.75], "texture": "#201"},
				"up": {"uv": [10, 5.75, 9.5, 5.5], "texture": "#201"},
				"down": {"uv": [6.5, 9.5, 6, 9.75], "texture": "#201"}
			}
		},
		{
			"from": [3.1, 6.4, 7.98],
			"to": [8.3, 7.4, 9.02],
			"rotation": {"angle": 0, "axis": "y", "origin": [6.64, 3.66, 8]},
			"faces": {
				"north": {"uv": [0, 3, 2.5, 3.5], "texture": "#201"},
				"east": {"uv": [5.5, 8, 6, 8.5], "texture": "#201"},
				"south": {"uv": [3, 0, 5.5, 0.5], "texture": "#201"},
				"west": {"uv": [6, 8, 6.5, 8.5], "texture": "#201"},
				"up": {"uv": [5.5, 1, 3, 0.5], "texture": "#201"},
				"down": {"uv": [5.5, 1, 3, 1.5], "texture": "#201"}
			}
		},
		{
			"from": [2.1, 6.4, 7.98],
			"to": [3.1, 7, 9.02],
			"rotation": {"angle": 0, "axis": "y", "origin": [6.64, 3.66, 8]},
			"faces": {
				"north": {"uv": [9.5, 3, 10, 3.25], "texture": "#201"},
				"east": {"uv": [3.5, 9.5, 4, 9.75], "texture": "#201"},
				"south": {"uv": [9.5, 3.5, 10, 3.75], "texture": "#201"},
				"west": {"uv": [4, 9.5, 4.5, 9.75], "texture": "#201"},
				"up": {"uv": [5.5, 8.5, 5, 8], "texture": "#201"},
				"down": {"uv": [8.5, 5, 8, 5.5], "texture": "#201"}
			}
		},
		{
			"from": [1.7, 7, 8.1],
			"to": [3.1, 7.4, 8.9],
			"rotation": {"angle": 0, "axis": "y", "origin": [6.64, 3.66, 8]},
			"faces": {
				"north": {"uv": [2, 8.5, 2.75, 8.75], "texture": "#201"},
				"east": {"uv": [9.5, 6, 10, 6.25], "texture": "#201"},
				"south": {"uv": [3, 8.5, 3.75, 8.75], "texture": "#201"},
				"west": {"uv": [6.5, 9.5, 7, 9.75], "texture": "#201"},
				"up": {"uv": [6.25, 7.5, 5.5, 7], "texture": "#201"},
				"down": {"uv": [7.75, 6, 7, 6.5], "texture": "#201"}
			}
		},
		{
			"from": [3.54, 7, 7.88],
			"to": [6.66, 7.26, 9.12],
			"rotation": {"angle": 0, "axis": "y", "origin": [6.64, 3.66, 8]},
			"faces": {
				"north": {"uv": [6.5, 7, 8, 7.25], "texture": "#201"},
				"east": {"uv": [0, 10, 0.5, 10.25], "texture": "#201"},
				"south": {"uv": [7, 6.5, 8.5, 6.75], "texture": "#201"},
				"west": {"uv": [10, 0, 10.5, 0.25], "texture": "#201"},
				"up": {"uv": [1.5, 4.5, 0, 4], "texture": "#201"},
				"down": {"uv": [3, 4, 1.5, 4.5], "texture": "#201"}
			}
		},
		{
			"from": [1.9, 6.2, 7.98],
			"to": [6.7, 6.4, 9.02],
			"rotation": {"angle": 0, "axis": "y", "origin": [6.64, 3.66, 8]},
			"faces": {
				"north": {"uv": [0, 5.5, 2.5, 5.75], "texture": "#201"},
				"east": {"uv": [9.5, 2.5, 10, 2.75], "texture": "#201"},
				"south": {"uv": [5.5, 0, 8, 0.25], "texture": "#201"},
				"west": {"uv": [3, 9.5, 3.5, 9.75], "texture": "#201"},
				"up": {"uv": [5, 2.5, 2.5, 2], "texture": "#201"},
				"down": {"uv": [5, 2.5, 2.5, 3], "texture": "#201"}
			}
		},
		{
			"from": [1.7, 6, 8.12],
			"to": [5.16, 6.2, 8.88],
			"rotation": {"angle": 0, "axis": "y", "origin": [6.64, 3.66, 8]},
			"faces": {
				"north": {"uv": [5, 6.5, 6.75, 6.75], "texture": "#201"},
				"east": {"uv": [9.5, 1, 10, 1.25], "texture": "#201"},
				"south": {"uv": [0, 7, 1.75, 7.25], "texture": "#201"},
				"west": {"uv": [1.5, 9.5, 2, 9.75], "texture": "#201"},
				"up": {"uv": [1.75, 4, 0, 3.5], "texture": "#201"},
				"down": {"uv": [3.75, 3.5, 2, 4], "texture": "#201"}
			}
		},
		{
			"from": [0.9, 5.6, 8.12],
			"to": [1.7, 6.2, 8.88],
			"rotation": {"angle": 0, "axis": "y", "origin": [6.64, 3.66, 8]},
			"faces": {
				"north": {"uv": [9.5, 0, 10, 0.25], "texture": "#201"},
				"east": {"uv": [0.5, 9.5, 1, 9.75], "texture": "#201"},
				"south": {"uv": [9.5, 0.5, 10, 0.75], "texture": "#201"},
				"west": {"uv": [1, 9.5, 1.5, 9.75], "texture": "#201"},
				"up": {"uv": [4.5, 8.5, 4, 8], "texture": "#201"},
				"down": {"uv": [5, 8, 4.5, 8.5], "texture": "#201"}
			}
		},
		{
			"from": [1.7, 5.8, 8.42],
			"to": [2.1, 6, 8.62],
			"rotation": {"angle": 0, "axis": "y", "origin": [6.64, 3.66, 8]},
			"faces": {
				"north": {"uv": [10.5, 9.5, 10.75, 9.75], "texture": "#201"},
				"east": {"uv": [10, 10.5, 10.25, 10.75], "texture": "#201"},
				"south": {"uv": [10.5, 10, 10.75, 10.25], "texture": "#201"},
				"west": {"uv": [10.5, 10.5, 10.75, 10.75], "texture": "#201"},
				"up": {"uv": [0.25, 11.25, 0, 11], "texture": "#201"},
				"down": {"uv": [11.25, 0, 11, 0.25], "texture": "#201"}
			}
		},
		{
			"from": [-2.9, 6.4, 8.26],
			"to": [1.7, 6.6, 8.74],
			"rotation": {"angle": 0, "axis": "y", "origin": [6.64, 3.66, 8]},
			"faces": {
				"north": {"uv": [5.5, 0.5, 7.75, 0.75], "texture": "#201"},
				"east": {"uv": [3.5, 10, 3.75, 10.25], "texture": "#201"},
				"south": {"uv": [5.5, 1, 7.75, 1.25], "texture": "#201"},
				"west": {"uv": [10, 3.5, 10.25, 3.75], "texture": "#201"},
				"up": {"uv": [7.75, 1.75, 5.5, 1.5], "texture": "#201"},
				"down": {"uv": [4.75, 5.5, 2.5, 5.75], "texture": "#201"}
			}
		},
		{
			"from": [1.7, 6.4, 8.1],
			"to": [2.1, 7, 8.9],
			"rotation": {"angle": 0, "axis": "y", "origin": [6.64, 3.66, 8]},
			"faces": {
				"north": {"uv": [10, 10, 10.25, 10.25], "texture": "#201"},
				"east": {"uv": [9.5, 4, 10, 4.25], "texture": "#201"},
				"south": {"uv": [0, 10.5, 0.25, 10.75], "texture": "#201"},
				"west": {"uv": [4.5, 9.5, 5, 9.75], "texture": "#201"},
				"up": {"uv": [9.75, 5, 9.5, 4.5], "texture": "#201"},
				"down": {"uv": [5.25, 9.5, 5, 10], "texture": "#201"}
			}
		},
		{
			"from": [1.3, 6.7, 8.26],
			"to": [1.7, 6.84, 8.74],
			"rotation": {"angle": 0, "axis": "y", "origin": [6.64, 3.66, 8]},
			"faces": {
				"north": {"uv": [8.5, 10, 8.75, 10.25], "texture": "#201"},
				"east": {"uv": [10, 8.5, 10.25, 8.75], "texture": "#201"},
				"south": {"uv": [9, 10, 9.25, 10.25], "texture": "#201"},
				"west": {"uv": [10, 9, 10.25, 9.25], "texture": "#201"},
				"up": {"uv": [9.75, 10.25, 9.5, 10], "texture": "#201"},
				"down": {"uv": [10.25, 9.5, 10, 9.75], "texture": "#201"}
			}
		},
		{
			"from": [0.7, 6.6, 8.26],
			"to": [1.7, 6.7, 8.74],
			"rotation": {"angle": 0, "axis": "y", "origin": [6.64, 3.66, 8]},
			"faces": {
				"north": {"uv": [9.5, 1.5, 10, 1.75], "texture": "#201"},
				"east": {"uv": [8, 10, 8.25, 10.25], "texture": "#201"},
				"south": {"uv": [2, 9.5, 2.5, 9.75], "texture": "#201"},
				"west": {"uv": [10, 8, 10.25, 8.25], "texture": "#201"},
				"up": {"uv": [10, 2.25, 9.5, 2], "texture": "#201"},
				"down": {"uv": [3, 9.5, 2.5, 9.75], "texture": "#201"}
			}
		},
		{
			"from": [-2.9, 6.2, 8.12],
			"to": [1.9, 6.4, 8.88],
			"rotation": {"angle": 0, "axis": "y", "origin": [6.64, 3.66, 8]},
			"faces": {
				"north": {"uv": [0, 5, 2.5, 5.25], "texture": "#201"},
				"east": {"uv": [8.5, 8, 9, 8.25], "texture": "#201"},
				"south": {"uv": [5, 2, 7.5, 2.25], "texture": "#201"},
				"west": {"uv": [0, 9, 0.5, 9.25], "texture": "#201"},
				"up": {"uv": [2.5, 2.5, 0, 2], "texture": "#201"},
				"down": {"uv": [2.5, 2.5, 0, 3], "texture": "#201"}
			}
		},
		{
			"from": [-4.9, 5.2, 8.12],
			"to": [0.9, 6.2, 8.88],
			"rotation": {"angle": 0, "axis": "y", "origin": [6.64, 3.66, 8]},
			"faces": {
				"north": {"uv": [0, 0, 3, 0.5], "texture": "#201"},
				"east": {"uv": [3, 8, 3.5, 8.5], "texture": "#201"},
				"south": {"uv": [0, 0.5, 3, 1], "texture": "#201"},
				"west": {"uv": [3.5, 8, 4, 8.5], "texture": "#201"},
				"up": {"uv": [3, 1.5, 0, 1], "texture": "#201"},
				"down": {"uv": [3, 1.5, 0, 2], "texture": "#201"}
			}
		},
		{
			"from": [0.9, 5.2, 8.12],
			"to": [1.1, 5.4, 8.88],
			"rotation": {"angle": 0, "axis": "y", "origin": [6.64, 3.66, 8]},
			"faces": {
				"north": {"uv": [7.5, 10, 7.75, 10.25], "texture": "#201"},
				"east": {"uv": [8.5, 9, 9, 9.25], "texture": "#201"},
				"south": {"uv": [10, 7.5, 10.25, 7.75], "texture": "#201"},
				"west": {"uv": [9, 8.5, 9.5, 8.75], "texture": "#201"},
				"up": {"uv": [9.25, 9.5, 9, 9], "texture": "#201"},
				"down": {"uv": [0.25, 9.5, 0, 10], "texture": "#201"}
			}
		},
		{
			"from": [0.9, 5.4, 8.12],
			"to": [1.3, 5.6, 8.88],
			"rotation": {"angle": 0, "axis": "y", "origin": [6.64, 3.66, 8]},
			"faces": {
				"north": {"uv": [7, 10, 7.25, 10.25], "texture": "#201"},
				"east": {"uv": [7.5, 9, 8, 9.25], "texture": "#201"},
				"south": {"uv": [10, 7, 10.25, 7.25], "texture": "#201"},
				"west": {"uv": [9, 7.5, 9.5, 7.75], "texture": "#201"},
				"up": {"uv": [8.25, 9.5, 8, 9], "texture": "#201"},
				"down": {"uv": [9.25, 8, 9, 8.5], "texture": "#201"}
			}
		},
		{
			"from": [-2.3, 4.68, 8.12],
			"to": [-1.1, 5.2, 8.88],
			"rotation": {"angle": 0, "axis": "y", "origin": [6.64, 3.66, 8]},
			"faces": {
				"north": {"uv": [0.5, 9, 1, 9.25], "texture": "#201"},
				"east": {"uv": [1, 9, 1.5, 9.25], "texture": "#201"},
				"south": {"uv": [1.5, 9, 2, 9.25], "texture": "#201"},
				"west": {"uv": [2, 9, 2.5, 9.25], "texture": "#201"},
				"up": {"uv": [8.5, 1, 8, 0.5], "texture": "#201"},
				"down": {"uv": [8.5, 1, 8, 1.5], "texture": "#201"}
			}
		},
		{
			"from": [-1.1, 4.88, 8.12],
			"to": [-0.5, 5.2, 8.88],
			"rotation": {"angle": 0, "axis": "y", "origin": [6.64, 3.66, 8]},
			"faces": {
				"north": {"uv": [6.5, 10, 6.75, 10.25], "texture": "#201"},
				"east": {"uv": [9, 5.5, 9.5, 5.75], "texture": "#201"},
				"south": {"uv": [10, 6.5, 10.25, 6.75], "texture": "#201"},
				"west": {"uv": [6, 9, 6.5, 9.25], "texture": "#201"},
				"up": {"uv": [6.75, 9.5, 6.5, 9], "texture": "#201"},
				"down": {"uv": [7.25, 9, 7, 9.5], "texture": "#201"}
			}
		},
		{
			"from": [-4.9, 4.28, 8.12],
			"to": [-2.3, 5.2, 8.88],
			"rotation": {"angle": 0, "axis": "y", "origin": [6.64, 3.66, 8]},
			"faces": {
				"north": {"uv": [2.5, 5, 3.75, 5.5], "texture": "#201"},
				"east": {"uv": [1.5, 8, 2, 8.5], "texture": "#201"},
				"south": {"uv": [5, 2.5, 6.25, 3], "texture": "#201"},
				"west": {"uv": [8, 1.5, 8.5, 2], "texture": "#201"},
				"up": {"uv": [6.25, 3.5, 5, 3], "texture": "#201"},
				"down": {"uv": [5.25, 5, 4, 5.5], "texture": "#201"}
			}
		},
		{
			"from": [-2.3, 4.48, 8.12],
			"to": [-1.7, 4.68, 8.88],
			"rotation": {"angle": 0, "axis": "y", "origin": [6.64, 3.66, 8]},
			"faces": {
				"north": {"uv": [4.5, 10, 4.75, 10.25], "texture": "#201"},
				"east": {"uv": [4, 9, 4.5, 9.25], "texture": "#201"},
				"south": {"uv": [10, 4.5, 10.25, 4.75], "texture": "#201"},
				"west": {"uv": [4.5, 9, 5, 9.25], "texture": "#201"},
				"up": {"uv": [5.25, 9.5, 5, 9], "texture": "#201"},
				"down": {"uv": [5.75, 9, 5.5, 9.5], "texture": "#201"}
			}
		},
		{
			"from": [-4.82, 6.16, 8.26],
			"to": [-2.18, 6.4, 8.74],
			"rotation": {"angle": 0, "axis": "y", "origin": [6.64, 3.66, 8]},
			"faces": {
				"north": {"uv": [0, 7.5, 1.25, 7.75], "texture": "#201"},
				"east": {"uv": [4, 10, 4.25, 10.25], "texture": "#201"},
				"south": {"uv": [1.5, 7.5, 2.75, 7.75], "texture": "#201"},
				"west": {"uv": [10, 4, 10.25, 4.25], "texture": "#201"},
				"up": {"uv": [8.75, 2.25, 7.5, 2], "texture": "#201"},
				"down": {"uv": [8.75, 2.5, 7.5, 2.75], "texture": "#201"}
			}
		},
		{
			"from": [-4.9, 3.88, 8.12],
			"to": [-3.3, 4.28, 8.88],
			"rotation": {"angle": 0, "axis": "y", "origin": [6.64, 3.66, 8]},
			"faces": {
				"north": {"uv": [8.5, 1, 9.25, 1.25], "texture": "#201"},
				"east": {"uv": [9, 2, 9.5, 2.25], "texture": "#201"},
				"south": {"uv": [8.5, 1.5, 9.25, 1.75], "texture": "#201"},
				"west": {"uv": [2.5, 9, 3, 9.25], "texture": "#201"},
				"up": {"uv": [2.75, 7.5, 2, 7], "texture": "#201"},
				"down": {"uv": [3.75, 7, 3, 7.5], "texture": "#201"}
			}
		},
		{
			"from": [-3.3, 4.08, 8.14],
			"to": [-2.9, 4.28, 8.86],
			"rotation": {"angle": 0, "axis": "y", "origin": [6.64, 3.66, 8]},
			"faces": {
				"north": {"uv": [5, 10, 5.25, 10.25], "texture": "#201"},
				"east": {"uv": [10, 5, 10.25, 5.25], "texture": "#201"},
				"south": {"uv": [5.5, 10, 5.75, 10.25], "texture": "#201"},
				"west": {"uv": [10, 5.5, 10.25, 5.75], "texture": "#201"},
				"up": {"uv": [6.25, 10.25, 6, 10], "texture": "#201"},
				"down": {"uv": [10.25, 6, 10, 6.25], "texture": "#201"}
			}
		},
		{
			"from": [-4.7, 3.68, 8.12],
			"to": [-3.9, 3.88, 8.88],
			"rotation": {"angle": 0, "axis": "y", "origin": [6.64, 3.66, 8]},
			"faces": {
				"north": {"uv": [9, 2.5, 9.5, 2.75], "texture": "#201"},
				"east": {"uv": [3, 9, 3.5, 9.25], "texture": "#201"},
				"south": {"uv": [9, 3, 9.5, 3.25], "texture": "#201"},
				"west": {"uv": [3.5, 9, 4, 9.25], "texture": "#201"},
				"up": {"uv": [2.5, 8.5, 2, 8], "texture": "#201"},
				"down": {"uv": [3, 8, 2.5, 8.5], "texture": "#201"}
			}
		},
		{
			"from": [16.18, 6.6, 8.22],
			"to": [16.8, 7.6, 8.78],
			"rotation": {"angle": 0, "axis": "y", "origin": [6.64, 3.66, 8]},
			"faces": {
				"north": {"uv": [1, 10, 1.25, 10.5], "texture": "#201"},
				"east": {"uv": [10, 1, 10.25, 1.5], "texture": "#201"},
				"south": {"uv": [1.5, 10, 1.75, 10.5], "texture": "#201"},
				"west": {"uv": [10, 1.5, 10.25, 2], "texture": "#201"},
				"up": {"uv": [11.75, 7.25, 11.5, 7], "texture": "#201"},
				"down": {"uv": [7.75, 11.5, 7.5, 11.75], "texture": "#201"}
			}
		},
		{
			"from": [15.04, 6.72, 8.22],
			"to": [16.18, 7.6, 8.78],
			"rotation": {"angle": 0, "axis": "y", "origin": [6.64, 3.66, 8]},
			"faces": {
				"north": {"uv": [7, 8, 7.5, 8.5], "texture": "#201"},
				"east": {"uv": [2, 10, 2.25, 10.5], "texture": "#201"},
				"south": {"uv": [8, 7, 8.5, 7.5], "texture": "#201"},
				"west": {"uv": [10, 2, 10.25, 2.5], "texture": "#201"},
				"up": {"uv": [3, 10.25, 2.5, 10], "texture": "#201"},
				"down": {"uv": [10.5, 2.5, 10, 2.75], "texture": "#201"}
			}
		},
		{
			"from": [2.1, 7.6, 8.34],
			"to": [2.82, 7.8, 8.66],
			"rotation": {"angle": 0, "axis": "y", "origin": [6.64, 3.66, 8]},
			"faces": {
				"north": {"uv": [6.5, 11, 6.75, 11.25], "texture": "#201"},
				"east": {"uv": [11, 6.5, 11.25, 6.75], "texture": "#201"},
				"south": {"uv": [7, 11, 7.25, 11.25], "texture": "#201"},
				"west": {"uv": [11, 7, 11.25, 7.25], "texture": "#201"},
				"up": {"uv": [7.75, 11.25, 7.5, 11], "texture": "#201"},
				"down": {"uv": [11.25, 7.5, 11, 7.75], "texture": "#201"}
			}
		},
		{
			"from": [1.92, 7.4, 8.26],
			"to": [2.1, 7.8, 8.74],
			"rotation": {"angle": 0, "axis": "y", "origin": [6.64, 3.66, 8]},
			"faces": {
				"north": {"uv": [5, 11, 5.25, 11.25], "texture": "#201"},
				"east": {"uv": [11, 5, 11.25, 5.25], "texture": "#201"},
				"south": {"uv": [5.5, 11, 5.75, 11.25], "texture": "#201"},
				"west": {"uv": [11, 5.5, 11.25, 5.75], "texture": "#201"},
				"up": {"uv": [6.25, 11.25, 6, 11], "texture": "#201"},
				"down": {"uv": [11.25, 6, 11, 6.25], "texture": "#201"}
			}
		},
		{
			"from": [2.1, 7.4, 8.26],
			"to": [7.7, 7.6, 8.74],
			"rotation": {"angle": 0, "axis": "y", "origin": [6.64, 3.66, 8]},
			"faces": {
				"north": {"uv": [3, 4, 5.75, 4.25], "texture": "#201"},
				"east": {"uv": [3, 10, 3.25, 10.25], "texture": "#201"},
				"south": {"uv": [4, 3.5, 6.75, 3.75], "texture": "#201"},
				"west": {"uv": [10, 3, 10.25, 3.25], "texture": "#201"},
				"up": {"uv": [2.75, 4.75, 0, 4.5], "texture": "#201"},
				"down": {"uv": [5.75, 4.5, 3, 4.75], "texture": "#201"}
			}
		},
		{
			"from": [2.82, 7.6, 8.42],
			"to": [3.48, 7.76, 8.58],
			"rotation": {"angle": 0, "axis": "y", "origin": [6.64, 3.66, 8]},
			"faces": {
				"north": {"uv": [8, 11, 8.25, 11.25], "texture": "#201"},
				"east": {"uv": [11, 8, 11.25, 8.25], "texture": "#201"},
				"south": {"uv": [8.5, 11, 8.75, 11.25], "texture": "#201"},
				"west": {"uv": [11, 8.5, 11.25, 8.75], "texture": "#201"},
				"up": {"uv": [9.25, 11.25, 9, 11], "texture": "#201"},
				"down": {"uv": [11.25, 9, 11, 9.25], "texture": "#201"}
			}
		},
		{
			"from": [3.48, 7.6, 8.34],
			"to": [5.9, 7.8, 8.66],
			"rotation": {"angle": 0, "axis": "y", "origin": [6.64, 3.66, 8]},
			"faces": {
				"north": {"uv": [6, 7.5, 7.25, 7.75], "texture": "#201"},
				"east": {"uv": [10.5, 3, 10.75, 3.25], "texture": "#201"},
				"south": {"uv": [7.5, 7.5, 8.75, 7.75], "texture": "#201"},
				"west": {"uv": [3.5, 10.5, 3.75, 10.75], "texture": "#201"},
				"up": {"uv": [1.25, 8.25, 0, 8], "texture": "#201"},
				"down": {"uv": [9.25, 0, 8, 0.25], "texture": "#201"}
			}
		},
		{
			"from": [2.18, 7.7, 9.02],
			"to": [2.42, 7.98, 9.36],
			"rotation": {"angle": 0, "axis": "y", "origin": [6.64, 3.66, 8]},
			"faces": {
				"north": {"uv": [11, 11, 11.25, 11.25], "texture": "#201"},
				"east": {"uv": [0, 11.5, 0.25, 11.75], "texture": "#201"},
				"south": {"uv": [11.5, 0, 11.75, 0.25], "texture": "#201"},
				"west": {"uv": [0.5, 11.5, 0.75, 11.75], "texture": "#201"},
				"up": {"uv": [11.75, 0.75, 11.5, 0.5], "texture": "#201"},
				"down": {"uv": [1.25, 11.5, 1, 11.75], "texture": "#201"}
			}
		},
		{
			"from": [2.2, 7.04, 10.06],
			"to": [2.4, 7.16, 10.62],
			"rotation": {"angle": -22.5, "axis": "x", "origin": [6.64, 3.66, 8]},
			"faces": {
				"north": {"uv": [9.5, 11, 9.75, 11.25], "texture": "#201"},
				"east": {"uv": [11, 9.5, 11.25, 9.75], "texture": "#201"},
				"south": {"uv": [10, 11, 10.25, 11.25], "texture": "#201"},
				"west": {"uv": [11, 10, 11.25, 10.25], "texture": "#201"},
				"up": {"uv": [10.75, 11.25, 10.5, 11], "texture": "#201"},
				"down": {"uv": [11.25, 10.5, 11, 10.75], "texture": "#201"}
			}
		},
		{
			"from": [7.4, 7.62, 8.26],
			"to": [7.7, 7.8, 8.74],
			"rotation": {"angle": 0, "axis": "y", "origin": [6.64, 3.66, 8]},
			"faces": {
				"north": {"uv": [10.5, 4.5, 10.75, 4.75], "texture": "#201"},
				"east": {"uv": [5, 10.5, 5.25, 10.75], "texture": "#201"},
				"south": {"uv": [10.5, 5, 10.75, 5.25], "texture": "#201"},
				"west": {"uv": [5.5, 10.5, 5.75, 10.75], "texture": "#201"},
				"up": {"uv": [10.75, 5.75, 10.5, 5.5], "texture": "#201"},
				"down": {"uv": [6.25, 10.5, 6, 10.75], "texture": "#201"}
			}
		},
		{
			"from": [7.7, 7.4, 8.1],
			"to": [8.14, 7.8, 8.9],
			"rotation": {"angle": 0, "axis": "y", "origin": [6.64, 3.66, 8]},
			"faces": {
				"north": {"uv": [10.5, 3.5, 10.75, 3.75], "texture": "#201"},
				"east": {"uv": [9.5, 6.5, 10, 6.75], "texture": "#201"},
				"south": {"uv": [4, 10.5, 4.25, 10.75], "texture": "#201"},
				"west": {"uv": [7, 9.5, 7.5, 9.75], "texture": "#201"},
				"up": {"uv": [9.75, 7.5, 9.5, 7], "texture": "#201"},
				"down": {"uv": [7.75, 9.5, 7.5, 10], "texture": "#201"}
			}
		},
		{
			"from": [8.14, 7.2, 8.22],
			"to": [9.3, 7.8, 8.78],
			"rotation": {"angle": 0, "axis": "y", "origin": [6.64, 3.66, 8]},
			"faces": {
				"north": {"uv": [9.5, 7.5, 10, 7.75], "texture": "#201"},
				"east": {"uv": [10.5, 4, 10.75, 4.25], "texture": "#201"},
				"south": {"uv": [8, 9.5, 8.5, 9.75], "texture": "#201"},
				"west": {"uv": [4.5, 10.5, 4.75, 10.75], "texture": "#201"},
				"up": {"uv": [10, 8.25, 9.5, 8], "texture": "#201"},
				"down": {"uv": [9, 9.5, 8.5, 9.75], "texture": "#201"}
			}
		},
		{
			"from": [2.1, 5.4, 8.42],
			"to": [2.3, 6, 8.62],
			"rotation": {"angle": 0, "axis": "y", "origin": [6.64, 3.66, 8]},
			"faces": {
				"north": {"uv": [10.5, 8, 10.75, 8.25], "texture": "#201"},
				"east": {"uv": [8.5, 10.5, 8.75, 10.75], "texture": "#201"},
				"south": {"uv": [10.5, 8.5, 10.75, 8.75], "texture": "#201"},
				"west": {"uv": [9, 10.5, 9.25, 10.75], "texture": "#201"},
				"up": {"uv": [10.75, 9.25, 10.5, 9], "texture": "#201"},
				"down": {"uv": [9.75, 10.5, 9.5, 10.75], "texture": "#201"}
			}
		},
		{
			"from": [2.3, 5.32, 8.42],
			"to": [3.16, 5.54, 8.62],
			"rotation": {"angle": 0, "axis": "y", "origin": [6.64, 3.66, 8]},
			"faces": {
				"north": {"uv": [9.5, 8.5, 10, 8.75], "texture": "#201"},
				"east": {"uv": [10.5, 7.5, 10.75, 7.75], "texture": "#201"},
				"south": {"uv": [9, 9.5, 9.5, 9.75], "texture": "#201"},
				"west": {"uv": [8, 10.5, 8.25, 10.75], "texture": "#201"},
				"up": {"uv": [10, 9.25, 9.5, 9], "texture": "#201"},
				"down": {"uv": [10, 9.5, 9.5, 9.75], "texture": "#201"}
			}
		},
		{
			"from": [3.16, 5.4, 8.42],
			"to": [3.36, 6, 8.62],
			"rotation": {"angle": 0, "axis": "y", "origin": [6.64, 3.66, 8]},
			"faces": {
				"north": {"uv": [10.5, 6, 10.75, 6.25], "texture": "#201"},
				"east": {"uv": [6.5, 10.5, 6.75, 10.75], "texture": "#201"},
				"south": {"uv": [10.5, 6.5, 10.75, 6.75], "texture": "#201"},
				"west": {"uv": [7, 10.5, 7.25, 10.75], "texture": "#201"},
				"up": {"uv": [10.75, 7.25, 10.5, 7], "texture": "#201"},
				"down": {"uv": [7.75, 10.5, 7.5, 10.75], "texture": "#201"}
			}
		},
		{
			"from": [2.96, 5.8, 8.48],
			"to": [3.16, 6, 8.56],
			"rotation": {"angle": 0, "axis": "y", "origin": [6.64, 3.66, 8]},
			"faces": {
				"north": {"uv": [3.5, 11, 3.75, 11.25], "texture": "#201"},
				"east": {"uv": [11, 3.5, 11.25, 3.75], "texture": "#201"},
				"south": {"uv": [4, 11, 4.25, 11.25], "texture": "#201"},
				"west": {"uv": [11, 4, 11.25, 4.25], "texture": "#201"},
				"up": {"uv": [4.75, 11.25, 4.5, 11], "texture": "#201"},
				"down": {"uv": [11.25, 4.5, 11, 4.75], "texture": "#201"}
			}
		},
		{
			"from": [2.38, 5.8, 8.48],
			"to": [2.78, 6, 8.56],
			"rotation": {"angle": 0, "axis": "y", "origin": [6.64, 3.66, 8]},
			"faces": {
				"north": {"uv": [0.5, 11, 0.75, 11.25], "texture": "#201"},
				"east": {"uv": [11, 0.5, 11.25, 0.75], "texture": "#201"},
				"south": {"uv": [1, 11, 1.25, 11.25], "texture": "#201"},
				"west": {"uv": [11, 1, 11.25, 1.25], "texture": "#201"},
				"up": {"uv": [1.75, 11.25, 1.5, 11], "texture": "#201"},
				"down": {"uv": [11.25, 1.5, 11, 1.75], "texture": "#201"}
			}
		},
		{
			"from": [2.38, 5.6, 8.48],
			"to": [2.58, 5.8, 8.56],
			"rotation": {"angle": 0, "axis": "y", "origin": [6.64, 3.66, 8]},
			"faces": {
				"north": {"uv": [2, 11, 2.25, 11.25], "texture": "#201"},
				"east": {"uv": [11, 2, 11.25, 2.25], "texture": "#201"},
				"south": {"uv": [2.5, 11, 2.75, 11.25], "texture": "#201"},
				"west": {"uv": [11, 2.5, 11.25, 2.75], "texture": "#201"},
				"up": {"uv": [3.25, 11.25, 3, 11], "texture": "#201"},
				"down": {"uv": [11.25, 3, 11, 3.25], "texture": "#201"}
			}
		},
		{
			"from": [16.8, 7.2, 8.38],
			"to": [19.74, 7.54, 8.62],
			"rotation": {"angle": 0, "axis": "y", "origin": [6.64, 3.66, 8]},
			"faces": {
				"north": {"uv": [7, 3.5, 8.5, 3.75], "texture": "#201"},
				"east": {"uv": [10.5, 0.5, 10.75, 0.75], "texture": "#201"},
				"south": {"uv": [4, 7, 5.5, 7.25], "texture": "#201"},
				"west": {"uv": [1, 10.5, 1.25, 10.75], "texture": "#201"},
				"up": {"uv": [8.5, 4.25, 7, 4], "texture": "#201"},
				"down": {"uv": [8.5, 4.5, 7, 4.75], "texture": "#201"}
			}
		},
		{
			"from": [19.3, 7.54, 8.44],
			"to": [19.5, 7.78, 8.56],
			"rotation": {"angle": 0, "axis": "y", "origin": [6.64, 3.66, 8]},
			"faces": {
				"north": {"uv": [10.5, 1, 10.75, 1.25], "texture": "#201"},
				"east": {"uv": [1.5, 10.5, 1.75, 10.75], "texture": "#201"},
				"south": {"uv": [10.5, 1.5, 10.75, 1.75], "texture": "#201"},
				"west": {"uv": [2, 10.5, 2.25, 10.75], "texture": "#201"},
				"up": {"uv": [10.75, 2.25, 10.5, 2], "texture": "#201"},
				"down": {"uv": [2.75, 10.5, 2.5, 10.75], "texture": "#201"}
			}
		},
		{
			"from": [16.8, 6.88, 8.38],
			"to": [19.1, 7.04, 8.62],
			"rotation": {"angle": 0, "axis": "y", "origin": [6.64, 3.66, 8]},
			"faces": {
				"north": {"uv": [3, 7.5, 4.25, 7.75], "texture": "#201"},
				"east": {"uv": [10.5, 2.5, 10.75, 2.75], "texture": "#201"},
				"south": {"uv": [7.5, 3, 8.75, 3.25], "texture": "#201"},
				"west": {"uv": [3, 10.5, 3.25, 10.75], "texture": "#201"},
				"up": {"uv": [5.75, 7.75, 4.5, 7.5], "texture": "#201"},
				"down": {"uv": [8.75, 5.5, 7.5, 5.75], "texture": "#201"}
			}
		},
		{
			"from": [19.74, 7.2, 8.38],
			"to": [19.98, 7.54, 8.46],
			"rotation": {"angle": 0, "axis": "y", "origin": [6.64, 3.66, 8]},
			"faces": {
				"north": {"uv": [11.5, 1, 11.75, 1.25], "texture": "#201"},
				"east": {"uv": [1.5, 11.5, 1.75, 11.75], "texture": "#201"},
				"south": {"uv": [11.5, 1.5, 11.75, 1.75], "texture": "#201"},
				"west": {"uv": [2, 11.5, 2.25, 11.75], "texture": "#201"},
				"up": {"uv": [11.75, 2.25, 11.5, 2], "texture": "#201"},
				"down": {"uv": [2.75, 11.5, 2.5, 11.75], "texture": "#201"}
			}
		},
		{
			"from": [19.74, 7.3, 8.54],
			"to": [19.98, 7.54, 8.62],
			"rotation": {"angle": 0, "axis": "y", "origin": [6.64, 3.66, 8]},
			"faces": {
				"north": {"uv": [11.5, 2.5, 11.75, 2.75], "texture": "#201"},
				"east": {"uv": [3, 11.5, 3.25, 11.75], "texture": "#201"},
				"south": {"uv": [11.5, 3, 11.75, 3.25], "texture": "#201"},
				"west": {"uv": [3.5, 11.5, 3.75, 11.75], "texture": "#201"},
				"up": {"uv": [11.75, 3.75, 11.5, 3.5], "texture": "#201"},
				"down": {"uv": [4.25, 11.5, 4, 11.75], "texture": "#201"}
			}
		},
		{
			"from": [19.74, 7.3, 8.46],
			"to": [19.98, 7.38, 8.54],
			"rotation": {"angle": 0, "axis": "y", "origin": [6.64, 3.66, 8]},
			"faces": {
				"north": {"uv": [11.5, 4, 11.75, 4.25], "texture": "#201"},
				"east": {"uv": [4.5, 11.5, 4.75, 11.75], "texture": "#201"},
				"south": {"uv": [11.5, 4.5, 11.75, 4.75], "texture": "#201"},
				"west": {"uv": [5, 11.5, 5.25, 11.75], "texture": "#201"},
				"up": {"uv": [11.75, 5.25, 11.5, 5], "texture": "#201"},
				"down": {"uv": [5.75, 11.5, 5.5, 11.75], "texture": "#201"}
			}
		},
		{
			"from": [19.74, 7.46, 8.46],
			"to": [19.98, 7.54, 8.54],
			"rotation": {"angle": 0, "axis": "y", "origin": [6.64, 3.66, 8]},
			"faces": {
				"north": {"uv": [11.5, 5.5, 11.75, 5.75], "texture": "#201"},
				"east": {"uv": [6, 11.5, 6.25, 11.75], "texture": "#201"},
				"south": {"uv": [11.5, 6, 11.75, 6.25], "texture": "#201"},
				"west": {"uv": [6.5, 11.5, 6.75, 11.75], "texture": "#201"},
				"up": {"uv": [11.75, 6.75, 11.5, 6.5], "texture": "#201"},
				"down": {"uv": [7.25, 11.5, 7, 11.75], "texture": "#201"}
			}
		}
	],
	"gui_light": "front",
	"display": {
		"thirdperson_righthand": {
			"rotation": [-112.5, 84, -165],
			"translation": [-3, 5, 1.75]
		},
		"thirdperson_lefthand": {
			"rotation": [-86, -96, -165],
			"translation": [-1.75, 5.25, 1.5]
		},
		"firstperson_righthand": {
			"rotation": [1, 88, -2],
			"translation": [-0.5, 4.5, -1],
			"scale": [0.8, 0.8, 0.8]
		},
		"firstperson_lefthand": {
			"rotation": [11, -91, 11],
			"translation": [-0.5, 5, -1],
			"scale": [0.8, 0.8, 0.8]
		},
		"ground": {
			"translation": [-0.25, 2, 0],
			"scale": [0.9, 0.9, 0.9]
		},
		"gui": {
			"rotation": [0, 0, 37],
			"translation": [-0.25, 1.75, 0],
			"scale": [0.81, 0.9, 1]
		},
		"head": {
			"rotation": [0, 90, 0],
			"translation": [-0.5, 10, -1.75]
		},
		"fixed": {
			"rotation": [0, -180, 36],
			"translation": [0.5, 2.25, -0.25]
		}
	},
	"groups": [
		{
			"name": "彈藥包",
			"origin": [0, 0, 0],
			"color": 0,
			"children": [0, 1, 2, 3, 4, 5, 6, 7, 8]
		},
		{
			"name": "group",
			"origin": [-8, -8, -8],
			"color": 0,
			"children": [
				{
					"name": "槍身",
					"origin": [-8, -8, -8],
					"color": 0,
					"children": [9, 10, 11, 12, 13, 14, 15, 16, 17, 18, 19, 20, 21, 22, 23, 24, 25, 26, 27, 28, 29, 30, 31, 32, 33, 34, 35, 36, 37]
				},
				{
					"name": "照門、滑套",
					"origin": [-8, -8, -8],
					"color": 0,
					"children": [38, 39, 40, 41, 42, 43, 44, 45, 46, 47]
				},
				{
					"name": "板機",
					"origin": [-8, -8, -8],
					"color": 0,
					"children": [48, 49, 50, 51, 52, 53]
				},
				{
					"name": "槍管",
					"origin": [-8, -8, -8],
					"color": 0,
					"children": [54, 55, 56, 57, 58, 59, 60]
				}
			]
		}
	]
}