{
	"credit": "Made with Blockbench",
	"parent": "item/handheld_rod",
	"texture_size": [32, 32],
	"textures": {
		"layer0": "cmd/izana_copper_coin"
	},
	"gui_light": "front",
	"display": {
		"thirdperson_righthand": {
			"rotation": [0, 90, -45],
			"translation": [0, 1, -0.2],
			"scale": [0.3, 0.3, 0.3]
		},
		"thirdperson_lefthand": {
			"rotation": [0, 90, -45],
			"translation": [0, 1, -0.2],
			"scale": [0.3, 0.3, 0.3]
		},
		"firstperson_righthand": {
			"rotation": [26, -83, 14],
			"translation": [5.25, 0, -1.25],
			"scale": [0.5, 0.5, 0.5]
		},
		"firstperson_lefthand": {
			"rotation": [26, -83, 14],
			"translation": [5.25, 0, -1.25],
			"scale": [0.5, 0.5, 0.5]
		},
		"ground": {
			"translation": [0, 3.5, 0],
			"scale": [0.7, 0.7, 0.7]
		},
		"gui": {
			"translation": [0, -0.5, 0]
		},
		"head": {
			"translation": [0, 5.25, 0]
		},
		"fixed": {
			"translation": [0, -0.45, 0]
		}
	}
}