{
	"credit": "Made with Blockbench",
	"texture_size": [32, 32],
	"textures": {
		"202": "cmd/izana_heavygun",
		"particle": "izana_heavygun"
	},
	"elements": [
		{
			"from": [7.52, 9.24, 2.12],
			"to": [8.48, 10.2, 12.92],
			"rotation": {"angle": 0, "axis": "y", "origin": [-1, 8.16, -1.6]},
			"faces": {
				"north": {"uv": [6, 0, 6.5, 0.5], "texture": "#202"},
				"east": {"uv": [0, 0, 4.5, 0.5], "texture": "#202"},
				"south": {"uv": [6, 0.5, 6.5, 1], "texture": "#202"},
				"west": {"uv": [0, 0.5, 4.5, 1], "texture": "#202"},
				"up": {"uv": [0.5, 5.5, 0, 1], "texture": "#202"},
				"down": {"uv": [1, 1, 0.5, 5.5], "texture": "#202"}
			}
		},
		{
			"from": [7.64, 8.88, 2.12],
			"to": [8.36, 9.24, 12.44],
			"rotation": {"angle": 0, "axis": "y", "origin": [-1, 8.16, -1.6]},
			"faces": {
				"north": {"uv": [1.5, 8, 1.75, 8.25], "texture": "#202"},
				"east": {"uv": [2, 2, 6.25, 2.25], "texture": "#202"},
				"south": {"uv": [8, 1.5, 8.25, 1.75], "texture": "#202"},
				"west": {"uv": [2, 2.5, 6.25, 2.75], "texture": "#202"},
				"up": {"uv": [2.25, 7.25, 2, 3], "texture": "#202"},
				"down": {"uv": [2.75, 3, 2.5, 7.25], "texture": "#202"}
			}
		},
		{
			"from": [7.64, 10.2, 2.12],
			"to": [8.36, 10.44, 12.92],
			"rotation": {"angle": 0, "axis": "y", "origin": [-1, 8.16, -1.6]},
			"faces": {
				"north": {"uv": [1, 8, 1.25, 8.25], "texture": "#202"},
				"east": {"uv": [1, 1, 5.5, 1.25], "texture": "#202"},
				"south": {"uv": [8, 1, 8.25, 1.25], "texture": "#202"},
				"west": {"uv": [1, 1.5, 5.5, 1.75], "texture": "#202"},
				"up": {"uv": [1.25, 6.5, 1, 2], "texture": "#202"},
				"down": {"uv": [1.75, 2, 1.5, 6.5], "texture": "#202"}
			}
		},
		{
			"from": [7.64, 10.44, 2.72],
			"to": [8.36, 10.66, 4.64],
			"rotation": {"angle": 0, "axis": "y", "origin": [-1, 8.16, -1.6]},
			"faces": {
				"north": {"uv": [2.5, 8, 2.75, 8.25], "texture": "#202"},
				"east": {"uv": [4, 7, 4.75, 7.25], "texture": "#202"},
				"south": {"uv": [8, 2.5, 8.25, 2.75], "texture": "#202"},
				"west": {"uv": [7, 4.5, 7.75, 4.75], "texture": "#202"},
				"up": {"uv": [5.25, 7.75, 5, 7], "texture": "#202"},
				"down": {"uv": [7.25, 5, 7, 5.75], "texture": "#202"}
			}
		},
		{
			"from": [7.64, 10.44, 11.6],
			"to": [8.36, 10.56, 12.44],
			"rotation": {"angle": 0, "axis": "y", "origin": [-1, 8.16, -1.6]},
			"faces": {
				"north": {"uv": [7.5, 4, 7.75, 4.25], "texture": "#202"},
				"east": {"uv": [4.5, 7.5, 4.75, 7.75], "texture": "#202"},
				"south": {"uv": [7.5, 5, 7.75, 5.25], "texture": "#202"},
				"west": {"uv": [5.5, 7.5, 5.75, 7.75], "texture": "#202"},
				"up": {"uv": [7.75, 5.75, 7.5, 5.5], "texture": "#202"},
				"down": {"uv": [6.25, 7.5, 6, 7.75], "texture": "#202"}
			}
		},
		{
			"from": [7.64, 10.44, 10.4],
			"to": [8.36, 10.56, 11.24],
			"rotation": {"angle": 0, "axis": "y", "origin": [-1, 8.16, -1.6]},
			"faces": {
				"north": {"uv": [6, 8, 6.25, 8.25], "texture": "#202"},
				"east": {"uv": [8, 6, 8.25, 6.25], "texture": "#202"},
				"south": {"uv": [6.5, 8, 6.75, 8.25], "texture": "#202"},
				"west": {"uv": [8, 6.5, 8.25, 6.75], "texture": "#202"},
				"up": {"uv": [7.25, 8.25, 7, 8], "texture": "#202"},
				"down": {"uv": [8.25, 7, 8, 7.25], "texture": "#202"}
			}
		},
		{
			"from": [7.64, 10.44, 8.6],
			"to": [8.36, 10.56, 10.04],
			"rotation": {"angle": 0, "axis": "y", "origin": [-1, 8.16, -1.6]},
			"faces": {
				"north": {"uv": [7.5, 8, 7.75, 8.25], "texture": "#202"},
				"east": {"uv": [1.5, 7.5, 2, 7.75], "texture": "#202"},
				"south": {"uv": [8, 7.5, 8.25, 7.75], "texture": "#202"},
				"west": {"uv": [2, 7.5, 2.5, 7.75], "texture": "#202"},
				"up": {"uv": [7.75, 2.5, 7.5, 2], "texture": "#202"},
				"down": {"uv": [2.75, 7.5, 2.5, 8], "texture": "#202"}
			}
		},
		{
			"from": [7.74, 10.44, 5],
			"to": [8.26, 10.66, 8.24],
			"rotation": {"angle": 0, "axis": "y", "origin": [-1, 8.16, -1.6]},
			"faces": {
				"north": {"uv": [8, 8, 8.25, 8.25], "texture": "#202"},
				"east": {"uv": [5.5, 1, 6.75, 1.25], "texture": "#202"},
				"south": {"uv": [0, 8.5, 0.25, 8.75], "texture": "#202"},
				"west": {"uv": [5.5, 1.5, 6.75, 1.75], "texture": "#202"},
				"up": {"uv": [3.25, 7.25, 3, 6], "texture": "#202"},
				"down": {"uv": [6.25, 3, 6, 4.25], "texture": "#202"}
			}
		},
		{
			"from": [8.12, 10.66, 3.92],
			"to": [8.24, 11.02, 4.16],
			"rotation": {"angle": 0, "axis": "y", "origin": [-1, 8.16, -1.6]},
			"faces": {
				"north": {"uv": [3, 8, 3.25, 8.25], "texture": "#202"},
				"east": {"uv": [8, 3, 8.25, 3.25], "texture": "#202"},
				"south": {"uv": [3.5, 8, 3.75, 8.25], "texture": "#202"},
				"west": {"uv": [8, 3.5, 8.25, 3.75], "texture": "#202"},
				"up": {"uv": [4.25, 8.25, 4, 8], "texture": "#202"},
				"down": {"uv": [8.25, 4, 8, 4.25], "texture": "#202"}
			}
		},
		{
			"from": [7.76, 10.66, 3.92],
			"to": [7.88, 11.02, 4.16],
			"rotation": {"angle": 0, "axis": "y", "origin": [-1, 8.16, -1.6]},
			"faces": {
				"north": {"uv": [4.5, 8, 4.75, 8.25], "texture": "#202"},
				"east": {"uv": [8, 4.5, 8.25, 4.75], "texture": "#202"},
				"south": {"uv": [5, 8, 5.25, 8.25], "texture": "#202"},
				"west": {"uv": [8, 5, 8.25, 5.25], "texture": "#202"},
				"up": {"uv": [5.75, 8.25, 5.5, 8], "texture": "#202"},
				"down": {"uv": [8.25, 5.5, 8, 5.75], "texture": "#202"}
			}
		},
		{
			"from": [7.64, 9.36, 12.92],
			"to": [8.36, 10.32, 15.92],
			"rotation": {"angle": 0, "axis": "y", "origin": [-1, 8.16, -1.6]},
			"faces": {
				"north": {"uv": [7.5, 0.5, 7.75, 1], "texture": "#202"},
				"east": {"uv": [4.5, 0, 5.75, 0.5], "texture": "#202"},
				"south": {"uv": [7.5, 1, 7.75, 1.5], "texture": "#202"},
				"west": {"uv": [4.5, 0.5, 5.75, 1], "texture": "#202"},
				"up": {"uv": [5.25, 6.75, 5, 5.5], "texture": "#202"},
				"down": {"uv": [5.75, 5.5, 5.5, 6.75], "texture": "#202"}
			}
		},
		{
			"from": [7.76, 9.72, 15.92],
			"to": [8.24, 10.2, 17.84],
			"rotation": {"angle": 0, "axis": "y", "origin": [-1, 8.16, -1.6]},
			"faces": {
				"north": {"uv": [2, 8, 2.25, 8.25], "texture": "#202"},
				"east": {"uv": [7, 1.5, 7.75, 1.75], "texture": "#202"},
				"south": {"uv": [8, 2, 8.25, 2.25], "texture": "#202"},
				"west": {"uv": [7, 3, 7.75, 3.25], "texture": "#202"},
				"up": {"uv": [3.75, 7.75, 3.5, 7], "texture": "#202"},
				"down": {"uv": [7.25, 3.5, 7, 4.25], "texture": "#202"}
			}
		},
		{
			"from": [7.88, 9.84, 17.84],
			"to": [8.12, 10.08, 19.16],
			"rotation": {"angle": 0, "axis": "y", "origin": [-1, 8.16, -1.6]},
			"faces": {
				"north": {"uv": [8.5, 3.5, 8.75, 3.75], "texture": "#202"},
				"east": {"uv": [7.5, 2.5, 8, 2.75], "texture": "#202"},
				"south": {"uv": [4, 8.5, 4.25, 8.75], "texture": "#202"},
				"west": {"uv": [3, 7.5, 3.5, 7.75], "texture": "#202"},
				"up": {"uv": [7.75, 4, 7.5, 3.5], "texture": "#202"},
				"down": {"uv": [4.25, 7.5, 4, 8], "texture": "#202"}
			}
		},
		{
			"from": [7.94, 10.2, 16.76],
			"to": [8.06, 10.68, 17],
			"rotation": {"angle": 0, "axis": "y", "origin": [-1, 8.16, -1.6]},
			"faces": {
				"north": {"uv": [8.5, 2, 8.75, 2.25], "texture": "#202"},
				"east": {"uv": [2.5, 8.5, 2.75, 8.75], "texture": "#202"},
				"south": {"uv": [8.5, 2.5, 8.75, 2.75], "texture": "#202"},
				"west": {"uv": [3, 8.5, 3.25, 8.75], "texture": "#202"},
				"up": {"uv": [8.75, 3.25, 8.5, 3], "texture": "#202"},
				"down": {"uv": [3.75, 8.5, 3.5, 8.75], "texture": "#202"}
			}
		},
		{
			"from": [7.76, 2.16, 6.92],
			"to": [8.24, 5.76, 8],
			"rotation": {"angle": -22.5, "axis": "x", "origin": [-1, 8.16, -1.6]},
			"faces": {
				"north": {"uv": [0.5, 5.5, 0.75, 7], "texture": "#202"},
				"east": {"uv": [3, 3, 3.5, 4.5], "texture": "#202"},
				"south": {"uv": [5.5, 3.5, 5.75, 5], "texture": "#202"},
				"west": {"uv": [3.5, 3, 4, 4.5], "texture": "#202"},
				"up": {"uv": [5.75, 7.5, 5.5, 7], "texture": "#202"},
				"down": {"uv": [6.25, 7, 6, 7.5], "texture": "#202"}
			}
		},
		{
			"from": [7.76, 8.16, 3.32],
			"to": [8.24, 11.76, 4.4],
			"rotation": {"angle": 22.5, "axis": "x", "origin": [-1, 8.16, -1.6]},
			"faces": {
				"north": {"uv": [4, 5.5, 4.25, 7], "texture": "#202"},
				"east": {"uv": [4, 3, 4.5, 4.5], "texture": "#202"},
				"south": {"uv": [4.5, 5.5, 4.75, 7], "texture": "#202"},
				"west": {"uv": [3, 4.5, 3.5, 6], "texture": "#202"},
				"up": {"uv": [7.25, 6.5, 7, 6], "texture": "#202"},
				"down": {"uv": [6.75, 7, 6.5, 7.5], "texture": "#202"}
			}
		},
		{
			"from": [7.76, 7.74, 4.4],
			"to": [8.24, 7.98, 5.96],
			"rotation": {"angle": 0, "axis": "y", "origin": [-1, 8.16, -1.6]},
			"faces": {
				"north": {"uv": [7.5, 6, 7.75, 6.25], "texture": "#202"},
				"east": {"uv": [0, 7, 0.75, 7.25], "texture": "#202"},
				"south": {"uv": [6.5, 7.5, 6.75, 7.75], "texture": "#202"},
				"west": {"uv": [7, 0, 7.75, 0.25], "texture": "#202"},
				"up": {"uv": [7.25, 1.25, 7, 0.5], "texture": "#202"},
				"down": {"uv": [1.25, 7, 1, 7.75], "texture": "#202"}
			}
		},
		{
			"from": [7.76, 2.52, 3.44],
			"to": [8.24, 2.76, 4.28],
			"rotation": {"angle": -45, "axis": "x", "origin": [-1, 8.16, -1.6]},
			"faces": {
				"north": {"uv": [8.5, 0.5, 8.75, 0.75], "texture": "#202"},
				"east": {"uv": [1, 8.5, 1.25, 8.75], "texture": "#202"},
				"south": {"uv": [8.5, 1, 8.75, 1.25], "texture": "#202"},
				"west": {"uv": [1.5, 8.5, 1.75, 8.75], "texture": "#202"},
				"up": {"uv": [8.75, 1.75, 8.5, 1.5], "texture": "#202"},
				"down": {"uv": [2.25, 8.5, 2, 8.75], "texture": "#202"}
			}
		},
		{
			"from": [7.76, 11.4, 5.6],
			"to": [8.24, 12.12, 5.858],
			"rotation": {"angle": 22.5, "axis": "x", "origin": [-1, 8.16, -1.6]},
			"faces": {
				"north": {"uv": [7.5, 6.5, 7.75, 6.75], "texture": "#202"},
				"east": {"uv": [7, 7.5, 7.25, 7.75], "texture": "#202"},
				"south": {"uv": [7.5, 7, 7.75, 7.25], "texture": "#202"},
				"west": {"uv": [7.5, 7.5, 7.75, 7.75], "texture": "#202"},
				"up": {"uv": [0.25, 8.25, 0, 8], "texture": "#202"},
				"down": {"uv": [8.25, 0, 8, 0.25], "texture": "#202"}
			}
		},
		{
			"from": [7.82, 10.8, 4.88],
			"to": [8.18, 11.88, 5],
			"rotation": {"angle": 22.5, "axis": "x", "origin": [-1, 8.16, -1.6]},
			"faces": {
				"north": {"uv": [7, 6.5, 7.25, 7], "texture": "#202"},
				"east": {"uv": [7, 7, 7.25, 7.5], "texture": "#202"},
				"south": {"uv": [0, 7.5, 0.25, 8], "texture": "#202"},
				"west": {"uv": [0.5, 7.5, 0.75, 8], "texture": "#202"},
				"up": {"uv": [0.75, 8.25, 0.5, 8], "texture": "#202"},
				"down": {"uv": [8.25, 0.5, 8, 0.75], "texture": "#202"}
			}
		},
		{
			"from": [7.52, 7.32, -2.32],
			"to": [8.48, 8.64, 0.32],
			"rotation": {"angle": -22.5, "axis": "x", "origin": [-1, 8.16, -1.6]},
			"faces": {
				"north": {"uv": [6, 4.5, 6.5, 5], "texture": "#202"},
				"east": {"uv": [4, 5, 5, 5.5], "texture": "#202"},
				"south": {"uv": [6, 5, 6.5, 5.5], "texture": "#202"},
				"west": {"uv": [5, 5, 6, 5.5], "texture": "#202"},
				"up": {"uv": [5, 4.5, 4.5, 3.5], "texture": "#202"},
				"down": {"uv": [0.5, 5.5, 0, 6.5], "texture": "#202"}
			}
		},
		{
			"from": [7.52, 8.28, -2.44],
			"to": [8.48, 9.36, 0.56],
			"rotation": {"angle": 0, "axis": "y", "origin": [-1, 8.16, -1.6]},
			"faces": {
				"north": {"uv": [6.5, 6, 7, 6.5], "texture": "#202"},
				"east": {"uv": [4.5, 3, 5.75, 3.5], "texture": "#202"},
				"south": {"uv": [6.5, 6.5, 7, 7], "texture": "#202"},
				"west": {"uv": [3.5, 4.5, 4.75, 5], "texture": "#202"},
				"up": {"uv": [4, 6.25, 3.5, 5], "texture": "#202"},
				"down": {"uv": [5.5, 3.5, 5, 4.75], "texture": "#202"}
			}
		},
		{
			"from": [7.52, 7.56, 0.32],
			"to": [8.48, 8.52, 1.4],
			"rotation": {"angle": -22.5, "axis": "x", "origin": [-1, 8.16, -1.6]},
			"faces": {
				"north": {"uv": [6, 5.5, 6.5, 6], "texture": "#202"},
				"east": {"uv": [6, 6, 6.5, 6.5], "texture": "#202"},
				"south": {"uv": [0, 6.5, 0.5, 7], "texture": "#202"},
				"west": {"uv": [6.5, 0, 7, 0.5], "texture": "#202"},
				"up": {"uv": [7, 1, 6.5, 0.5], "texture": "#202"},
				"down": {"uv": [1.5, 6.5, 1, 7], "texture": "#202"}
			}
		},
		{
			"from": [7.52, 7.56, 1.4],
			"to": [8.48, 8.64, 2.6],
			"rotation": {"angle": -22.5, "axis": "x", "origin": [-1, 8.16, -1.6]},
			"faces": {
				"north": {"uv": [3.5, 6.5, 4, 7], "texture": "#202"},
				"east": {"uv": [6.5, 4, 7, 4.5], "texture": "#202"},
				"south": {"uv": [6.5, 4.5, 7, 5], "texture": "#202"},
				"west": {"uv": [6.5, 5, 7, 5.5], "texture": "#202"},
				"up": {"uv": [7, 6, 6.5, 5.5], "texture": "#202"},
				"down": {"uv": [6.5, 6.5, 6, 7], "texture": "#202"}
			}
		},
		{
			"from": [7.64, 7.32, 0.32],
			"to": [8.36, 7.56, 2.6],
			"rotation": {"angle": -22.5, "axis": "x", "origin": [-1, 8.16, -1.6]},
			"faces": {
				"north": {"uv": [8.5, 0, 8.75, 0.25], "texture": "#202"},
				"east": {"uv": [6.5, 2, 7.5, 2.25], "texture": "#202"},
				"south": {"uv": [0.5, 8.5, 0.75, 8.75], "texture": "#202"},
				"west": {"uv": [6.5, 2.5, 7.5, 2.75], "texture": "#202"},
				"up": {"uv": [1.75, 7.5, 1.5, 6.5], "texture": "#202"},
				"down": {"uv": [6.75, 3, 6.5, 4], "texture": "#202"}
			}
		}
	],
	"gui_light": "front",
	"display": {
		"thirdperson_righthand": {
			"rotation": [-102.75, -7, -180],
			"translation": [-2.5, 1.75, 2]
		},
		"thirdperson_lefthand": {
			"rotation": [-102.75, -7, -180],
			"translation": [-2.5, 1.75, 2]
		},
		"firstperson_righthand": {
			"rotation": [-180, 5, -180],
			"translation": [-1.25, 2.5, -0.25]
		},
		"firstperson_lefthand": {
			"rotation": [-180, 5, -180],
			"translation": [-1.25, 2.5, -0.25]
		},
		"gui": {
			"rotation": [-90, 51.75, 90],
			"translation": [0.5, -0.75, 0],
			"scale": [0.9, 0.9, 0.9]
		},
		"head": {
			"rotation": [-180, 0, -180],
			"translation": [0, 9, 0]
		},
		"fixed": {
			"rotation": [-90, -49.25, -90],
			"translation": [-0.5, -1.25, 0],
			"scale": [1.1, 1.1, 1.1]
		}
	}
}