{
	"credit": "Made with Blockbench",
	"texture_size": [32, 32],
	"textures": {
		"203": "cmd/izana_supergun",
		"particle": "izana_supergun"
	},
	"elements": [
		{
			"from": [7.208, 9.174, 1.664],
			"to": [8.693, 10.758, 7.208],
			"rotation": {"angle": 0, "axis": "y", "origin": [-6.652, 6.798, -7.84]},
			"faces": {
				"north": {"uv": [2, 7.5, 2.75, 8.25], "texture": "#203"},
				"east": {"uv": [0, 2, 2.5, 2.75], "texture": "#203"},
				"south": {"uv": [7.5, 3, 8.25, 3.75], "texture": "#203"},
				"west": {"uv": [2, 0, 4.5, 0.75], "texture": "#203"},
				"up": {"uv": [3.25, 3.5, 2.5, 1], "texture": "#203"},
				"down": {"uv": [0.75, 3, 0, 5.5], "texture": "#203"}
			}
		},
		{
			"from": [7.406, 9.174, 8.594],
			"to": [8.495, 11.198, 10.002],
			"rotation": {"angle": 0, "axis": "y", "origin": [-6.652, 6.798, -7.84]},
			"faces": {
				"north": {"uv": [8, 2, 8.5, 3], "texture": "#203"},
				"east": {"uv": [6.5, 5.5, 7.25, 6.5], "texture": "#203"},
				"south": {"uv": [3, 8, 3.5, 9], "texture": "#203"},
				"west": {"uv": [6.5, 6.5, 7.25, 7.5], "texture": "#203"},
				"up": {"uv": [2.5, 9.25, 2, 8.5], "texture": "#203"},
				"down": {"uv": [3, 8.5, 2.5, 9.25], "texture": "#203"}
			}
		},
		{
			"from": [7.406, 8.778, 0.638],
			"to": [8.495, 9.174, 1.664],
			"rotation": {"angle": 0, "axis": "y", "origin": [-6.652, 6.798, -7.84]},
			"faces": {
				"north": {"uv": [10.5, 3.5, 11, 3.75], "texture": "#203"},
				"east": {"uv": [2.5, 11, 2.75, 11.25], "texture": "#203"},
				"south": {"uv": [10.5, 4, 11, 4.25], "texture": "#203"},
				"west": {"uv": [11, 2.5, 11.25, 2.75], "texture": "#203"},
				"up": {"uv": [11, 4.75, 10.5, 4.5], "texture": "#203"},
				"down": {"uv": [5.5, 10.5, 5, 10.75], "texture": "#203"}
			}
		},
		{
			"from": [7.702, 12.836, 4.036],
			"to": [8.199, 15.114, 5.228],
			"rotation": {"angle": 22.5, "axis": "x", "origin": [-6.652, 6.798, -8.434]},
			"faces": {
				"north": {"uv": [6, 9, 6.25, 10], "texture": "#203"},
				"east": {"uv": [6.5, 9, 6.75, 10], "texture": "#203"},
				"south": {"uv": [9, 6.5, 9.25, 7.5], "texture": "#203"},
				"west": {"uv": [7, 9, 7.25, 10], "texture": "#203"},
				"up": {"uv": [2.25, 11.25, 2, 11], "texture": "#203"},
				"down": {"uv": [11.25, 2, 11, 2.25], "texture": "#203"}
			}
		},
		{
			"from": [7.702, 6.798, 5.422],
			"to": [8.199, 7.59, 6.614],
			"rotation": {"angle": 0, "axis": "x", "origin": [-6.652, 6.798, -8.434]},
			"faces": {
				"north": {"uv": [3, 11, 3.25, 11.25], "texture": "#203"},
				"east": {"uv": [11, 3, 11.25, 3.25], "texture": "#203"},
				"south": {"uv": [3.5, 11, 3.75, 11.25], "texture": "#203"},
				"west": {"uv": [11, 3.5, 11.25, 3.75], "texture": "#203"},
				"up": {"uv": [4.25, 11.25, 4, 11], "texture": "#203"},
				"down": {"uv": [11.25, 4, 11, 4.25], "texture": "#203"}
			}
		},
		{
			"from": [7.802, 7.986, 6.812],
			"to": [8.099, 8.184, 8.396],
			"rotation": {"angle": 0, "axis": "y", "origin": [-6.652, 6.798, -8.434]},
			"faces": {
				"north": {"uv": [11.5, 1, 11.75, 1.25], "texture": "#203"},
				"east": {"uv": [5, 10, 5.75, 10.25], "texture": "#203"},
				"south": {"uv": [1.5, 11.5, 1.75, 11.75], "texture": "#203"},
				"west": {"uv": [10, 5.5, 10.75, 5.75], "texture": "#203"},
				"up": {"uv": [6.25, 10.75, 6, 10], "texture": "#203"},
				"down": {"uv": [6.75, 10, 6.5, 10.75], "texture": "#203"}
			}
		},
		{
			"from": [7.802, 14.322, 6.416],
			"to": [8.099, 15.312, 6.614],
			"rotation": {"angle": 22.5, "axis": "x", "origin": [-6.652, 6.798, -8.434]},
			"faces": {
				"north": {"uv": [10.5, 7.5, 10.75, 8], "texture": "#203"},
				"east": {"uv": [8, 10.5, 8.25, 11], "texture": "#203"},
				"south": {"uv": [10.5, 8, 10.75, 8.5], "texture": "#203"},
				"west": {"uv": [8.5, 10.5, 8.75, 11], "texture": "#203"},
				"up": {"uv": [11.75, 1.75, 11.5, 1.5], "texture": "#203"},
				"down": {"uv": [2.25, 11.5, 2, 11.75], "texture": "#203"}
			}
		},
		{
			"from": [7.802, 2.046, 6.812],
			"to": [8.099, 2.838, 6.911],
			"rotation": {"angle": -22.5, "axis": "x", "origin": [-6.652, 6.798, -8.434]},
			"faces": {
				"north": {"uv": [11.5, 2.5, 11.75, 2.75], "texture": "#203"},
				"east": {"uv": [3, 11.5, 3.25, 11.75], "texture": "#203"},
				"south": {"uv": [11.5, 3, 11.75, 3.25], "texture": "#203"},
				"west": {"uv": [3.5, 11.5, 3.75, 11.75], "texture": "#203"},
				"up": {"uv": [11.75, 3.75, 11.5, 3.5], "texture": "#203"},
				"down": {"uv": [4.25, 11.5, 4, 11.75], "texture": "#203"}
			}
		},
		{
			"from": [7.8812, 2.145, 6.218],
			"to": [8.0297, 2.739, 6.911],
			"rotation": {"angle": -22.5, "axis": "x", "origin": [-6.652, 6.798, -8.434]},
			"faces": {
				"north": {"uv": [11.5, 4, 11.75, 4.25], "texture": "#203"},
				"east": {"uv": [4.5, 11.5, 4.75, 11.75], "texture": "#203"},
				"south": {"uv": [11.5, 4.5, 11.75, 4.75], "texture": "#203"},
				"west": {"uv": [5, 11.5, 5.25, 11.75], "texture": "#203"},
				"up": {"uv": [11.75, 5.25, 11.5, 5], "texture": "#203"},
				"down": {"uv": [5.75, 11.5, 5.5, 11.75], "texture": "#203"}
			}
		},
		{
			"from": [7.604, 1.254, 8.792],
			"to": [8.297, 2.244, 10.376],
			"rotation": {"angle": -22.5, "axis": "x", "origin": [-6.652, 6.798, -8.434]},
			"faces": {
				"north": {"uv": [10.5, 0.5, 10.75, 1], "texture": "#203"},
				"east": {"uv": [5.5, 2.5, 6.25, 3], "texture": "#203"},
				"south": {"uv": [1, 10.5, 1.25, 11], "texture": "#203"},
				"west": {"uv": [7.5, 4, 8.25, 4.5], "texture": "#203"},
				"up": {"uv": [9.75, 9.75, 9.5, 9], "texture": "#203"},
				"down": {"uv": [10.25, 1, 10, 1.75], "texture": "#203"}
			}
		},
		{
			"from": [7.7822, 0.066, 8.792],
			"to": [8.1287, 1.254, 10.376],
			"rotation": {"angle": -22.5, "axis": "x", "origin": [-6.652, 6.798, -8.434]},
			"faces": {
				"north": {"uv": [7, 10, 7.25, 10.75], "texture": "#203"},
				"east": {"uv": [6.5, 7.5, 7.25, 8.25], "texture": "#203"},
				"south": {"uv": [7.5, 10, 7.75, 10.75], "texture": "#203"},
				"west": {"uv": [7.5, 6.5, 8.25, 7.25], "texture": "#203"},
				"up": {"uv": [10.25, 8.75, 10, 8], "texture": "#203"},
				"down": {"uv": [9.25, 10, 9, 10.75], "texture": "#203"}
			}
		},
		{
			"from": [7.6535, -0.132, 8.792],
			"to": [8.2475, 0.066, 10.376],
			"rotation": {"angle": -22.5, "axis": "x", "origin": [-6.652, 6.798, -8.434]},
			"faces": {
				"north": {"uv": [11.5, 2, 11.75, 2.25], "texture": "#203"},
				"east": {"uv": [10, 6, 10.75, 6.25], "texture": "#203"},
				"south": {"uv": [2.5, 11.5, 2.75, 11.75], "texture": "#203"},
				"west": {"uv": [10, 9, 10.75, 9.25], "texture": "#203"},
				"up": {"uv": [9.75, 10.75, 9.5, 10], "texture": "#203"},
				"down": {"uv": [10.25, 9.5, 10, 10.25], "texture": "#203"}
			}
		},
		{
			"from": [7.406, 8.778, 1.664],
			"to": [8.495, 9.174, 9.98],
			"rotation": {"angle": 0, "axis": "y", "origin": [-6.652, 6.798, -7.84]},
			"faces": {
				"north": {"uv": [10.5, 3, 11, 3.25], "texture": "#203"},
				"east": {"uv": [6.5, 0, 10.25, 0.25], "texture": "#203"},
				"south": {"uv": [3.5, 10.5, 4, 10.75], "texture": "#203"},
				"west": {"uv": [6.5, 0.5, 10.25, 0.75], "texture": "#203"},
				"up": {"uv": [1.5, 6.75, 1, 3], "texture": "#203"},
				"down": {"uv": [2, 3, 1.5, 6.75], "texture": "#203"}
			}
		},
		{
			"from": [7.406, 7.986, 0.242],
			"to": [8.495, 11.638, 0.638],
			"rotation": {"angle": 0, "axis": "y", "origin": [-6.652, 6.798, -7.84]},
			"faces": {
				"north": {"uv": [4, 6.5, 4.5, 8.25], "texture": "#203"},
				"east": {"uv": [8.5, 1, 8.75, 2.75], "texture": "#203"},
				"south": {"uv": [4.5, 6.5, 5, 8.25], "texture": "#203"},
				"west": {"uv": [1.5, 8.5, 1.75, 10.25], "texture": "#203"},
				"up": {"uv": [11, 1.25, 10.5, 1], "texture": "#203"},
				"down": {"uv": [2, 10.5, 1.5, 10.75], "texture": "#203"}
			}
		},
		{
			"from": [7.406, 7.788, 0.638],
			"to": [8.495, 8.778, 1.466],
			"rotation": {"angle": 0, "axis": "y", "origin": [-6.652, 6.798, -7.84]},
			"faces": {
				"north": {"uv": [2, 3, 2.5, 3.5], "texture": "#203"},
				"east": {"uv": [10.5, 1.5, 10.75, 2], "texture": "#203"},
				"south": {"uv": [4.5, 3, 5, 3.5], "texture": "#203"},
				"west": {"uv": [2.5, 10.5, 2.75, 11], "texture": "#203"},
				"up": {"uv": [11, 2.75, 10.5, 2.5], "texture": "#203"},
				"down": {"uv": [3.5, 10.5, 3, 10.75], "texture": "#203"}
			}
		},
		{
			"from": [7.404, 8.602, 1.466],
			"to": [8.497, 8.778, 4.238],
			"rotation": {"angle": 0, "axis": "y", "origin": [-6.652, 6.798, -7.84]},
			"faces": {
				"north": {"uv": [10, 10.5, 10.25, 10.75], "texture": "#203"},
				"east": {"uv": [8.5, 8, 9.75, 8.25], "texture": "#203"},
				"south": {"uv": [10.5, 10, 10.75, 10.25], "texture": "#203"},
				"west": {"uv": [8.5, 8.5, 9.75, 8.75], "texture": "#203"},
				"up": {"uv": [7.75, 9.75, 7.5, 8.5], "texture": "#203"},
				"down": {"uv": [9.25, 1, 9, 2.25], "texture": "#203"}
			}
		},
		{
			"from": [7.502, 8.404, 1.466],
			"to": [8.399, 8.602, 3.446],
			"rotation": {"angle": 0, "axis": "y", "origin": [-6.652, 6.798, -7.84]},
			"faces": {
				"north": {"uv": [10.5, 10.5, 10.75, 10.75], "texture": "#203"},
				"east": {"uv": [9, 3.5, 10, 3.75], "texture": "#203"},
				"south": {"uv": [0, 11, 0.25, 11.25], "texture": "#203"},
				"west": {"uv": [9, 4, 10, 4.25], "texture": "#203"},
				"up": {"uv": [5.25, 10, 5, 9], "texture": "#203"},
				"down": {"uv": [5.75, 9, 5.5, 10], "texture": "#203"}
			}
		},
		{
			"from": [7.502, 8.184, 1.466],
			"to": [8.399, 8.404, 2.236],
			"rotation": {"angle": 0, "axis": "y", "origin": [-6.652, 6.798, -7.84]},
			"faces": {
				"north": {"uv": [11.5, 8.5, 11.75, 8.75], "texture": "#203"},
				"east": {"uv": [9, 11.5, 9.25, 11.75], "texture": "#203"},
				"south": {"uv": [11.5, 9, 11.75, 9.25], "texture": "#203"},
				"west": {"uv": [9.5, 11.5, 9.75, 11.75], "texture": "#203"},
				"up": {"uv": [11.75, 9.75, 11.5, 9.5], "texture": "#203"},
				"down": {"uv": [10.25, 11.5, 10, 11.75], "texture": "#203"}
			}
		},
		{
			"from": [7.502, 7.898, 1.466],
			"to": [8.399, 8.184, 1.752],
			"rotation": {"angle": 0, "axis": "y", "origin": [-6.652, 6.798, -7.84]},
			"faces": {
				"north": {"uv": [0.5, 11, 0.75, 11.25], "texture": "#203"},
				"east": {"uv": [11, 0.5, 11.25, 0.75], "texture": "#203"},
				"south": {"uv": [1, 11, 1.25, 11.25], "texture": "#203"},
				"west": {"uv": [11, 1, 11.25, 1.25], "texture": "#203"},
				"up": {"uv": [1.75, 11.25, 1.5, 11], "texture": "#203"},
				"down": {"uv": [11.25, 1.5, 11, 1.75], "texture": "#203"}
			}
		},
		{
			"from": [7.208, 9.174, 0.638],
			"to": [8.693, 11.726, 1.664],
			"rotation": {"angle": 0, "axis": "y", "origin": [-6.652, 6.798, -7.84]},
			"faces": {
				"north": {"uv": [0, 5.5, 0.75, 6.75], "texture": "#203"},
				"east": {"uv": [4.5, 8.5, 4.75, 9.75], "texture": "#203"},
				"south": {"uv": [5.5, 4.5, 6.25, 5.75], "texture": "#203"},
				"west": {"uv": [8.5, 6.5, 8.75, 7.75], "texture": "#203"},
				"up": {"uv": [10.25, 7.75, 9.5, 7.5], "texture": "#203"},
				"down": {"uv": [10.75, 2, 10, 2.25], "texture": "#203"}
			}
		},
		{
			"from": [7.208, 9.174, 7.208],
			"to": [8.693, 12.144, 8.594],
			"rotation": {"angle": 0, "axis": "y", "origin": [-6.652, 6.798, -7.84]},
			"faces": {
				"north": {"uv": [2, 6, 2.75, 7.25], "texture": "#203"},
				"east": {"uv": [5.5, 6, 6.25, 7.25], "texture": "#203"},
				"south": {"uv": [6.5, 2.5, 7.25, 3.75], "texture": "#203"},
				"west": {"uv": [3, 6.5, 3.75, 7.75], "texture": "#203"},
				"up": {"uv": [6.25, 8.25, 5.5, 7.5], "texture": "#203"},
				"down": {"uv": [8.25, 5.5, 7.5, 6.25], "texture": "#203"}
			}
		},
		{
			"from": [7.406, 9.372, 9.782],
			"to": [8.495, 12.144, 10.97],
			"rotation": {"angle": 0, "axis": "y", "origin": [-6.652, 6.798, -7.84]},
			"faces": {
				"north": {"uv": [0.5, 7, 1, 8.25], "texture": "#203"},
				"east": {"uv": [1, 7, 1.5, 8.25], "texture": "#203"},
				"south": {"uv": [1.5, 7, 2, 8.25], "texture": "#203"},
				"west": {"uv": [7.5, 1.5, 8, 2.75], "texture": "#203"},
				"up": {"uv": [2.5, 10, 2, 9.5], "texture": "#203"},
				"down": {"uv": [10, 2, 9.5, 2.5], "texture": "#203"}
			}
		},
		{
			"from": [7.648, 11.704, 10.904],
			"to": [8.253, 12.034, 13.5],
			"rotation": {"angle": 0, "axis": "y", "origin": [-6.652, 6.798, -7.84]},
			"faces": {
				"north": {"uv": [11.5, 6.5, 11.75, 6.75], "texture": "#203"},
				"east": {"uv": [9, 2.5, 10.25, 2.75], "texture": "#203"},
				"south": {"uv": [7, 11.5, 7.25, 11.75], "texture": "#203"},
				"west": {"uv": [9, 3, 10.25, 3.25], "texture": "#203"},
				"up": {"uv": [3.25, 10.25, 3, 9], "texture": "#203"},
				"down": {"uv": [3.75, 9, 3.5, 10.25], "texture": "#203"}
			}
		},
		{
			"from": [7.406, 9.768, 10.97],
			"to": [8.495, 11.748, 13.94],
			"rotation": {"angle": 0, "axis": "y", "origin": [-6.652, 6.798, -7.84]},
			"faces": {
				"north": {"uv": [3.5, 8, 4, 9], "texture": "#203"},
				"east": {"uv": [4, 4.5, 5.25, 5.5], "texture": "#203"},
				"south": {"uv": [5, 8, 5.5, 9], "texture": "#203"},
				"west": {"uv": [5, 3, 6.25, 4], "texture": "#203"},
				"up": {"uv": [5.5, 7.75, 5, 6.5], "texture": "#203"},
				"down": {"uv": [0.5, 7, 0, 8.25], "texture": "#203"}
			}
		},
		{
			"from": [7.604, 9.966, 13.94],
			"to": [8.297, 11.55, 17.504],
			"rotation": {"angle": 0, "axis": "y", "origin": [-6.652, 6.798, -7.84]},
			"faces": {
				"north": {"uv": [4, 10, 4.25, 10.75], "texture": "#203"},
				"east": {"uv": [5.5, 1.5, 7, 2.25], "texture": "#203"},
				"south": {"uv": [4.5, 10, 4.75, 10.75], "texture": "#203"},
				"west": {"uv": [4, 5.5, 5.5, 6.25], "texture": "#203"},
				"up": {"uv": [8.75, 4.5, 8.5, 3], "texture": "#203"},
				"down": {"uv": [4.25, 8.5, 4, 10], "texture": "#203"}
			}
		},
		{
			"from": [7.604, 11.55, 16.712],
			"to": [8.297, 11.748, 17.108],
			"rotation": {"angle": 0, "axis": "y", "origin": [-6.652, 6.798, -7.84]},
			"faces": {
				"north": {"uv": [11.5, 7, 11.75, 7.25], "texture": "#203"},
				"east": {"uv": [7.5, 11.5, 7.75, 11.75], "texture": "#203"},
				"south": {"uv": [11.5, 7.5, 11.75, 7.75], "texture": "#203"},
				"west": {"uv": [8, 11.5, 8.25, 11.75], "texture": "#203"},
				"up": {"uv": [11.75, 8.25, 11.5, 8], "texture": "#203"},
				"down": {"uv": [8.75, 11.5, 8.5, 11.75], "texture": "#203"}
			}
		},
		{
			"from": [7.298, 10.541, 12.5],
			"to": [8.597, 11.438, 12.798],
			"rotation": {"angle": 0, "axis": "y", "origin": [-6.652, 6.798, -7.84]},
			"faces": {
				"north": {"uv": [8, 11, 8.25, 11.25], "texture": "#203"},
				"east": {"uv": [11, 8, 11.25, 8.25], "texture": "#203"},
				"south": {"uv": [8.5, 11, 8.75, 11.25], "texture": "#203"},
				"west": {"uv": [11, 8.5, 11.25, 8.75], "texture": "#203"},
				"up": {"uv": [9.25, 11.25, 9, 11], "texture": "#203"},
				"down": {"uv": [11.25, 9, 11, 9.25], "texture": "#203"}
			}
		},
		{
			"from": [7.298, 10.541, 13.2],
			"to": [8.597, 11.438, 13.498],
			"rotation": {"angle": 0, "axis": "y", "origin": [-6.652, 6.798, -7.84]},
			"faces": {
				"north": {"uv": [8, 11, 8.25, 11.25], "texture": "#203"},
				"east": {"uv": [11, 8, 11.25, 8.25], "texture": "#203"},
				"south": {"uv": [8.5, 11, 8.75, 11.25], "texture": "#203"},
				"west": {"uv": [11, 8.5, 11.25, 8.75], "texture": "#203"},
				"up": {"uv": [9.25, 11.25, 9, 11], "texture": "#203"},
				"down": {"uv": [11.25, 9, 11, 9.25], "texture": "#203"}
			}
		},
		{
			"from": [7.298, 10.541, 11.8],
			"to": [8.597, 11.438, 12.098],
			"rotation": {"angle": 0, "axis": "y", "origin": [-6.652, 6.798, -7.84]},
			"faces": {
				"north": {"uv": [8, 11, 8.25, 11.25], "texture": "#203"},
				"east": {"uv": [11, 8, 11.25, 8.25], "texture": "#203"},
				"south": {"uv": [8.5, 11, 8.75, 11.25], "texture": "#203"},
				"west": {"uv": [11, 8.5, 11.25, 8.75], "texture": "#203"},
				"up": {"uv": [9.25, 11.25, 9, 11], "texture": "#203"},
				"down": {"uv": [11.25, 9, 11, 9.25], "texture": "#203"}
			}
		},
		{
			"from": [7.208, 10.23, 13.94],
			"to": [8.693, 11.352, 17.702],
			"rotation": {"angle": 0, "axis": "y", "origin": [-6.652, 6.798, -7.84]},
			"faces": {
				"north": {"uv": [8.5, 4.5, 9.25, 5], "texture": "#203"},
				"east": {"uv": [6.5, 4.5, 8.25, 5], "texture": "#203"},
				"south": {"uv": [8.5, 5, 9.25, 5.5], "texture": "#203"},
				"west": {"uv": [6.5, 5, 8.25, 5.5], "texture": "#203"},
				"up": {"uv": [5.25, 2.75, 4.5, 1], "texture": "#203"},
				"down": {"uv": [3.75, 4.5, 3, 6.25], "texture": "#203"}
			}
		},
		{
			"from": [7.604, 10.758, 17.702],
			"to": [8.297, 11.352, 20.87],
			"rotation": {"angle": 0, "axis": "y", "origin": [-6.652, 6.798, -7.84]},
			"faces": {
				"north": {"uv": [11.5, 5.5, 11.75, 5.75], "texture": "#203"},
				"east": {"uv": [9.5, 4.5, 10.5, 4.75], "texture": "#203"},
				"south": {"uv": [6, 11.5, 6.25, 11.75], "texture": "#203"},
				"west": {"uv": [9.5, 5, 10.5, 5.25], "texture": "#203"},
				"up": {"uv": [2.75, 10.5, 2.5, 9.5], "texture": "#203"},
				"down": {"uv": [9.75, 5.5, 9.5, 6.5], "texture": "#203"}
			}
		},
		{
			"from": [7.802, 10.362, 17.504],
			"to": [8.099, 10.758, 19.484],
			"rotation": {"angle": 0, "axis": "y", "origin": [-6.652, 6.798, -7.84]},
			"faces": {
				"north": {"uv": [11.5, 6, 11.75, 6.25], "texture": "#203"},
				"east": {"uv": [9.5, 6.5, 10.5, 6.75], "texture": "#203"},
				"south": {"uv": [6.5, 11.5, 6.75, 11.75], "texture": "#203"},
				"west": {"uv": [9.5, 7, 10.5, 7.25], "texture": "#203"},
				"up": {"uv": [8.25, 10.5, 8, 9.5], "texture": "#203"},
				"down": {"uv": [8.75, 9.5, 8.5, 10.5], "texture": "#203"}
			}
		},
		{
			"from": [7.604, 19.47, 10.376],
			"to": [8.297, 19.668, 10.772],
			"rotation": {"angle": 22.5, "axis": "x", "origin": [-6.652, 6.798, -7.84]},
			"faces": {
				"north": {"uv": [4.5, 11, 4.75, 11.25], "texture": "#203"},
				"east": {"uv": [11, 4.5, 11.25, 4.75], "texture": "#203"},
				"south": {"uv": [5, 11, 5.25, 11.25], "texture": "#203"},
				"west": {"uv": [11, 5, 11.25, 5.25], "texture": "#203"},
				"up": {"uv": [5.75, 11.25, 5.5, 11], "texture": "#203"},
				"down": {"uv": [11.25, 5.5, 11, 5.75], "texture": "#203"}
			}
		},
		{
			"from": [7.604, 6.006, 5.426],
			"to": [8.297, 6.402, 6.614],
			"rotation": {"angle": -22.5, "axis": "x", "origin": [-6.652, 6.798, -7.84]},
			"faces": {
				"north": {"uv": [6, 11, 6.25, 11.25], "texture": "#203"},
				"east": {"uv": [10.5, 5, 11, 5.25], "texture": "#203"},
				"south": {"uv": [11, 6, 11.25, 6.25], "texture": "#203"},
				"west": {"uv": [5.5, 10.5, 6, 10.75], "texture": "#203"},
				"up": {"uv": [10.75, 7, 10.5, 6.5], "texture": "#203"},
				"down": {"uv": [10.75, 7, 10.5, 7.5], "texture": "#203"}
			}
		},
		{
			"from": [7.208, 4.62, 6.614],
			"to": [8.693, 5.016, 7.802],
			"rotation": {"angle": -22.5, "axis": "x", "origin": [-6.652, 6.798, -7.84]},
			"faces": {
				"north": {"uv": [0, 10.5, 0.75, 10.75], "texture": "#203"},
				"east": {"uv": [10.5, 8.5, 11, 8.75], "texture": "#203"},
				"south": {"uv": [10.5, 0, 11.25, 0.25], "texture": "#203"},
				"west": {"uv": [10.5, 9.5, 11, 9.75], "texture": "#203"},
				"up": {"uv": [9.25, 6.5, 8.5, 6], "texture": "#203"},
				"down": {"uv": [7.25, 8.5, 6.5, 9], "texture": "#203"}
			}
		},
		{
			"from": [7.406, 3.234, 8.198],
			"to": [8.495, 5.412, 9.386],
			"rotation": {"angle": -22.5, "axis": "x", "origin": [-6.652, 6.798, -7.84]},
			"faces": {
				"north": {"uv": [2, 1, 2.5, 2], "texture": "#203"},
				"east": {"uv": [7, 1.5, 7.5, 2.5], "texture": "#203"},
				"south": {"uv": [7.5, 7.5, 8, 8.5], "texture": "#203"},
				"west": {"uv": [8, 1, 8.5, 2], "texture": "#203"},
				"up": {"uv": [9.5, 8, 9, 7.5], "texture": "#203"},
				"down": {"uv": [9, 9, 8.5, 9.5], "texture": "#203"}
			}
		},
		{
			"from": [7.604, 9.768, 1.664],
			"to": [8.297, 11.55, 5.624],
			"rotation": {"angle": 0, "axis": "y", "origin": [-6.652, 6.798, -7.84]},
			"faces": {
				"north": {"uv": [2, 10, 2.25, 10.75], "texture": "#203"},
				"east": {"uv": [3, 3.5, 4.75, 4.25], "texture": "#203"},
				"south": {"uv": [10, 3.5, 10.25, 4.25], "texture": "#203"},
				"west": {"uv": [4.5, 0, 6.25, 0.75], "texture": "#203"},
				"up": {"uv": [0.75, 10.25, 0.5, 8.5], "texture": "#203"},
				"down": {"uv": [1.25, 8.5, 1, 10.25], "texture": "#203"}
			}
		},
		{
			"from": [7.604, 9.768, 5.624],
			"to": [8.297, 11.946, 9.782],
			"rotation": {"angle": 0, "axis": "y", "origin": [-6.652, 6.798, -7.84]},
			"faces": {
				"north": {"uv": [9, 9, 9.25, 10], "texture": "#203"},
				"east": {"uv": [0, 0, 2, 1], "texture": "#203"},
				"south": {"uv": [9.5, 1, 9.75, 2], "texture": "#203"},
				"west": {"uv": [0, 1, 2, 2], "texture": "#203"},
				"up": {"uv": [8.25, 9.5, 8, 7.5], "texture": "#203"},
				"down": {"uv": [0.25, 8.5, 0, 10.5], "texture": "#203"}
			}
		}
	],
	"gui_light": "front",
	"display": {
		"thirdperson_righthand": {
			"rotation": [-109, -0.85, -180],
			"translation": [-0.75, 0, -0.25]
		},
		"thirdperson_lefthand": {
			"rotation": [-109, -0.85, -180],
			"translation": [-0.75, 0, -0.25]
		},
		"firstperson_righthand": {
			"rotation": [4, 179, 0],
			"translation": [1, 0.5, 0]
		},
		"firstperson_lefthand": {
			"rotation": [4, 179, 0],
			"translation": [1, 0.5, 0]
		},
		"gui": {
			"rotation": [-90, 51, 90],
			"translation": [0, -3, 0],
			"scale": [0.9, 0.9, 0.9]
		},
		"head": {
			"rotation": [-180, 0, -180],
			"translation": [0, 9, 0]
		},
		"fixed": {
			"rotation": [-90.35, -52.17, -91.35],
			"translation": [0.25, -2.75, 0],
			"scale": [1.1, 1.1, 1.1]
		}
	}
}