{
	"credit": "Made with Blockbench",
	"textures": {
		"208": "cmd/izana_helper",
		"5": "ammo"
	},
	"elements": [
		{
			"from": [1, 8.1, 6.225],
			"to": [3.175, 8.475, 7.9],
			"rotation": {"angle": 0, "axis": "y", "origin": [6.3, 4.575, 8]},
			"faces": {
				"north": {"uv": [5, 2, 7.25, 2.5], "texture": "#208"},
				"east": {"uv": [5, 7, 6.75, 7.5], "texture": "#208"},
				"south": {"uv": [2, 7, 4.25, 7.5], "texture": "#208"},
				"west": {"uv": [7, 5, 8.75, 5.5], "texture": "#208"},
				"up": {"uv": [6.25, 4.75, 4, 3], "texture": "#208"},
				"down": {"uv": [2.25, 5, 0, 6.75], "texture": "#208"}
			}
		},
		{
			"from": [0.95, 8, 7.875],
			"to": [3.225, 8.575, 7.975],
			"rotation": {"angle": 0, "axis": "y", "origin": [6.3, 4.575, 8]},
			"faces": {
				"north": {"uv": [7, 3, 9.25, 3.5], "texture": "#208"},
				"east": {"uv": [2, 9, 2.25, 9.5], "texture": "#208"},
				"south": {"uv": [7, 4, 9.25, 4.5], "texture": "#208"},
				"west": {"uv": [3, 9, 3.25, 9.5], "texture": "#208"},
				"up": {"uv": [9.25, 6.25, 7, 6], "texture": "#208"},
				"down": {"uv": [9.25, 7, 7, 7.25], "texture": "#208"}
			}
		},
		{
			"from": [1.925, 8.125, 6.175],
			"to": [2.25, 8.45, 6.225],
			"rotation": {"angle": 0, "axis": "y", "origin": [6.3, 4.575, 8]},
			"faces": {
				"north": {"uv": [4, 9, 4.25, 9.25], "texture": "#208"},
				"east": {"uv": [5, 9, 5.25, 9.25], "texture": "#208"},
				"south": {"uv": [9, 5, 9.25, 5.25], "texture": "#208"},
				"west": {"uv": [6, 9, 6.25, 9.25], "texture": "#208"},
				"up": {"uv": [7.25, 9.25, 7, 9], "texture": "#208"},
				"down": {"uv": [8.25, 9, 8, 9.25], "texture": "#208"}
			}
		},
		{
			"from": [2.375, 8.125, 6.175],
			"to": [2.7, 8.45, 6.225],
			"rotation": {"angle": 0, "axis": "y", "origin": [6.3, 4.575, 8]},
			"faces": {
				"north": {"uv": [9, 9, 9.25, 9.25], "texture": "#208"},
				"east": {"uv": [0, 10, 0.25, 10.25], "texture": "#208"},
				"south": {"uv": [10, 0, 10.25, 0.25], "texture": "#208"},
				"west": {"uv": [1, 10, 1.25, 10.25], "texture": "#208"},
				"up": {"uv": [10.25, 1.25, 10, 1], "texture": "#208"},
				"down": {"uv": [2.25, 10, 2, 10.25], "texture": "#208"}
			}
		},
		{
			"from": [2.825, 8.125, 6.175],
			"to": [3.15, 8.45, 6.225],
			"rotation": {"angle": 0, "axis": "y", "origin": [6.3, 4.575, 8]},
			"faces": {
				"north": {"uv": [10, 2, 10.25, 2.25], "texture": "#208"},
				"east": {"uv": [3, 10, 3.25, 10.25], "texture": "#208"},
				"south": {"uv": [10, 3, 10.25, 3.25], "texture": "#208"},
				"west": {"uv": [4, 10, 4.25, 10.25], "texture": "#208"},
				"up": {"uv": [10.25, 4.25, 10, 4], "texture": "#208"},
				"down": {"uv": [5.25, 10, 5, 10.25], "texture": "#208"}
			}
		},
		{
			"from": [1.475, 8.125, 6.175],
			"to": [1.8, 8.45, 6.225],
			"rotation": {"angle": 0, "axis": "y", "origin": [6.3, 4.575, 8]},
			"faces": {
				"north": {"uv": [10, 5, 10.25, 5.25], "texture": "#208"},
				"east": {"uv": [6, 10, 6.25, 10.25], "texture": "#208"},
				"south": {"uv": [10, 6, 10.25, 6.25], "texture": "#208"},
				"west": {"uv": [7, 10, 7.25, 10.25], "texture": "#208"},
				"up": {"uv": [10.25, 7.25, 10, 7], "texture": "#208"},
				"down": {"uv": [8.25, 10, 8, 10.25], "texture": "#208"}
			}
		},
		{
			"from": [1.025, 8.125, 6.175],
			"to": [1.35, 8.45, 6.225],
			"rotation": {"angle": 0, "axis": "y", "origin": [6.3, 4.575, 8]},
			"faces": {
				"north": {"uv": [10, 8, 10.25, 8.25], "texture": "#208"},
				"east": {"uv": [9, 10, 9.25, 10.25], "texture": "#208"},
				"south": {"uv": [10, 9, 10.25, 9.25], "texture": "#208"},
				"west": {"uv": [10, 10, 10.25, 10.25], "texture": "#208"},
				"up": {"uv": [0.25, 11.25, 0, 11], "texture": "#208"},
				"down": {"uv": [11.25, 0, 11, 0.25], "texture": "#208"}
			}
		},
		{
			"from": [1.2, 8.475, 6.3],
			"to": [2.975, 8.55, 7.9],
			"rotation": {"angle": 0, "axis": "y", "origin": [6.3, 4.575, 8]},
			"faces": {
				"north": {"uv": [8, 0, 9.75, 0.25], "texture": "#208"},
				"east": {"uv": [4, 8, 5.5, 8.25], "texture": "#208"},
				"south": {"uv": [8, 1, 9.75, 1.25], "texture": "#208"},
				"west": {"uv": [6, 8, 7.5, 8.25], "texture": "#208"},
				"up": {"uv": [4.75, 6.5, 3, 5], "texture": "#208"},
				"down": {"uv": [6.75, 5, 5, 6.5], "texture": "#208"}
			}
		},
		{
			"from": [1.2, 8.05, 6.3],
			"to": [2.975, 8.125, 7.9],
			"rotation": {"angle": 0, "axis": "y", "origin": [6.3, 4.575, 8]},
			"faces": {
				"north": {"uv": [2, 8, 3.75, 8.25], "texture": "#208"},
				"east": {"uv": [8, 8, 9.5, 8.25], "texture": "#208"},
				"south": {"uv": [8, 2, 9.75, 2.25], "texture": "#208"},
				"west": {"uv": [0, 9, 1.5, 9.25], "texture": "#208"},
				"up": {"uv": [7.75, 1.5, 6, 0], "texture": "#208"},
				"down": {"uv": [1.75, 7, 0, 8.5], "texture": "#208"}
			}
		},
		{
			"from": [10.875, 8.25, 8.275],
			"to": [18.925, 9.5, 8.975],
			"rotation": {"angle": 0, "axis": "y", "origin": [6.3, 4.575, 8]},
			"faces": {
				"north": {"uv": [2.66667, 1.69697, 4.625, 1.98864], "texture": "#4"},
				"east": {"uv": [5.81818, 7.75758, 5.98485, 8.04924], "texture": "#4"},
				"south": {"uv": [2.66667, 2.42424, 4.625, 2.71591], "texture": "#4"},
				"west": {"uv": [7.75758, 5.81818, 7.92424, 6.10985], "texture": "#4"},
				"up": {"uv": [4.86742, 1.62121, 2.90909, 1.45455], "texture": "#4"},
				"down": {"uv": [4.86742, 2.18182, 2.90909, 2.34848], "texture": "#4"}
			}
		},
		{
			"from": [8.375, 8, 7.975],
			"to": [10.875, 9.25, 9.275],
			"rotation": {"angle": 0, "axis": "y", "origin": [6.3, 4.575, 8]},
			"faces": {
				"north": {"uv": [6.30303, 6.54545, 6.92803, 6.83712], "texture": "#4"},
				"east": {"uv": [5.09091, 7.0303, 5.42424, 7.32197], "texture": "#4"},
				"south": {"uv": [0, 6.78788, 0.625, 7.07955], "texture": "#4"},
				"west": {"uv": [5.57576, 7.0303, 5.90909, 7.32197], "texture": "#4"},
				"up": {"uv": [5.47348, 2.0303, 4.84848, 1.69697], "texture": "#4"},
				"down": {"uv": [7.17045, 0.24242, 6.54545, 0.57576], "texture": "#4"}
			}
		},
		{
			"from": [9.625, 9, 8.275],
			"to": [10.875, 9.5, 8.975],
			"rotation": {"angle": 0, "axis": "y", "origin": [6.3, 4.575, 8]},
			"faces": {
				"north": {"uv": [3.87879, 8, 4.17045, 8.125], "texture": "#4"},
				"east": {"uv": [2.42424, 8.24242, 2.59091, 8.36742], "texture": "#4"},
				"south": {"uv": [8, 3.87879, 8.29167, 4.00379], "texture": "#4"},
				"west": {"uv": [2.66667, 8.24242, 2.83333, 8.36742], "texture": "#4"},
				"up": {"uv": [8.04924, 5.5, 7.75758, 5.33333], "texture": "#4"},
				"down": {"uv": [7.32197, 7.75758, 7.0303, 7.92424], "texture": "#4"}
			}
		},
		{
			"from": [1.875, 8, 7.975],
			"to": [8.375, 9.25, 9.275],
			"rotation": {"angle": 0, "axis": "y", "origin": [6.3, 4.575, 8]},
			"faces": {
				"north": {"uv": [1.93939, 6.30303, 3.52273, 6.5947], "texture": "#4"},
				"east": {"uv": [4.12121, 7.0303, 4.45455, 7.32197], "texture": "#4"},
				"south": {"uv": [6.30303, 2.18182, 7.88636, 2.47348], "texture": "#4"},
				"west": {"uv": [4.60606, 7.0303, 4.93939, 7.32197], "texture": "#4"},
				"up": {"uv": [1.82576, 3, 0.24242, 2.66667], "texture": "#4"},
				"down": {"uv": [7.64394, 5.09091, 6.06061, 5.42424], "texture": "#4"}
			}
		},
		{
			"from": [0.625, 8, 7.975],
			"to": [1.875, 8.75, 9.275],
			"rotation": {"angle": 0, "axis": "y", "origin": [6.3, 4.575, 8]},
			"faces": {
				"north": {"uv": [7.75758, 5.09091, 8.04924, 5.25758], "texture": "#4"},
				"east": {"uv": [5.09091, 0.48485, 5.42424, 0.65152], "texture": "#4"},
				"south": {"uv": [5.33333, 7.75758, 5.625, 7.92424], "texture": "#4"},
				"west": {"uv": [5.57576, 1.69697, 5.90909, 1.86364], "texture": "#4"},
				"up": {"uv": [3.44318, 7.36364, 3.15152, 7.0303], "texture": "#4"},
				"down": {"uv": [3.92803, 7.0303, 3.63636, 7.36364], "texture": "#4"}
			}
		},
		{
			"from": [0.125, 8.75, 8.125],
			"to": [1.875, 9.25, 9.125],
			"rotation": {"angle": 0, "axis": "y", "origin": [6.3, 4.575, 8]},
			"faces": {
				"north": {"uv": [7.75758, 0.48485, 8.17424, 0.60985], "texture": "#4"},
				"east": {"uv": [8, 6.06061, 8.25, 6.18561], "texture": "#4"},
				"south": {"uv": [1.93939, 7.75758, 2.35606, 7.88258], "texture": "#4"},
				"west": {"uv": [8, 6.54545, 8.25, 6.67045], "texture": "#4"},
				"up": {"uv": [2.59848, 7.03788, 2.18182, 6.78788], "texture": "#4"},
				"down": {"uv": [3.08333, 6.78788, 2.66667, 7.03788], "texture": "#4"}
			}
		},
		{
			"from": [2.425, 8.75, 7.85],
			"to": [6.325, 9.075, 9.4],
			"rotation": {"angle": 0, "axis": "y", "origin": [6.3, 4.575, 8]},
			"faces": {
				"north": {"uv": [7.0303, 6.54545, 7.98864, 6.62879], "texture": "#4"},
				"east": {"uv": [8, 6.78788, 8.375, 6.87121], "texture": "#4"},
				"south": {"uv": [7.0303, 6.78788, 7.98864, 6.87121], "texture": "#4"},
				"west": {"uv": [7.0303, 8, 7.4053, 8.08333], "texture": "#4"},
				"up": {"uv": [3.38258, 3.28409, 2.42424, 2.90909], "texture": "#4"},
				"down": {"uv": [1.44318, 4.84848, 0.48485, 5.22348], "texture": "#4"}
			}
		},
		{
			"from": [0.375, 7.75, 7.975],
			"to": [6.375, 8, 9.275],
			"rotation": {"angle": 0, "axis": "y", "origin": [6.3, 4.575, 8]},
			"faces": {
				"north": {"uv": [7.51515, 4.36364, 8.97348, 4.4053], "texture": "#4"},
				"east": {"uv": [8.24242, 5.33333, 8.57576, 5.375], "texture": "#4"},
				"south": {"uv": [4.60606, 7.51515, 6.06439, 7.55682], "texture": "#4"},
				"west": {"uv": [5.57576, 8.24242, 5.90909, 8.28409], "texture": "#4"},
				"up": {"uv": [7.76136, 1.54545, 6.30303, 1.21212], "texture": "#4"},
				"down": {"uv": [7.76136, 1.69697, 6.30303, 2.0303], "texture": "#4"}
			}
		},
		{
			"from": [0.125, 7.5, 8.15],
			"to": [4.45, 7.75, 9.1],
			"rotation": {"angle": 0, "axis": "y", "origin": [6.3, 4.575, 8]},
			"faces": {
				"north": {"uv": [7.51515, 7.75758, 8.55682, 7.79924], "texture": "#4"},
				"east": {"uv": [8.48485, 2.42424, 8.73485, 2.46591], "texture": "#4"},
				"south": {"uv": [0, 8, 1.04167, 8.04167], "texture": "#4"},
				"west": {"uv": [3.15152, 8.48485, 3.40152, 8.52652], "texture": "#4"},
				"up": {"uv": [5.89015, 2.67424, 4.84848, 2.42424], "texture": "#4"},
				"down": {"uv": [7.3447, 4.12121, 6.30303, 4.37121], "texture": "#4"}
			}
		},
		{
			"from": [-0.875, 7, 8.15],
			"to": [0.125, 7.75, 9.1],
			"rotation": {"angle": 0, "axis": "y", "origin": [6.3, 4.575, 8]},
			"faces": {
				"north": {"uv": [8, 1.69697, 8.25, 1.86364], "texture": "#4"},
				"east": {"uv": [1.93939, 8, 2.18939, 8.16667], "texture": "#4"},
				"south": {"uv": [8, 1.93939, 8.25, 2.10606], "texture": "#4"},
				"west": {"uv": [8, 2.18182, 8.25, 2.34848], "texture": "#4"},
				"up": {"uv": [1.2197, 7.76515, 0.9697, 7.51515], "texture": "#4"},
				"down": {"uv": [1.70455, 7.51515, 1.45455, 7.76515], "texture": "#4"}
			}
		},
		{
			"from": [0.125, 7.25, 8.525],
			"to": [0.625, 7.5, 8.775],
			"rotation": {"angle": 0, "axis": "y", "origin": [6.3, 4.575, 8]},
			"faces": {
				"north": {"uv": [8.72727, 3.15152, 8.85227, 3.19318], "texture": "#4"},
				"east": {"uv": [3.87879, 8.9697, 3.92045, 9.01136], "texture": "#4"},
				"south": {"uv": [3.39394, 8.72727, 3.51894, 8.76894], "texture": "#4"},
				"west": {"uv": [8.9697, 3.87879, 9.01136, 3.92045], "texture": "#4"},
				"up": {"uv": [3.76136, 8.76894, 3.63636, 8.72727], "texture": "#4"},
				"down": {"uv": [8.85227, 3.63636, 8.72727, 3.67803], "texture": "#4"}
			}
		},
		{
			"from": [-5.625, 8, 8.325],
			"to": [0.125, 8.25, 8.925],
			"rotation": {"angle": 0, "axis": "y", "origin": [6.3, 4.575, 8]},
			"faces": {
				"north": {"uv": [6.78788, 7.51515, 8.16288, 7.55682], "texture": "#4"},
				"east": {"uv": [8.72727, 0, 8.85227, 0.04167], "texture": "#4"},
				"south": {"uv": [7.51515, 7.0303, 8.89015, 7.07197], "texture": "#4"},
				"west": {"uv": [0.24242, 8.72727, 0.36742, 8.76894], "texture": "#4"},
				"up": {"uv": [1.61742, 3.27652, 0.24242, 3.15152], "texture": "#4"},
				"down": {"uv": [5.01136, 6.06061, 3.63636, 6.18561], "texture": "#4"}
			}
		},
		{
			"from": [0.125, 8, 8.125],
			"to": [0.625, 8.75, 9.125],
			"rotation": {"angle": 0, "axis": "y", "origin": [6.3, 4.575, 8]},
			"faces": {
				"north": {"uv": [5.09091, 6.78788, 5.21591, 6.95455], "texture": "#4"},
				"east": {"uv": [2.42424, 8, 2.67424, 8.16667], "texture": "#4"},
				"south": {"uv": [2.90909, 7.27273, 3.03409, 7.43939], "texture": "#4"},
				"west": {"uv": [8, 2.42424, 8.25, 2.59091], "texture": "#4"},
				"up": {"uv": [7.64015, 8.25, 7.51515, 8], "texture": "#4"},
				"down": {"uv": [7.88258, 8, 7.75758, 8.25], "texture": "#4"}
			}
		},
		{
			"from": [-0.375, 8.375, 8.325],
			"to": [0.125, 8.55, 8.925],
			"rotation": {"angle": 0, "axis": "y", "origin": [6.3, 4.575, 8]},
			"faces": {
				"north": {"uv": [8.72727, 1.45455, 8.85227, 1.49621], "texture": "#4"},
				"east": {"uv": [1.93939, 8.72727, 2.06439, 8.76894], "texture": "#4"},
				"south": {"uv": [2.18182, 8.72727, 2.30682, 8.76894], "texture": "#4"},
				"west": {"uv": [2.42424, 8.72727, 2.54924, 8.76894], "texture": "#4"},
				"up": {"uv": [4.24621, 8.36742, 4.12121, 8.24242], "texture": "#4"},
				"down": {"uv": [4.48864, 8.24242, 4.36364, 8.36742], "texture": "#4"}
			}
		},
		{
			"from": [-1.125, 8.25, 8.325],
			"to": [0.125, 8.375, 8.925],
			"rotation": {"angle": 0, "axis": "y", "origin": [6.3, 4.575, 8]},
			"faces": {
				"north": {"uv": [8.24242, 6.30303, 8.53409, 6.3447], "texture": "#4"},
				"east": {"uv": [8.72727, 1.21212, 8.85227, 1.25379], "texture": "#4"},
				"south": {"uv": [6.78788, 8.24242, 7.07955, 8.28409], "texture": "#4"},
				"west": {"uv": [1.45455, 8.72727, 1.57955, 8.76894], "texture": "#4"},
				"up": {"uv": [3.68561, 8.125, 3.39394, 8], "texture": "#4"},
				"down": {"uv": [8.29167, 3.63636, 8, 3.76136], "texture": "#4"}
			}
		},
		{
			"from": [-5.625, 7.75, 8.15],
			"to": [0.375, 8, 9.1],
			"rotation": {"angle": 0, "axis": "y", "origin": [6.3, 4.575, 8]},
			"faces": {
				"north": {"uv": [2.90909, 7.51515, 4.36742, 7.55682], "texture": "#4"},
				"east": {"uv": [8.24242, 7.51515, 8.49242, 7.55682], "texture": "#4"},
				"south": {"uv": [7.51515, 4.12121, 8.97348, 4.16288], "texture": "#4"},
				"west": {"uv": [8, 8.24242, 8.25, 8.28409], "texture": "#4"},
				"up": {"uv": [5.0947, 6.55303, 3.63636, 6.30303], "texture": "#4"},
				"down": {"uv": [7.76136, 3.63636, 6.30303, 3.88636], "texture": "#4"}
			}
		},
		{
			"from": [-8.125, 6.5, 8.15],
			"to": [-0.875, 7.75, 9.1],
			"rotation": {"angle": 0, "axis": "y", "origin": [6.3, 4.575, 8]},
			"faces": {
				"north": {"uv": [5.33333, 6.06061, 7.08333, 6.35227], "texture": "#4"},
				"east": {"uv": [7.27273, 0.24242, 7.52273, 0.53409], "texture": "#4"},
				"south": {"uv": [0, 6.30303, 1.75, 6.5947], "texture": "#4"},
				"west": {"uv": [0.48485, 7.27273, 0.73485, 7.56439], "texture": "#4"},
				"up": {"uv": [8.05303, 2.91667, 6.30303, 2.66667], "texture": "#4"},
				"down": {"uv": [8.05303, 3.15152, 6.30303, 3.40152], "texture": "#4"}
			}
		},
		{
			"from": [-0.875, 6.5, 8.15],
			"to": [-0.625, 6.75, 9.1],
			"rotation": {"angle": 0, "axis": "y", "origin": [6.3, 4.575, 8]},
			"faces": {
				"north": {"uv": [0.72727, 8.9697, 0.76894, 9.01136], "texture": "#4"},
				"east": {"uv": [8.48485, 2.18182, 8.73485, 2.22348], "texture": "#4"},
				"south": {"uv": [8.9697, 0.72727, 9.01136, 0.76894], "texture": "#4"},
				"west": {"uv": [2.42424, 8.48485, 2.67424, 8.52652], "texture": "#4"},
				"up": {"uv": [1.73864, 8.73485, 1.69697, 8.48485], "texture": "#4"},
				"down": {"uv": [2.95076, 8.48485, 2.90909, 8.73485], "texture": "#4"}
			}
		},
		{
			"from": [-0.875, 6.75, 8.15],
			"to": [-0.375, 7, 9.1],
			"rotation": {"angle": 0, "axis": "y", "origin": [6.3, 4.575, 8]},
			"faces": {
				"north": {"uv": [0.9697, 8.72727, 1.0947, 8.76894], "texture": "#4"},
				"east": {"uv": [8.48485, 1.69697, 8.73485, 1.73864], "texture": "#4"},
				"south": {"uv": [1.21212, 8.72727, 1.33712, 8.76894], "texture": "#4"},
				"west": {"uv": [8.48485, 1.93939, 8.73485, 1.98106], "texture": "#4"},
				"up": {"uv": [6.42803, 8.25, 6.30303, 8], "texture": "#4"},
				"down": {"uv": [6.67045, 8, 6.54545, 8.25], "texture": "#4"}
			}
		},
		{
			"from": [-4.875, 5.85, 8.15],
			"to": [-3.375, 6.5, 9.1],
			"rotation": {"angle": 0, "axis": "y", "origin": [6.3, 4.575, 8]},
			"faces": {
				"north": {"uv": [1.93939, 2.90909, 2.31439, 3.07576], "texture": "#4"},
				"east": {"uv": [8, 0.72727, 8.25, 0.89394], "texture": "#4"},
				"south": {"uv": [3.87879, 3.15152, 4.25379, 3.31818], "texture": "#4"},
				"west": {"uv": [8, 0.9697, 8.25, 1.13636], "texture": "#4"},
				"up": {"uv": [6.43561, 7.2803, 6.06061, 7.0303], "texture": "#4"},
				"down": {"uv": [6.92045, 7.0303, 6.54545, 7.2803], "texture": "#4"}
			}
		},
		{
			"from": [-3.375, 6.1, 8.15],
			"to": [-2.625, 6.5, 9.1],
			"rotation": {"angle": 0, "axis": "y", "origin": [6.3, 4.575, 8]},
			"faces": {
				"north": {"uv": [8.24242, 5.09091, 8.40909, 5.17424], "texture": "#4"},
				"east": {"uv": [8.24242, 1.21212, 8.49242, 1.29545], "texture": "#4"},
				"south": {"uv": [5.33333, 8.24242, 5.5, 8.32576], "texture": "#4"},
				"west": {"uv": [8.24242, 1.45455, 8.49242, 1.53788], "texture": "#4"},
				"up": {"uv": [1.62121, 8.25, 1.45455, 8], "texture": "#4"},
				"down": {"uv": [1.86364, 8, 1.69697, 8.25], "texture": "#4"}
			}
		},
		{
			"from": [-8.125, 5.35, 8.15],
			"to": [-4.875, 6.5, 9.1],
			"rotation": {"angle": 0, "axis": "y", "origin": [6.3, 4.575, 8]},
			"faces": {
				"north": {"uv": [6.30303, 4.60606, 7.0947, 4.89773], "texture": "#4"},
				"east": {"uv": [7.0303, 7.0303, 7.2803, 7.32197], "texture": "#4"},
				"south": {"uv": [6.30303, 5.57576, 7.0947, 5.86742], "texture": "#4"},
				"west": {"uv": [0, 7.27273, 0.25, 7.56439], "texture": "#4"},
				"up": {"uv": [7.33712, 0.97727, 6.54545, 0.72727], "texture": "#4"},
				"down": {"uv": [6.125, 6.54545, 5.33333, 6.79545], "texture": "#4"}
			}
		},
		{
			"from": [-4.875, 5.6, 8.15],
			"to": [-4.125, 5.85, 9.1],
			"rotation": {"angle": 0, "axis": "y", "origin": [6.3, 4.575, 8]},
			"faces": {
				"north": {"uv": [5.57576, 8.48485, 5.74242, 8.52652], "texture": "#4"},
				"east": {"uv": [8.48485, 0.9697, 8.73485, 1.01136], "texture": "#4"},
				"south": {"uv": [8.48485, 5.57576, 8.65152, 5.61742], "texture": "#4"},
				"west": {"uv": [1.21212, 8.48485, 1.46212, 8.52652], "texture": "#4"},
				"up": {"uv": [1.37879, 8.25, 1.21212, 8], "texture": "#4"},
				"down": {"uv": [8.16667, 1.21212, 8, 1.46212], "texture": "#4"}
			}
		},
		{
			"from": [-8.025, 7.7, 8.325],
			"to": [-4.725, 8, 8.925],
			"rotation": {"angle": 0, "axis": "y", "origin": [6.3, 4.575, 8]},
			"faces": {
				"north": {"uv": [7.27273, 4.84848, 8.06439, 4.93182], "texture": "#4"},
				"east": {"uv": [7.27273, 8.24242, 7.39773, 8.32576], "texture": "#4"},
				"south": {"uv": [7.27273, 5.57576, 8.06439, 5.65909], "texture": "#4"},
				"west": {"uv": [8.48485, 0, 8.60985, 0.08333], "texture": "#4"},
				"up": {"uv": [3.94318, 6.91288, 3.15152, 6.78788], "texture": "#4"},
				"down": {"uv": [4.91288, 6.78788, 4.12121, 6.91288], "texture": "#4"}
			}
		},
		{
			"from": [-8.125, 4.85, 8.15],
			"to": [-6.125, 5.35, 9.1],
			"rotation": {"angle": 0, "axis": "y", "origin": [6.3, 4.575, 8]},
			"faces": {
				"north": {"uv": [5.09091, 1.45455, 5.59091, 1.57955], "texture": "#4"},
				"east": {"uv": [5.33333, 8, 5.58333, 8.125], "texture": "#4"},
				"south": {"uv": [5.09091, 2.18182, 5.59091, 2.30682], "texture": "#4"},
				"west": {"uv": [8, 5.81818, 8.25, 5.94318], "texture": "#4"},
				"up": {"uv": [1.22727, 7.03788, 0.72727, 6.78788], "texture": "#4"},
				"down": {"uv": [1.95455, 6.78788, 1.45455, 7.03788], "texture": "#4"}
			}
		},
		{
			"from": [-6.125, 5.1, 8.175],
			"to": [-5.625, 5.35, 9.075],
			"rotation": {"angle": 0, "axis": "y", "origin": [6.3, 4.575, 8]},
			"faces": {
				"north": {"uv": [0.48485, 8.72727, 0.60985, 8.76894], "texture": "#4"},
				"east": {"uv": [4.12121, 8.48485, 4.32955, 8.52652], "texture": "#4"},
				"south": {"uv": [0.72727, 8.72727, 0.85227, 8.76894], "texture": "#4"},
				"west": {"uv": [4.36364, 8.48485, 4.57197, 8.52652], "texture": "#4"},
				"up": {"uv": [6.18561, 3.8447, 6.06061, 3.63636], "texture": "#4"},
				"down": {"uv": [6.18561, 5.57576, 6.06061, 5.78409], "texture": "#4"}
			}
		},
		{
			"from": [-7.875, 4.6, 8.15],
			"to": [-6.875, 4.85, 9.1],
			"rotation": {"angle": 0, "axis": "y", "origin": [6.3, 4.575, 8]},
			"faces": {
				"north": {"uv": [0.24242, 8.48485, 0.49242, 8.52652], "texture": "#4"},
				"east": {"uv": [8.48485, 0.24242, 8.73485, 0.28409], "texture": "#4"},
				"south": {"uv": [0.72727, 8.48485, 0.97727, 8.52652], "texture": "#4"},
				"west": {"uv": [8.48485, 0.72727, 8.73485, 0.76894], "texture": "#4"},
				"up": {"uv": [7.52273, 6.06818, 7.27273, 5.81818], "texture": "#4"},
				"down": {"uv": [7.76515, 0.72727, 7.51515, 0.97727], "texture": "#4"}
			}
		},
		{
			"from": [19.35, 8.25, 8.275],
			"to": [20.125, 9.5, 8.975],
			"rotation": {"angle": 0, "axis": "y", "origin": [6.3, 4.575, 8]},
			"faces": {
				"north": {"uv": [6.30303, 7.51515, 6.51136, 7.80682], "texture": "#4"},
				"east": {"uv": [6.06061, 7.75758, 6.22727, 8.04924], "texture": "#4"},
				"south": {"uv": [6.54545, 7.51515, 6.75379, 7.80682], "texture": "#4"},
				"west": {"uv": [6.78788, 7.75758, 6.95455, 8.04924], "texture": "#4"},
				"up": {"uv": [2.14773, 2.83333, 1.93939, 2.66667], "texture": "#4"},
				"down": {"uv": [2.63258, 2.66667, 2.42424, 2.83333], "texture": "#4"}
			}
		},
		{
			"from": [18.925, 8.4, 8.275],
			"to": [19.35, 9.5, 8.975],
			"rotation": {"angle": 0, "axis": "y", "origin": [6.3, 4.575, 8]},
			"faces": {
				"north": {"uv": [1.93939, 8.24242, 2.02273, 8.49242], "texture": "#4"},
				"east": {"uv": [2.90909, 8, 3.07576, 8.25], "texture": "#4"},
				"south": {"uv": [2.18182, 8.24242, 2.26515, 8.49242], "texture": "#4"},
				"west": {"uv": [3.15152, 8, 3.31818, 8.25], "texture": "#4"},
				"up": {"uv": [8.32576, 5.74242, 8.24242, 5.57576], "texture": "#4"},
				"down": {"uv": [6.14394, 8.24242, 6.06061, 8.40909], "texture": "#4"}
			}
		},
		{
			"from": [0.625, 9.5, 8.425],
			"to": [1.525, 9.75, 8.825],
			"rotation": {"angle": 0, "axis": "y", "origin": [6.3, 4.575, 8]},
			"faces": {
				"north": {"uv": [4.60606, 8.48485, 4.81439, 8.52652], "texture": "#4"},
				"east": {"uv": [8.72727, 8.72727, 8.81061, 8.76894], "texture": "#4"},
				"south": {"uv": [4.84848, 8.48485, 5.05682, 8.52652], "texture": "#4"},
				"west": {"uv": [0, 8.9697, 0.08333, 9.01136], "texture": "#4"},
				"up": {"uv": [8.45076, 3.47727, 8.24242, 3.39394], "texture": "#4"},
				"down": {"uv": [4.08712, 8.24242, 3.87879, 8.32576], "texture": "#4"}
			}
		},
		{
			"from": [0.4, 9.25, 8.325],
			"to": [0.625, 9.75, 8.925],
			"rotation": {"angle": 0, "axis": "y", "origin": [6.3, 4.575, 8]},
			"faces": {
				"north": {"uv": [4.12121, 8.72727, 4.16288, 8.85227], "texture": "#4"},
				"east": {"uv": [8.24242, 4.84848, 8.36742, 4.97348], "texture": "#4"},
				"south": {"uv": [4.36364, 8.72727, 4.4053, 8.85227], "texture": "#4"},
				"west": {"uv": [5.09091, 8.24242, 5.21591, 8.36742], "texture": "#4"},
				"up": {"uv": [4.64773, 8.85227, 4.60606, 8.72727], "texture": "#4"},
				"down": {"uv": [4.89015, 8.72727, 4.84848, 8.85227], "texture": "#4"}
			}
		},
		{
			"from": [0.625, 9.25, 8.325],
			"to": [7.625, 9.5, 8.925],
			"rotation": {"angle": 0, "axis": "y", "origin": [6.3, 4.575, 8]},
			"faces": {
				"north": {"uv": [0.9697, 7.27273, 2.67803, 7.31439], "texture": "#4"},
				"east": {"uv": [3.87879, 8.72727, 4.00379, 8.76894], "texture": "#4"},
				"south": {"uv": [7.27273, 4.60606, 8.98106, 4.64773], "texture": "#4"},
				"west": {"uv": [8.72727, 3.87879, 8.85227, 3.92045], "texture": "#4"},
				"up": {"uv": [4.85985, 0.60985, 3.15152, 0.48485], "texture": "#4"},
				"down": {"uv": [8.01136, 0, 6.30303, 0.125], "texture": "#4"}
			}
		},
		{
			"from": [1.525, 9.5, 8.525],
			"to": [2.35, 9.7, 8.725],
			"rotation": {"angle": 0, "axis": "y", "origin": [6.3, 4.575, 8]},
			"faces": {
				"north": {"uv": [8.48485, 4.84848, 8.69318, 4.89015], "texture": "#4"},
				"east": {"uv": [4.60606, 8.9697, 4.64773, 9.01136], "texture": "#4"},
				"south": {"uv": [5.09091, 8.48485, 5.29924, 8.52652], "texture": "#4"},
				"west": {"uv": [4.84848, 8.9697, 4.89015, 9.01136], "texture": "#4"},
				"up": {"uv": [8.69318, 5.13258, 8.48485, 5.09091], "texture": "#4"},
				"down": {"uv": [5.54167, 8.48485, 5.33333, 8.52652], "texture": "#4"}
			}
		},
		{
			"from": [2.35, 9.5, 8.425],
			"to": [5.375, 9.75, 8.825],
			"rotation": {"angle": 0, "axis": "y", "origin": [6.3, 4.575, 8]},
			"faces": {
				"north": {"uv": [0.24242, 8.24242, 0.99242, 8.28409], "texture": "#4"},
				"east": {"uv": [8.9697, 0, 9.05303, 0.04167], "texture": "#4"},
				"south": {"uv": [8.24242, 0.48485, 8.99242, 0.52652], "texture": "#4"},
				"west": {"uv": [0.24242, 8.9697, 0.32576, 9.01136], "texture": "#4"},
				"up": {"uv": [8.02273, 6.38636, 7.27273, 6.30303], "texture": "#4"},
				"down": {"uv": [2.68939, 7.51515, 1.93939, 7.59848], "texture": "#4"}
			}
		},
		{
			"from": [0.725, 9.5, 9.15],
			"to": [1.025, 9.85, 9.575],
			"rotation": {"angle": 0, "axis": "y", "origin": [6.3, 4.575, 8]},
			"faces": {
				"north": {"uv": [8, 8.48485, 8.08333, 8.56818], "texture": "#4"},
				"east": {"uv": [8.48485, 8, 8.56818, 8.08333], "texture": "#4"},
				"south": {"uv": [8.24242, 8.48485, 8.32576, 8.56818], "texture": "#4"},
				"west": {"uv": [8.48485, 8.24242, 8.56818, 8.32576], "texture": "#4"},
				"up": {"uv": [8.56818, 8.56818, 8.48485, 8.48485], "texture": "#4"},
				"down": {"uv": [0.08333, 8.72727, 0, 8.81061], "texture": "#4"}
			}
		},
		{
			"from": [0.75, 9.55, 8.825],
			"to": [1, 9.7, 9.15],
			"rotation": {"angle": 0, "axis": "y", "origin": [6.3, 4.575, 8]},
			"faces": {
				"north": {"uv": [4.12121, 8.9697, 4.16288, 9.01136], "texture": "#4"},
				"east": {"uv": [8.24242, 8.72727, 8.32576, 8.76894], "texture": "#4"},
				"south": {"uv": [4.36364, 8.9697, 4.4053, 9.01136], "texture": "#4"},
				"west": {"uv": [8.72727, 8.24242, 8.81061, 8.28409], "texture": "#4"},
				"up": {"uv": [8.52652, 8.81061, 8.48485, 8.72727], "texture": "#4"},
				"down": {"uv": [8.76894, 8.48485, 8.72727, 8.56818], "texture": "#4"}
			}
		},
		{
			"from": [7.25, 9.525, 8.325],
			"to": [7.625, 9.75, 8.925],
			"rotation": {"angle": 0, "axis": "y", "origin": [6.3, 4.575, 8]},
			"faces": {
				"north": {"uv": [8.9697, 0.24242, 9.05303, 0.28409], "texture": "#4"},
				"east": {"uv": [8.72727, 4.84848, 8.85227, 4.89015], "texture": "#4"},
				"south": {"uv": [0.48485, 8.9697, 0.56818, 9.01136], "texture": "#4"},
				"west": {"uv": [5.09091, 8.72727, 5.21591, 8.76894], "texture": "#4"},
				"up": {"uv": [8.56818, 3.76136, 8.48485, 3.63636], "texture": "#4"},
				"down": {"uv": [8.56818, 3.87879, 8.48485, 4.00379], "texture": "#4"}
			}
		},
		{
			"from": [7.625, 9.25, 8.125],
			"to": [8.175, 9.75, 9.125],
			"rotation": {"angle": 0, "axis": "y", "origin": [6.3, 4.575, 8]},
			"faces": {
				"north": {"uv": [4.60606, 8.24242, 4.73106, 8.36742], "texture": "#4"},
				"east": {"uv": [8, 7.27273, 8.25, 7.39773], "texture": "#4"},
				"south": {"uv": [4.84848, 8.24242, 4.97348, 8.36742], "texture": "#4"},
				"west": {"uv": [8, 8, 8.25, 8.125], "texture": "#4"},
				"up": {"uv": [0.125, 8.49242, 0, 8.24242], "texture": "#4"},
				"down": {"uv": [8.36742, 0, 8.24242, 0.25], "texture": "#4"}
			}
		},
		{
			"from": [8.175, 9, 8.275],
			"to": [9.625, 9.75, 8.975],
			"rotation": {"angle": 0, "axis": "y", "origin": [6.3, 4.575, 8]},
			"faces": {
				"north": {"uv": [7.51515, 7.27273, 7.84848, 7.43939], "texture": "#4"},
				"east": {"uv": [3.87879, 2.90909, 4.04545, 3.07576], "texture": "#4"},
				"south": {"uv": [0, 7.75758, 0.33333, 7.92424], "texture": "#4"},
				"west": {"uv": [6.06061, 2.66667, 6.22727, 2.83333], "texture": "#4"},
				"up": {"uv": [8.09091, 0.40909, 7.75758, 0.24242], "texture": "#4"},
				"down": {"uv": [0.81818, 7.75758, 0.48485, 7.92424], "texture": "#4"}
			}
		},
		{
			"from": [0.625, 6.75, 8.525],
			"to": [0.875, 7.5, 8.775],
			"rotation": {"angle": 0, "axis": "y", "origin": [6.3, 4.575, 8]},
			"faces": {
				"north": {"uv": [7.27273, 8.48485, 7.31439, 8.65152], "texture": "#4"},
				"east": {"uv": [8.48485, 7.27273, 8.52652, 7.43939], "texture": "#4"},
				"south": {"uv": [7.51515, 8.48485, 7.55682, 8.65152], "texture": "#4"},
				"west": {"uv": [7.75758, 8.48485, 7.79924, 8.65152], "texture": "#4"},
				"up": {"uv": [3.67803, 9.01136, 3.63636, 8.9697], "texture": "#4"},
				"down": {"uv": [9.01136, 3.63636, 8.9697, 3.67803], "texture": "#4"}
			}
		},
		{
			"from": [0.875, 6.65, 8.525],
			"to": [1.95, 6.925, 8.775],
			"rotation": {"angle": 0, "axis": "y", "origin": [6.3, 4.575, 8]},
			"faces": {
				"north": {"uv": [8.24242, 2.66667, 8.49242, 2.75], "texture": "#4"},
				"east": {"uv": [8, 8.72727, 8.04167, 8.81061], "texture": "#4"},
				"south": {"uv": [8.24242, 2.90909, 8.49242, 2.99242], "texture": "#4"},
				"west": {"uv": [8.72727, 8, 8.76894, 8.08333], "texture": "#4"},
				"up": {"uv": [8.73485, 3.43561, 8.48485, 3.39394], "texture": "#4"},
				"down": {"uv": [3.88636, 8.48485, 3.63636, 8.52652], "texture": "#4"}
			}
		},
		{
			"from": [1.95, 6.75, 8.525],
			"to": [2.2, 7.5, 8.775],
			"rotation": {"angle": 0, "axis": "y", "origin": [6.3, 4.575, 8]},
			"faces": {
				"north": {"uv": [8.48485, 6.54545, 8.52652, 6.71212], "texture": "#4"},
				"east": {"uv": [6.78788, 8.48485, 6.82955, 8.65152], "texture": "#4"},
				"south": {"uv": [8.48485, 6.78788, 8.52652, 6.95455], "texture": "#4"},
				"west": {"uv": [7.0303, 8.48485, 7.07197, 8.65152], "texture": "#4"},
				"up": {"uv": [3.43561, 9.01136, 3.39394, 8.9697], "texture": "#4"},
				"down": {"uv": [9.01136, 3.39394, 8.9697, 3.43561], "texture": "#4"}
			}
		},
		{
			"from": [1.7, 7.25, 8.6],
			"to": [1.95, 7.5, 8.7],
			"rotation": {"angle": 0, "axis": "y", "origin": [6.3, 4.575, 8]},
			"faces": {
				"north": {"uv": [1.93939, 8.9697, 1.98106, 9.01136], "texture": "#4"},
				"east": {"uv": [8.9697, 1.93939, 9.01136, 1.98106], "texture": "#4"},
				"south": {"uv": [2.18182, 8.9697, 2.22348, 9.01136], "texture": "#4"},
				"west": {"uv": [8.9697, 2.18182, 9.01136, 2.22348], "texture": "#4"},
				"up": {"uv": [2.46591, 9.01136, 2.42424, 8.9697], "texture": "#4"},
				"down": {"uv": [9.01136, 2.42424, 8.9697, 2.46591], "texture": "#4"}
			}
		},
		{
			"from": [0.975, 7.25, 8.6],
			"to": [1.475, 7.5, 8.7],
			"rotation": {"angle": 0, "axis": "y", "origin": [6.3, 4.575, 8]},
			"faces": {
				"north": {"uv": [2.66667, 8.72727, 2.79167, 8.76894], "texture": "#4"},
				"east": {"uv": [0.9697, 8.9697, 1.01136, 9.01136], "texture": "#4"},
				"south": {"uv": [8.72727, 2.66667, 8.85227, 2.70833], "texture": "#4"},
				"west": {"uv": [8.9697, 0.9697, 9.01136, 1.01136], "texture": "#4"},
				"up": {"uv": [8.85227, 2.95076, 8.72727, 2.90909], "texture": "#4"},
				"down": {"uv": [3.27652, 8.72727, 3.15152, 8.76894], "texture": "#4"}
			}
		},
		{
			"from": [0.975, 7, 8.6],
			"to": [1.225, 7.25, 8.7],
			"rotation": {"angle": 0, "axis": "y", "origin": [6.3, 4.575, 8]},
			"faces": {
				"north": {"uv": [1.21212, 8.9697, 1.25379, 9.01136], "texture": "#4"},
				"east": {"uv": [8.9697, 1.21212, 9.01136, 1.25379], "texture": "#4"},
				"south": {"uv": [1.45455, 8.9697, 1.49621, 9.01136], "texture": "#4"},
				"west": {"uv": [8.9697, 1.45455, 9.01136, 1.49621], "texture": "#4"},
				"up": {"uv": [1.73864, 9.01136, 1.69697, 8.9697], "texture": "#4"},
				"down": {"uv": [9.01136, 1.69697, 8.9697, 1.73864], "texture": "#4"}
			}
		},
		{
			"from": [20.125, 9.125, 8.475],
			"to": [22.675, 9.425, 8.775],
			"rotation": {"angle": 0, "axis": "y", "origin": [6.3, 4.575, 8]},
			"faces": {
				"north": {"uv": [2.42424, 7.75758, 3.04924, 7.84091], "texture": "#4"},
				"east": {"uv": [6.30303, 8.48485, 6.38636, 8.56818], "texture": "#4"},
				"south": {"uv": [3.15152, 7.75758, 3.77652, 7.84091], "texture": "#4"},
				"west": {"uv": [6.54545, 8.48485, 6.62879, 8.56818], "texture": "#4"},
				"up": {"uv": [4.50379, 7.84091, 3.87879, 7.75758], "texture": "#4"},
				"down": {"uv": [5.23106, 7.75758, 4.60606, 7.84091], "texture": "#4"}
			}
		},
		{
			"from": [22.125, 9.425, 8.55],
			"to": [22.375, 9.725, 8.7],
			"rotation": {"angle": 0, "axis": "y", "origin": [6.3, 4.575, 8]},
			"faces": {
				"north": {"uv": [8.72727, 5.09091, 8.76894, 5.17424], "texture": "#4"},
				"east": {"uv": [5.33333, 8.72727, 5.375, 8.81061], "texture": "#4"},
				"south": {"uv": [8.72727, 5.33333, 8.76894, 5.41667], "texture": "#4"},
				"west": {"uv": [5.57576, 8.72727, 5.61742, 8.81061], "texture": "#4"},
				"up": {"uv": [2.70833, 9.01136, 2.66667, 8.9697], "texture": "#4"},
				"down": {"uv": [9.01136, 2.66667, 8.9697, 2.70833], "texture": "#4"}
			}
		},
		{
			"from": [20.125, 8.6, 8.475],
			"to": [21.875, 8.8, 8.775],
			"rotation": {"angle": 0, "axis": "y", "origin": [6.3, 4.575, 8]},
			"faces": {
				"north": {"uv": [8.24242, 3.15152, 8.65909, 3.19318], "texture": "#4"},
				"east": {"uv": [8.72727, 5.57576, 8.81061, 5.61742], "texture": "#4"},
				"south": {"uv": [3.39394, 8.24242, 3.81061, 8.28409], "texture": "#4"},
				"west": {"uv": [5.81818, 8.72727, 5.90152, 8.76894], "texture": "#4"},
				"up": {"uv": [4.7803, 8.08333, 4.36364, 8], "texture": "#4"},
				"down": {"uv": [5.26515, 8, 4.84848, 8.08333], "texture": "#4"}
			}
		},
		{
			"from": [22.675, 9.125, 8.475],
			"to": [22.975, 9.425, 8.575],
			"rotation": {"angle": 0, "axis": "y", "origin": [6.3, 4.575, 8]},
			"faces": {
				"north": {"uv": [6.06061, 8.48485, 6.14394, 8.56818], "texture": "#4"},
				"east": {"uv": [7.51515, 8.72727, 7.55682, 8.81061], "texture": "#4"},
				"south": {"uv": [8.48485, 6.06061, 8.56818, 6.14394], "texture": "#4"},
				"west": {"uv": [8.72727, 7.51515, 8.76894, 7.59848], "texture": "#4"},
				"up": {"uv": [7.84091, 8.76894, 7.75758, 8.72727], "texture": "#4"},
				"down": {"uv": [8.81061, 7.75758, 8.72727, 7.79924], "texture": "#4"}
			}
		},
		{
			"from": [22.675, 9.125, 8.675],
			"to": [22.975, 9.425, 8.775],
			"rotation": {"angle": 0, "axis": "y", "origin": [6.3, 4.575, 8]},
			"faces": {
				"north": {"uv": [5.81818, 8.48485, 5.90152, 8.56818], "texture": "#4"},
				"east": {"uv": [8.72727, 6.78788, 8.76894, 6.87121], "texture": "#4"},
				"south": {"uv": [8.48485, 5.81818, 8.56818, 5.90152], "texture": "#4"},
				"west": {"uv": [7.0303, 8.72727, 7.07197, 8.81061], "texture": "#4"},
				"up": {"uv": [7.35606, 8.76894, 7.27273, 8.72727], "texture": "#4"},
				"down": {"uv": [8.81061, 7.27273, 8.72727, 7.31439], "texture": "#4"}
			}
		},
		{
			"from": [22.675, 9.125, 8.575],
			"to": [22.975, 9.225, 8.675],
			"rotation": {"angle": 0, "axis": "y", "origin": [6.3, 4.575, 8]},
			"faces": {
				"north": {"uv": [8.72727, 6.30303, 8.81061, 6.3447], "texture": "#4"},
				"east": {"uv": [3.15152, 8.9697, 3.19318, 9.01136], "texture": "#4"},
				"south": {"uv": [6.54545, 8.72727, 6.62879, 8.76894], "texture": "#4"},
				"west": {"uv": [8.9697, 3.15152, 9.01136, 3.19318], "texture": "#4"},
				"up": {"uv": [8.81061, 6.58712, 8.72727, 6.54545], "texture": "#4"},
				"down": {"uv": [6.87121, 8.72727, 6.78788, 8.76894], "texture": "#4"}
			}
		},
		{
			"from": [22.675, 9.325, 8.575],
			"to": [22.975, 9.425, 8.675],
			"rotation": {"angle": 0, "axis": "y", "origin": [6.3, 4.575, 8]},
			"faces": {
				"north": {"uv": [8.72727, 5.81818, 8.81061, 5.85985], "texture": "#4"},
				"east": {"uv": [2.90909, 8.9697, 2.95076, 9.01136], "texture": "#4"},
				"south": {"uv": [6.06061, 8.72727, 6.14394, 8.76894], "texture": "#4"},
				"west": {"uv": [8.9697, 2.90909, 9.01136, 2.95076], "texture": "#4"},
				"up": {"uv": [8.81061, 6.10227, 8.72727, 6.06061], "texture": "#4"},
				"down": {"uv": [6.38636, 8.72727, 6.30303, 8.76894], "texture": "#4"}
			}
		}
	],
	"display": {
		"thirdperson_righthand": {
			"rotation": [154, 90, -14],
			"translation": [-0.5, 2.5, 4.25],
			"scale": [0.7, 0.7, 0.7]
		},
		"thirdperson_lefthand": {
			"rotation": [0, -90, -114],
			"translation": [0.5, 4.25, 3],
			"scale": [0.7, 0.7, 0.7]
		},
		"firstperson_righthand": {
			"rotation": [1, 102, 4.5],
			"translation": [-1.25, 3.75, 0],
			"scale": [0.6, 0.6, 0.6]
		},
		"firstperson_lefthand": {
			"rotation": [-5, -79, -9.5],
			"translation": [-1.75, 4, 0.5],
			"scale": [0.6, 0.6, -0.6]
		},
		"ground": {
			"translation": [-0.25, -0.75, 0],
			"scale": [0.7, 0.7, 0.7]
		},
		"gui": {
			"rotation": [0, -180, 37],
			"translation": [-0.65, 0.75, 0],
			"scale": [0.58, 0.9, 0.65]
		},
		"head": {
			"rotation": [0, 90, 0],
			"translation": [-0.5, 8.5, -1.75]
		},
		"fixed": {
			"rotation": [0, 0, 36],
			"translation": [0.5, 1.25, -2],
			"scale": [0.9, 1.05, 0.9]
		}
	},
	"groups": [
		{
			"name": "彈藥包",
			"origin": [0, 0, 0],
			"color": 0,
			"children": [0, 1, 2, 3, 4, 5, 6, 7, 8]
		},
		{
			"name": "group",
			"origin": [-8, -8, -8],
			"color": 0,
			"children": [
				{
					"name": "槍身",
					"origin": [-8, -8, -8],
					"color": 0,
					"children": [9, 10, 11, 12, 13, 14, 15, 16, 17, 18, 19, 20, 21, 22, 23, 24, 25, 26, 27, 28, 29, 30, 31, 32, 33, 34, 35, 36, 37]
				},
				{
					"name": "照門、滑套",
					"origin": [-8, -8, -8],
					"color": 0,
					"children": [38, 39, 40, 41, 42, 43, 44, 45, 46, 47]
				},
				{
					"name": "板機",
					"origin": [-8, -8, -8],
					"color": 0,
					"children": [48, 49, 50, 51, 52, 53]
				},
				{
					"name": "槍管",
					"origin": [-8, -8, -8],
					"color": 0,
					"children": [54, 55, 56, 57, 58, 59, 60]
				}
			]
		}
	]
}