{
	"credit": "Made with Blockbench",
	"texture_size": [64, 64],
	"textures": {
		"209": "cmd/izana_jetpack",
		"particle": "izana_jetpack"
	},
	"elements": [
		{
			"from": [6.8, 14, 3],
			"to": [9.6, 20, 5.4],
			"rotation": {"angle": 22.5, "axis": "x", "origin": [7.2, 8, 10.4]},
			"faces": {
				"north": {"uv": [3.25, 1.5, 4, 3], "texture": "#209"},
				"east": {"uv": [4.75, 1.25, 5.375, 2.75], "texture": "#209"},
				"south": {"uv": [3.25, 3, 4, 4.5], "texture": "#209"},
				"west": {"uv": [5.25, 2.75, 5.875, 4.25], "texture": "#209"},
				"up": {"uv": [3.75, 6.375, 3, 5.75], "texture": "#209"},
				"down": {"uv": [4.5, 5.75, 3.75, 6.375], "texture": "#209"}
			}
		},
		{
			"from": [7, 12, 3.2],
			"to": [9.4, 14, 5.2],
			"rotation": {"angle": 22.5, "axis": "x", "origin": [7.2, 8, 10.4]},
			"faces": {
				"north": {"uv": [6.5, 6.5, 7.125, 7], "texture": "#209"},
				"east": {"uv": [6.5, 7, 7, 7.5], "texture": "#209"},
				"south": {"uv": [6.75, 0.5, 7.375, 1], "texture": "#209"},
				"west": {"uv": [7, 7, 7.5, 7.5], "texture": "#209"},
				"up": {"uv": [7.375, 1.5, 6.75, 1], "texture": "#209"},
				"down": {"uv": [7.375, 1.5, 6.75, 2], "texture": "#209"}
			}
		},
		{
			"from": [2.5, 7, 6.7],
			"to": [5.3, 13, 9.1],
			"rotation": {"angle": -22.5, "axis": "z", "origin": [7.2, 8, 11.5]},
			"faces": {
				"north": {"uv": [3.75, 0, 4.5, 1.5], "texture": "#209"},
				"east": {"uv": [5.25, 4.25, 5.875, 5.75], "texture": "#209"},
				"south": {"uv": [4, 1.5, 4.75, 3], "texture": "#209"},
				"west": {"uv": [0, 5.5, 0.625, 7], "texture": "#209"},
				"up": {"uv": [6, 6.375, 5.25, 5.75], "texture": "#209"},
				"down": {"uv": [6.75, 2.25, 6, 2.875], "texture": "#209"}
			}
		},
		{
			"from": [2.7, 5, 6.9],
			"to": [5.1, 7, 8.9],
			"rotation": {"angle": -22.5, "axis": "z", "origin": [7.2, 8, 11.5]},
			"faces": {
				"north": {"uv": [5, 6.5, 5.625, 7], "texture": "#209"},
				"east": {"uv": [3.5, 7, 4, 7.5], "texture": "#209"},
				"south": {"uv": [6.5, 5, 7.125, 5.5], "texture": "#209"},
				"west": {"uv": [5, 7, 5.5, 7.5], "texture": "#209"},
				"up": {"uv": [7.125, 6, 6.5, 5.5], "texture": "#209"},
				"down": {"uv": [7.125, 6, 6.5, 6.5], "texture": "#209"}
			}
		},
		{
			"from": [11, 6.2, 6.7],
			"to": [13.8, 12.2, 9.1],
			"rotation": {"angle": 22.5, "axis": "z", "origin": [7.2, 8, 11.5]},
			"faces": {
				"north": {"uv": [2.5, 2.75, 3.25, 4.25], "texture": "#209"},
				"east": {"uv": [4.5, 3, 5.125, 4.5], "texture": "#209"},
				"south": {"uv": [3, 0, 3.75, 1.5], "texture": "#209"},
				"west": {"uv": [4.5, 4.5, 5.125, 6], "texture": "#209"},
				"up": {"uv": [6.25, 1.375, 5.5, 0.75], "texture": "#209"},
				"down": {"uv": [6.25, 1.5, 5.5, 2.125], "texture": "#209"}
			}
		},
		{
			"from": [11.2, 4.2, 6.9],
			"to": [13.6, 6.2, 8.9],
			"rotation": {"angle": 22.5, "axis": "z", "origin": [7.2, 8, 11.5]},
			"faces": {
				"north": {"uv": [3.5, 6.5, 4.125, 7], "texture": "#209"},
				"east": {"uv": [5.5, 2.25, 6, 2.75], "texture": "#209"},
				"south": {"uv": [6.5, 3.5, 7.125, 4], "texture": "#209"},
				"west": {"uv": [2.5, 7, 3, 7.5], "texture": "#209"},
				"up": {"uv": [7.125, 4.5, 6.5, 4], "texture": "#209"},
				"down": {"uv": [7.125, 4.5, 6.5, 5], "texture": "#209"}
			}
		},
		{
			"from": [6.4, 9.5, 8.8],
			"to": [10, 14.2, 9.4],
			"rotation": {"angle": 0, "axis": "y", "origin": [7.2, 8, 10.4]},
			"faces": {
				"north": {"uv": [4.5, 0, 5.375, 1.125], "texture": "#209"},
				"east": {"uv": [7.25, 3.5, 7.375, 4.625], "texture": "#209"},
				"south": {"uv": [3, 4.5, 3.875, 5.625], "texture": "#209"},
				"west": {"uv": [4.5, 7.25, 4.625, 8.375], "texture": "#209"},
				"up": {"uv": [1.625, 7.625, 0.75, 7.5], "texture": "#209"},
				"down": {"uv": [8.375, 0.75, 7.5, 0.875], "texture": "#209"}
			}
		},
		{
			"from": [9.2, 9.5, 7.6],
			"to": [10, 14.2, 8.8],
			"rotation": {"angle": 0, "axis": "y", "origin": [7.2, 8, 10.4]},
			"faces": {
				"north": {"uv": [3, 1.5, 3.25, 2.625], "texture": "#209"},
				"east": {"uv": [2.25, 5.5, 2.5, 6.625], "texture": "#209"},
				"south": {"uv": [4.25, 6.5, 4.5, 7.625], "texture": "#209"},
				"west": {"uv": [5.75, 6.5, 6, 7.625], "texture": "#209"},
				"up": {"uv": [3.25, 4.5, 3, 4.25], "texture": "#209"},
				"down": {"uv": [4.75, 1.25, 4.5, 1.5], "texture": "#209"}
			}
		},
		{
			"from": [6.4, 9.5, 7.6],
			"to": [7.2, 14.2, 8.8],
			"rotation": {"angle": 0, "axis": "y", "origin": [7.2, 8, 10.4]},
			"faces": {
				"north": {"uv": [2.25, 6.75, 2.5, 7.875], "texture": "#209"},
				"east": {"uv": [6, 6.75, 6.25, 7.875], "texture": "#209"},
				"south": {"uv": [6.25, 6.75, 6.5, 7.875], "texture": "#209"},
				"west": {"uv": [0, 7, 0.25, 8.125], "texture": "#209"},
				"up": {"uv": [5, 3, 4.75, 2.75], "texture": "#209"},
				"down": {"uv": [5.25, 2.75, 5, 3], "texture": "#209"}
			}
		},
		{
			"from": [6.8, 13.2, 7.8],
			"to": [9.6, 14.2, 8.8],
			"rotation": {"angle": 0, "axis": "y", "origin": [7.2, 8, 10.4]},
			"faces": {
				"north": {"uv": [6.75, 2.75, 7.5, 3], "texture": "#209"},
				"east": {"uv": [5, 6, 5.25, 6.25], "texture": "#209"},
				"south": {"uv": [7.25, 0, 8, 0.25], "texture": "#209"},
				"west": {"uv": [6.25, 2, 6.5, 2.25], "texture": "#209"},
				"up": {"uv": [8, 0.5, 7.25, 0.25], "texture": "#209"},
				"down": {"uv": [8, 2, 7.25, 2.25], "texture": "#209"}
			}
		},
		{
			"from": [6, 12.8, 9.4],
			"to": [7.2, 23.6, 12.6],
			"rotation": {"angle": 0, "axis": "y", "origin": [7.2, 8, 10.4]},
			"faces": {
				"north": {"uv": [1.75, 5.5, 2, 8.25], "texture": "#209"},
				"east": {"uv": [0, 0, 0.75, 2.75], "texture": "#209"},
				"south": {"uv": [2, 5.5, 2.25, 8.25], "texture": "#209"},
				"west": {"uv": [0.75, 0, 1.5, 2.75], "texture": "#209"},
				"up": {"uv": [4.25, 7.75, 4, 7], "texture": "#209"},
				"down": {"uv": [5.75, 7, 5.5, 7.75], "texture": "#209"}
			}
		},
		{
			"from": [9.2, 12.8, 9.4],
			"to": [10.6, 23.6, 12.6],
			"rotation": {"angle": 0, "axis": "y", "origin": [7.2, 8, 10.4]},
			"faces": {
				"north": {"uv": [4, 3, 4.375, 5.75], "texture": "#209"},
				"east": {"uv": [1.5, 0, 2.25, 2.75], "texture": "#209"},
				"south": {"uv": [2.5, 4.25, 2.875, 7], "texture": "#209"},
				"west": {"uv": [2.25, 0, 3, 2.75], "texture": "#209"},
				"up": {"uv": [7.125, 2.75, 6.75, 2], "texture": "#209"},
				"down": {"uv": [0.625, 7, 0.25, 7.75], "texture": "#209"}
			}
		},
		{
			"from": [6.8, 12.6, 10.6],
			"to": [9.6, 23.6, 12.4],
			"rotation": {"angle": 0, "axis": "y", "origin": [7.2, 8, 10.4]},
			"faces": {
				"north": {"uv": [0, 2.75, 0.75, 5.5], "texture": "#209"},
				"east": {"uv": [1.5, 2.75, 2, 5.5], "texture": "#209"},
				"south": {"uv": [0.75, 2.75, 1.5, 5.5], "texture": "#209"},
				"west": {"uv": [2, 2.75, 2.5, 5.5], "texture": "#209"},
				"up": {"uv": [7.25, 0.5, 6.5, 0], "texture": "#209"},
				"down": {"uv": [7.25, 3, 6.5, 3.5], "texture": "#209"}
			}
		},
		{
			"from": [6.2, 23.6, 9.6],
			"to": [10.4, 24, 12.4],
			"rotation": {"angle": 0, "axis": "y", "origin": [7.2, 8, 10.4]},
			"faces": {
				"north": {"uv": [7.25, 6.75, 8.25, 6.875], "texture": "#209"},
				"east": {"uv": [7.5, 1, 8.25, 1.125], "texture": "#209"},
				"south": {"uv": [7.5, 0.5, 8.5, 0.625], "texture": "#209"},
				"west": {"uv": [7.5, 1.25, 8.25, 1.375], "texture": "#209"},
				"up": {"uv": [6.5, 0.75, 5.5, 0], "texture": "#209"},
				"down": {"uv": [1.75, 5.5, 0.75, 6.25], "texture": "#209"}
			}
		},
		{
			"from": [4.4, 13.6, 10.2],
			"to": [6, 18.4, 11.8],
			"rotation": {"angle": 0, "axis": "y", "origin": [7.2, 8, 10.4]},
			"faces": {
				"north": {"uv": [6, 3, 6.375, 4.25], "texture": "#209"},
				"east": {"uv": [6, 4.25, 6.375, 5.5], "texture": "#209"},
				"south": {"uv": [4.5, 6, 4.875, 7.25], "texture": "#209"},
				"west": {"uv": [6, 5.5, 6.375, 6.75], "texture": "#209"},
				"up": {"uv": [7.625, 5.125, 7.25, 4.75], "texture": "#209"},
				"down": {"uv": [7.625, 5.25, 7.25, 5.625], "texture": "#209"}
			}
		},
		{
			"from": [10.6, 13.6, 10.2],
			"to": [12.2, 18.4, 11.8],
			"rotation": {"angle": 0, "axis": "y", "origin": [7.2, 8, 10.4]},
			"faces": {
				"north": {"uv": [0.75, 6.25, 1.125, 7.5], "texture": "#209"},
				"east": {"uv": [6.25, 0.75, 6.625, 2], "texture": "#209"},
				"south": {"uv": [1.25, 6.25, 1.625, 7.5], "texture": "#209"},
				"west": {"uv": [3, 6.5, 3.375, 7.75], "texture": "#209"},
				"up": {"uv": [7.625, 6.125, 7.25, 5.75], "texture": "#209"},
				"down": {"uv": [7.625, 6.25, 7.25, 6.625], "texture": "#209"}
			}
		},
		{
			"from": [6.8, 12, 9.4],
			"to": [9.6, 12.8, 10.6],
			"rotation": {"angle": 0, "axis": "y", "origin": [7.2, 8, 10.4]},
			"faces": {
				"north": {"uv": [7.25, 2.25, 8, 2.5], "texture": "#209"},
				"east": {"uv": [5, 6.25, 5.25, 6.5], "texture": "#209"},
				"south": {"uv": [7.25, 2.5, 8, 2.75], "texture": "#209"},
				"west": {"uv": [6.5, 0.5, 6.75, 0.75], "texture": "#209"},
				"up": {"uv": [8, 3.25, 7.25, 3], "texture": "#209"},
				"down": {"uv": [8, 3.25, 7.25, 3.5], "texture": "#209"}
			}
		}
	],
	"gui_light": "front",
	"display": {
		"thirdperson_righthand": {
			"rotation": [-117.22, 1.19, -180],
			"translation": [-5.75, -15, -0.75]
		},
		"thirdperson_lefthand": {
			"rotation": [-117.22, 1.19, -180],
			"translation": [-6.25, -15, -0.75]
		},
		"firstperson_righthand": {
			"rotation": [0, 24.75, 0],
			"translation": [8.75, -6.25, -9.75]
		},
		"firstperson_lefthand": {
			"rotation": [0, 24.75, 0],
			"translation": [8.75, -6.25, -9.75]
		},
		"gui": {
			"rotation": [180, 0, 180],
			"translation": [0, -5.75, 0],
			"scale": [0.8, 0.8, 0.8]
		},
		"head": {
			"translation": [0, 7.25, 0]
		},
		"fixed": {
			"translation": [-0.25, -6.5, -4.75]
		}
	},
	"groups": [
		{
			"name": "group",
			"origin": [7.2, 8, 10.4],
			"color": 0,
			"children": [0, 1]
		},
		{
			"name": "group",
			"origin": [7.2, 8, 11.5],
			"color": 0,
			"children": [2, 3]
		},
		{
			"name": "group",
			"origin": [7.2, 8, 11.5],
			"color": 0,
			"children": [4, 5]
		},
		{
			"name": "group",
			"origin": [7.2, 8, 10.4],
			"color": 0,
			"children": [6, 7, 8, 9]
		},
		{
			"name": "group",
			"origin": [7.2, 8, 10.4],
			"color": 0,
			"children": [10, 11, 12, 13, 14, 15, 16]
		}
	]
}