{
	"credit": "Made with Blockbench",
	"textures": {
		"0": "block/amethyst_cluster",
		"1": "block/sea_lantern",
		"2": "block/chiseled_stone_bricks",
		"particle": "block/amethyst_cluster"
	},
	"elements": [
		{
			"from": [1.5, 0, 4],
			"to": [1.5, 8, 12],
			"rotation": {"angle": 45, "axis": "z", "origin": [3, 4, 8]},
			"faces": {
				"east": {"uv": [0, 0, 16, 16], "texture": "#0"},
				"west": {"uv": [0, 0, 16, 16], "texture": "#0"}
			}
		},
		{
			"from": [14.5, 0, 4],
			"to": [14.5, 8, 12],
			"rotation": {"angle": -45, "axis": "z", "origin": [13, 4, 8]},
			"faces": {
				"east": {"uv": [0, 0, 16, 16], "texture": "#0"},
				"west": {"uv": [0, 0, 16, 16], "texture": "#0"}
			}
		},
		{
			"from": [4, 0, 1.5],
			"to": [12, 8, 1.5],
			"rotation": {"angle": -45, "axis": "x", "origin": [8, 4, 3]},
			"faces": {
				"north": {"uv": [0, 0, 16, 16], "texture": "#0"},
				"south": {"uv": [0, 0, 16, 16], "texture": "#0"}
			}
		},
		{
			"from": [4, 0, 14.5],
			"to": [12, 8, 14.5],
			"rotation": {"angle": 45, "axis": "x", "origin": [8, 4, 13]},
			"faces": {
				"north": {"uv": [0, 0, 16, 16], "texture": "#0"},
				"south": {"uv": [0, 0, 16, 16], "texture": "#0"}
			}
		},
		{
			"from": [3.5, 1, 3.5],
			"to": [12.5, 2, 12.5],
			"faces": {
				"north": {"uv": [3, 3, 12, 4], "texture": "#2"},
				"east": {"uv": [3, 3, 12, 4], "texture": "#2"},
				"south": {"uv": [3, 3, 12, 4], "texture": "#2"},
				"west": {"uv": [3, 3, 12, 4], "texture": "#2"},
				"up": {"uv": [3, 3, 12, 12], "texture": "#2"},
				"down": {"uv": [3, 3, 12, 12], "texture": "#2"}
			}
		},
		{
			"from": [2, 0, 2],
			"to": [14, 1, 14],
			"faces": {
				"north": {"uv": [0, 0, 16, 1], "texture": "#1"},
				"east": {"uv": [0, 0, 16, 1], "texture": "#1"},
				"south": {"uv": [0, 0, 16, 1], "texture": "#1"},
				"west": {"uv": [0, 0, 16, 1], "texture": "#1"},
				"up": {"uv": [2, 2, 14, 14], "texture": "#1"},
				"down": {"uv": [2, 2, 14, 14], "texture": "#1"}
			}
		},
		{
			"from": [0, 0, 2],
			"to": [2, 1, 14],
			"faces": {
				"north": {"uv": [0, 0, 2, 1], "texture": "#1"},
				"east": {"uv": [0, 0, 16, 1], "texture": "#1"},
				"south": {"uv": [0, 0, 2, 1], "texture": "#1"},
				"west": {"uv": [0, 0, 12, 1], "texture": "#1"},
				"up": {"uv": [0, 2, 2, 14], "texture": "#1"},
				"down": {"uv": [0, 2, 2, 14], "texture": "#1"}
			}
		},
		{
			"from": [2, 0, 0],
			"to": [14, 1, 2],
			"rotation": {"angle": 0, "axis": "y", "origin": [8, 0, 8]},
			"faces": {
				"north": {"uv": [0, 0, 16, 1], "texture": "#1"},
				"east": {"uv": [0, 0, 2, 1], "texture": "#1"},
				"south": {"uv": [0, 0, 16, 1], "texture": "#1"},
				"west": {"uv": [0, 0, 2, 1], "texture": "#1"},
				"up": {"uv": [0, 2, 2, 14], "rotation": 90, "texture": "#1"},
				"down": {"uv": [0, 2, 2, 14], "rotation": 270, "texture": "#1"}
			}
		},
		{
			"from": [14, 0, 2],
			"to": [16, 1, 14],
			"rotation": {"angle": 0, "axis": "y", "origin": [8, 0, 8]},
			"faces": {
				"north": {"uv": [0, 0, 2, 1], "texture": "#1"},
				"east": {"uv": [0, 0, 16, 1], "texture": "#1"},
				"south": {"uv": [0, 0, 2, 1], "texture": "#1"},
				"west": {"uv": [0, 0, 12, 1], "texture": "#1"},
				"up": {"uv": [0, 2, 2, 14], "rotation": 180, "texture": "#1"},
				"down": {"uv": [0, 2, 2, 14], "rotation": 180, "texture": "#1"}
			}
		},
		{
			"from": [2, 0, 14],
			"to": [14, 1, 16],
			"rotation": {"angle": 0, "axis": "y", "origin": [8, 0, 8]},
			"faces": {
				"north": {"uv": [0, 0, 16, 1], "texture": "#1"},
				"east": {"uv": [0, 0, 2, 1], "texture": "#1"},
				"south": {"uv": [0, 0, 16, 1], "texture": "#1"},
				"west": {"uv": [0, 0, 2, 1], "texture": "#1"},
				"up": {"uv": [0, 2, 2, 14], "rotation": 270, "texture": "#1"},
				"down": {"uv": [0, 2, 2, 14], "rotation": 90, "texture": "#1"}
			}
		}
	],
	"display": {
		"thirdperson_righthand": {
			"rotation": [45, 45, 0],
			"translation": [-2.5, 3.75, 1.5],
			"scale": [0.5, 0.5, 0.5]
		},
		"thirdperson_lefthand": {
			"rotation": [45, 45, 0],
			"translation": [-2.5, 3.75, 1.5],
			"scale": [0.5, 0.5, 0.5]
		},
		"firstperson_righthand": {
			"rotation": [35, 45, 0],
			"translation": [5, 5.25, 0]
		},
		"firstperson_lefthand": {
			"rotation": [35, 45, 0],
			"translation": [5, 5.25, 0]
		},
		"ground": {
			"translation": [0, 5.5, 0],
			"scale": [0.5, 0.5, 0.5]
		},
		"gui": {
			"rotation": [20, 60, 0],
			"translation": [0, 3.5, 0],
			"scale": [0.7, 0.7, 0.7]
		},
		"head": {
			"translation": [0, -28, 0],
			"scale": [2, 2, 2]
		},
		"fixed": {
			"rotation": [-90, 0, 0],
			"translation": [0, 0, -7.75]
		}
	}
}