{
	"credit": "Made with Blockbench",
	"textures": {
		"3": "cmd/saifan_sword"
	},
	"elements": [
		{
			"from": [7.4, 0.6, 7.6],
			"to": [8.4, 1.6, 8.4],
			"rotation": {"angle": 0, "axis": "y", "origin": [7.9, 7.5, 8]},
			"faces": {
				"north": {"uv": [11, 0, 12, 1], "texture": "#3"},
				"east": {"uv": [11, 1, 12, 2], "texture": "#3"},
				"south": {"uv": [11, 2, 12, 3], "texture": "#3"},
				"west": {"uv": [3, 11, 4, 12], "texture": "#3"},
				"up": {"uv": [12, 4, 11, 3], "texture": "#3"},
				"down": {"uv": [5, 11, 4, 12], "texture": "#3"}
			}
		},
		{
			"from": [7.5, 0, 7.7],
			"to": [8.3, 5.2, 8.3],
			"rotation": {"angle": 0, "axis": "y", "origin": [7.9, 7.5, 8]},
			"faces": {
				"north": {"uv": [2, 0, 3, 5], "texture": "#3"},
				"east": {"uv": [1, 7, 1.5, 12], "texture": "#3"},
				"south": {"uv": [3, 0, 4, 5], "texture": "#3"},
				"west": {"uv": [7, 4, 7.5, 9], "texture": "#3"},
				"up": {"uv": [13, 4.5, 12, 4], "texture": "#3"},
				"down": {"uv": [13, 5, 12, 5.5], "texture": "#3"}
			}
		},
		{
			"from": [6.9, 5.2, 7.7],
			"to": [8.9, 5.9, 8.3],
			"rotation": {"angle": 0, "axis": "y", "origin": [7.9, 7.5, 8]},
			"faces": {
				"north": {"uv": [10, 7, 12, 8], "texture": "#3"},
				"east": {"uv": [13, 1, 13.5, 2], "texture": "#3"},
				"south": {"uv": [10, 8, 12, 9], "texture": "#3"},
				"west": {"uv": [2, 13, 2.5, 14], "texture": "#3"},
				"up": {"uv": [5, 12.5, 3, 12], "texture": "#3"},
				"down": {"uv": [14, 3, 12, 3.5], "texture": "#3"}
			}
		},
		{
			"from": [6, 5.9, 7.7],
			"to": [9.8, 6.7, 8.3],
			"rotation": {"angle": 0, "axis": "y", "origin": [7.9, 7.5, 8]},
			"faces": {
				"north": {"uv": [4, 0, 7.5, 1], "texture": "#3"},
				"east": {"uv": [11, 4, 12, 5], "texture": "#3"},
				"south": {"uv": [4, 1, 7.5, 2], "texture": "#3"},
				"west": {"uv": [11, 5, 12, 6], "texture": "#3"},
				"up": {"uv": [7.5, 3, 4, 2], "texture": "#3"},
				"down": {"uv": [7.5, 3, 4, 4], "texture": "#3"}
			}
		},
		{
			"from": [5.6, 5.6, 7.7],
			"to": [6.5, 6.4, 8.3],
			"rotation": {"angle": 0, "axis": "y", "origin": [7.9, 7.5, 8]},
			"faces": {
				"north": {"uv": [4, 0, 7.5, 1], "texture": "#3"},
				"east": {"uv": [11, 4, 12, 5], "texture": "#3"},
				"south": {"uv": [4, 1, 7.5, 2], "texture": "#3"},
				"west": {"uv": [11, 5, 12, 6], "texture": "#3"},
				"up": {"uv": [7.5, 3, 4, 2], "texture": "#3"},
				"down": {"uv": [7.5, 3, 4, 4], "texture": "#3"}
			}
		},
		{
			"from": [6.7, 6.7, 7.75],
			"to": [9.3, 7.5, 8.25],
			"rotation": {"angle": 0, "axis": "y", "origin": [7.9, 7.5, 8]},
			"faces": {
				"north": {"uv": [8, 0, 10.5, 1], "texture": "#3"},
				"east": {"uv": [9, 12, 9.5, 13], "texture": "#3"},
				"south": {"uv": [8, 1, 10.5, 2], "texture": "#3"},
				"west": {"uv": [10, 12, 10.5, 13], "texture": "#3"},
				"up": {"uv": [12.5, 9.5, 10, 9], "texture": "#3"},
				"down": {"uv": [12.5, 10, 10, 10.5], "texture": "#3"}
			}
		},
		{
			"from": [7.9, 7.5, 7.85],
			"to": [8.9, 14, 8.15],
			"rotation": {"angle": 0, "axis": "y", "origin": [7.9, 7.5, 8]},
			"faces": {
				"north": {"uv": [0, 0, 1, 6.5], "texture": "#3"},
				"east": {"uv": [4, 4, 4.5, 10.5], "texture": "#3"},
				"south": {"uv": [1, 0, 2, 6.5], "texture": "#3"},
				"west": {"uv": [2, 5, 2.5, 11.5], "texture": "#3"},
				"up": {"uv": [12, 12.5, 11, 12], "texture": "#3"},
				"down": {"uv": [13, 11, 12, 11.5], "texture": "#3"}
			}
		},
		{
			"from": [6.9, 7.5, 7.85],
			"to": [7.6, 12.9, 8.15],
			"rotation": {"angle": 0, "axis": "y", "origin": [7.9, 7.5, 8]},
			"faces": {
				"north": {"uv": [3, 5, 3.5, 10.5], "texture": "#3"},
				"east": {"uv": [5, 4, 5.5, 9.5], "texture": "#3"},
				"south": {"uv": [6, 4, 6.5, 9.5], "texture": "#3"},
				"west": {"uv": [0, 7, 0.5, 12.5], "texture": "#3"},
				"up": {"uv": [13.5, 2.5, 13, 2], "texture": "#3"},
				"down": {"uv": [3.5, 13, 3, 13.5], "texture": "#3"}
			}
		},
		{
			"from": [7.2, 12.9, 7.9],
			"to": [7.9, 17.5, 8.1],
			"rotation": {"angle": 0, "axis": "y", "origin": [7.9, 7.5, 8]},
			"faces": {
				"north": {"uv": [9, 7, 9.5, 11.5], "texture": "#3"},
				"east": {"uv": [10, 2, 10.5, 6.5], "texture": "#3"},
				"south": {"uv": [5, 10, 5.5, 14.5], "texture": "#3"},
				"west": {"uv": [6, 10, 6.5, 14.5], "texture": "#3"},
				"up": {"uv": [13.5, 7.5, 13, 7], "texture": "#3"},
				"down": {"uv": [8.5, 13, 8, 13.5], "texture": "#3"}
			}
		},
		{
			"from": [7.9, 14, 7.9],
			"to": [8.6, 18.7, 8.1],
			"rotation": {"angle": 0, "axis": "y", "origin": [7.9, 7.5, 8]},
			"faces": {
				"north": {"uv": [8, 2, 8.5, 6.5], "texture": "#3"},
				"east": {"uv": [8, 7, 8.5, 11.5], "texture": "#3"},
				"south": {"uv": [9, 2, 9.5, 6.5], "texture": "#3"},
				"west": {"uv": [7, 9, 7.5, 13.5], "texture": "#3"},
				"up": {"uv": [4.5, 13.5, 4, 13], "texture": "#3"},
				"down": {"uv": [13.5, 4, 13, 4.5], "texture": "#3"}
			}
		},
		{
			"from": [8.2, 18.7, 7.9],
			"to": [8.8, 19.5, 8.1],
			"rotation": {"angle": 0, "axis": "y", "origin": [7.9, 7.5, 8]},
			"faces": {
				"north": {"uv": [12, 12, 12.5, 13], "texture": "#3"},
				"east": {"uv": [0, 13, 0.5, 14], "texture": "#3"},
				"south": {"uv": [13, 0, 13.5, 1], "texture": "#3"},
				"west": {"uv": [1, 13, 1.5, 14], "texture": "#3"},
				"up": {"uv": [13.5, 5.5, 13, 5], "texture": "#3"},
				"down": {"uv": [13.5, 6, 13, 6.5], "texture": "#3"}
			}
		},
		{
			"from": [10.1, 6.9, 7.8],
			"to": [10.8, 8, 8.2],
			"rotation": {"angle": 0, "axis": "y", "origin": [7.9, 7.5, 8]},
			"faces": {
				"north": {"uv": [12, 6, 12.5, 7], "texture": "#3"},
				"east": {"uv": [11, 6, 12, 7], "texture": "#3"},
				"south": {"uv": [12, 7, 12.5, 8], "texture": "#3"},
				"west": {"uv": [10, 11, 11, 12], "texture": "#3"},
				"up": {"uv": [8.5, 13, 8, 12], "texture": "#3"},
				"down": {"uv": [12.5, 8, 12, 9], "texture": "#3"}
			}
		},
		{
			"from": [9.8, 6.1, 7.7],
			"to": [10.6, 6.9, 8.3],
			"rotation": {"angle": 0, "axis": "y", "origin": [7.9, 7.5, 8]},
			"faces": {
				"north": {"uv": [11, 11, 12, 12], "texture": "#3"},
				"east": {"uv": [12, 0, 13, 1], "texture": "#3"},
				"south": {"uv": [1, 12, 2, 13], "texture": "#3"},
				"west": {"uv": [12, 1, 13, 2], "texture": "#3"},
				"up": {"uv": [3, 13, 2, 12], "texture": "#3"},
				"down": {"uv": [13, 2, 12, 3], "texture": "#3"}
			}
		}
	],
	"gui_light": "front",
	"display": {
		"thirdperson_righthand": {
			"rotation": [37, -88, 0],
			"translation": [-0.5, 3.75, 4.25]
		},
		"thirdperson_lefthand": {
			"rotation": [37, -88, 0],
			"translation": [0, 3.75, 4.25]
		},
		"firstperson_righthand": {
			"rotation": [18, -71, -2],
			"translation": [1, 2, -0.25],
			"scale": [0.8, 0.8, 0.8]
		},
		"firstperson_lefthand": {
			"rotation": [18, 117, -2],
			"translation": [2.5, 2, -0.75],
			"scale": [0.8, 0.8, 0.8]
		},
		"ground": {
			"translation": [0, 4, 0]
		},
		"gui": {
			"rotation": [0, 0, -45],
			"translation": [-1.5, -1, 0]
		},
		"head": {
			"rotation": [0, 0, -139],
			"translation": [-7, 9.25, -0.5]
		},
		"fixed": {
			"rotation": [0, 0, 44.25],
			"translation": [1.5, -1.75, -1]
		}
	}
}