{
	"credit": "Made with Blockbench",
	"texture_size": [32, 32],
	"textures": {
		"5": "cmd/saifan_pan",
		"particle": "saifan_pan"
	},
	"elements": [
		{
			"from": [5.45, 7.4, 5.9],
			"to": [10.55, 7.85, 11],
			"rotation": {"angle": 0, "axis": "y", "origin": [9.5, 0.6, 8]},
			"faces": {
				"north": {"uv": [2, 1.5, 3.75, 1.75], "texture": "#5"},
				"east": {"uv": [2, 0, 3.75, 0.25], "texture": "#5"},
				"south": {"uv": [2, 0.5, 3.75, 0.75], "texture": "#5"},
				"west": {"uv": [2, 1, 3.75, 1.25], "texture": "#5"},
				"up": {"uv": [1.75, 1.75, 0, 0], "rotation": 90, "texture": "#5"},
				"down": {"uv": [1.75, 2, 0, 3.75], "rotation": 270, "texture": "#5"}
			}
		},
		{
			"from": [6.2, 7.4, 5.3],
			"to": [9.8, 7.85, 5.9],
			"rotation": {"angle": 0, "axis": "y", "origin": [9.5, 0.6, 8]},
			"faces": {
				"north": {"uv": [4, 1.5, 5.25, 1.75], "texture": "#5"},
				"east": {"uv": [5.5, 6, 5.75, 6.25], "texture": "#5"},
				"south": {"uv": [1.5, 4, 2.75, 4.25], "texture": "#5"},
				"west": {"uv": [6, 5.5, 6.25, 5.75], "texture": "#5"},
				"up": {"uv": [3.25, 5.25, 3, 4], "rotation": 90, "texture": "#5"},
				"down": {"uv": [3.75, 4, 3.5, 5.25], "rotation": 270, "texture": "#5"}
			}
		},
		{
			"from": [6.2, 7.4, 11],
			"to": [9.8, 7.85, 11.6],
			"rotation": {"angle": 0, "axis": "y", "origin": [9.5, 0.6, 8]},
			"faces": {
				"north": {"uv": [0, 4.5, 1.25, 4.75], "texture": "#5"},
				"east": {"uv": [6, 6, 6.25, 6.25], "texture": "#5"},
				"south": {"uv": [4, 4, 5.25, 4.25], "texture": "#5"},
				"west": {"uv": [0, 6.5, 0.25, 6.75], "texture": "#5"},
				"up": {"uv": [1.75, 5.75, 1.5, 4.5], "rotation": 90, "texture": "#5"},
				"down": {"uv": [2.25, 4.5, 2, 5.75], "rotation": 270, "texture": "#5"}
			}
		},
		{
			"from": [6.2, 7.85, 5],
			"to": [9.8, 8.45, 5.3],
			"rotation": {"angle": 0, "axis": "y", "origin": [9.5, 0.6, 8]},
			"faces": {
				"north": {"uv": [5, 3.5, 6.25, 3.75], "texture": "#5"},
				"east": {"uv": [1.5, 6.5, 1.75, 6.75], "texture": "#5"},
				"south": {"uv": [5, 3, 6.25, 3.25], "texture": "#5"},
				"west": {"uv": [2, 6.5, 2.25, 6.75], "texture": "#5"},
				"up": {"uv": [2.75, 5.75, 2.5, 4.5], "rotation": 90, "texture": "#5"},
				"down": {"uv": [4.25, 5, 4, 6.25], "rotation": 270, "texture": "#5"}
			}
		},
		{
			"from": [6.2, 7.85, 11.6],
			"to": [9.8, 8.45, 11.9],
			"rotation": {"angle": 0, "axis": "y", "origin": [9.5, 0.6, 8]},
			"faces": {
				"north": {"uv": [5.5, 1.5, 6.75, 1.75], "texture": "#5"},
				"east": {"uv": [7.5, 7, 7.75, 7.25], "texture": "#5"},
				"south": {"uv": [5.5, 1, 6.75, 1.25], "texture": "#5"},
				"west": {"uv": [7.5, 7.5, 7.75, 7.75], "texture": "#5"},
				"up": {"uv": [3.25, 6.75, 3, 5.5], "rotation": 90, "texture": "#5"},
				"down": {"uv": [3.75, 5.5, 3.5, 6.75], "rotation": 270, "texture": "#5"}
			}
		},
		{
			"from": [10.55, 7.4, 6.65],
			"to": [11.15, 7.85, 10.25],
			"rotation": {"angle": 0, "axis": "y", "origin": [9.5, 0.6, 8]},
			"faces": {
				"north": {"uv": [6, 4.5, 6.25, 4.75], "texture": "#5"},
				"east": {"uv": [3.5, 2, 4.75, 2.25], "texture": "#5"},
				"south": {"uv": [4.5, 6, 4.75, 6.25], "texture": "#5"},
				"west": {"uv": [3.5, 2.5, 4.75, 2.75], "texture": "#5"},
				"up": {"uv": [4.75, 3.25, 3.5, 3], "rotation": 90, "texture": "#5"},
				"down": {"uv": [4.75, 3.5, 3.5, 3.75], "rotation": 270, "texture": "#5"}
			}
		},
		{
			"from": [11.15, 7.85, 6.65],
			"to": [11.45, 8.45, 10.25],
			"rotation": {"angle": 0, "axis": "y", "origin": [9.5, 0.6, 8]},
			"faces": {
				"north": {"uv": [1, 6.5, 1.25, 6.75], "texture": "#5"},
				"east": {"uv": [4, 4.5, 5.25, 4.75], "texture": "#5"},
				"south": {"uv": [0.5, 6.5, 0.75, 6.75], "texture": "#5"},
				"west": {"uv": [0, 5, 1.25, 5.25], "texture": "#5"},
				"up": {"uv": [6.25, 2.25, 5, 2], "rotation": 90, "texture": "#5"},
				"down": {"uv": [6.25, 2.5, 5, 2.75], "rotation": 270, "texture": "#5"}
			}
		},
		{
			"from": [4.55, 7.85, 6.65],
			"to": [4.85, 8.45, 10.25],
			"rotation": {"angle": 0, "axis": "y", "origin": [9.5, 0.6, 8]},
			"faces": {
				"north": {"uv": [1, 7.5, 1.25, 7.75], "texture": "#5"},
				"east": {"uv": [4.5, 5, 5.75, 5.25], "texture": "#5"},
				"south": {"uv": [7.5, 0.5, 7.75, 0.75], "texture": "#5"},
				"west": {"uv": [0, 5.5, 1.25, 5.75], "texture": "#5"},
				"up": {"uv": [6.75, 0.25, 5.5, 0], "rotation": 90, "texture": "#5"},
				"down": {"uv": [6.75, 0.5, 5.5, 0.75], "rotation": 270, "texture": "#5"}
			}
		},
		{
			"from": [4.85, 7.4, 6.65],
			"to": [5.45, 7.85, 10.25],
			"rotation": {"angle": 0, "axis": "y", "origin": [9.5, 0.6, 8]},
			"faces": {
				"north": {"uv": [6, 5, 6.25, 5.25], "texture": "#5"},
				"east": {"uv": [0, 4, 1.25, 4.25], "texture": "#5"},
				"south": {"uv": [5, 6, 5.25, 6.25], "texture": "#5"},
				"west": {"uv": [4, 0, 5.25, 0.25], "texture": "#5"},
				"up": {"uv": [5.25, 0.75, 4, 0.5], "rotation": 90, "texture": "#5"},
				"down": {"uv": [5.25, 1, 4, 1.25], "rotation": 270, "texture": "#5"}
			}
		},
		{
			"from": [7.7, 7.85, 1.55],
			"to": [8.3, 8.45, 5],
			"rotation": {"angle": 0, "axis": "y", "origin": [9.5, 0.6, 8]},
			"faces": {
				"north": {"uv": [6, 4, 6.25, 4.25], "texture": "#5"},
				"east": {"uv": [2, 2, 3.25, 2.25], "texture": "#5"},
				"south": {"uv": [2.5, 6, 2.75, 6.25], "texture": "#5"},
				"west": {"uv": [2, 2.5, 3.25, 2.75], "texture": "#5"},
				"up": {"uv": [3.25, 3.25, 2, 3], "rotation": 90, "texture": "#5"},
				"down": {"uv": [3.25, 3.5, 2, 3.75], "rotation": 270, "texture": "#5"}
			}
		},
		{
			"from": [7.7, 7.85, -0.1],
			"to": [8.3, 8.45, 0.8],
			"rotation": {"angle": 0, "axis": "y", "origin": [9.5, 0.6, 8]},
			"faces": {
				"north": {"uv": [8, 6.5, 8.25, 6.75], "texture": "#5"},
				"east": {"uv": [6, 8, 6.25, 8.25], "texture": "#5"},
				"south": {"uv": [8, 6, 8.25, 6.25], "texture": "#5"},
				"west": {"uv": [6.5, 8, 6.75, 8.25], "texture": "#5"},
				"up": {"uv": [7.25, 8.25, 7, 8], "rotation": 90, "texture": "#5"},
				"down": {"uv": [8.25, 7, 8, 7.25], "rotation": 270, "texture": "#5"}
			}
		},
		{
			"from": [8.15, 7.85, 0.35],
			"to": [8.45, 8.45, 1.85],
			"rotation": {"angle": 0, "axis": "y", "origin": [9.5, 0.6, 8]},
			"faces": {
				"north": {"uv": [8, 7.5, 8.25, 7.75], "texture": "#5"},
				"east": {"uv": [5.5, 5.5, 6, 5.75], "texture": "#5"},
				"south": {"uv": [7.5, 8, 7.75, 8.25], "texture": "#5"},
				"west": {"uv": [0, 6, 0.5, 6.25], "texture": "#5"},
				"up": {"uv": [1, 6.25, 0.5, 6], "rotation": 90, "texture": "#5"},
				"down": {"uv": [1.5, 6, 1, 6.25], "rotation": 270, "texture": "#5"}
			}
		},
		{
			"from": [7.55, 7.85, 0.35],
			"to": [7.85, 8.45, 1.85],
			"rotation": {"angle": 0, "axis": "y", "origin": [9.5, 0.6, 8]},
			"faces": {
				"north": {"uv": [2, 6, 2.25, 6.25], "texture": "#5"},
				"east": {"uv": [5.5, 4, 6, 4.25], "texture": "#5"},
				"south": {"uv": [1.5, 6, 1.75, 6.25], "texture": "#5"},
				"west": {"uv": [4.5, 5.5, 5, 5.75], "texture": "#5"},
				"up": {"uv": [6, 4.75, 5.5, 4.5], "rotation": 90, "texture": "#5"},
				"down": {"uv": [5.5, 5.5, 5, 5.75], "rotation": 270, "texture": "#5"}
			}
		},
		{
			"from": [10.4, 7.85, 10.25],
			"to": [10.7, 8.45, 11.15],
			"rotation": {"angle": 0, "axis": "y", "origin": [9.5, 0.6, 8]},
			"faces": {
				"north": {"uv": [5, 6.5, 5.25, 6.75], "texture": "#5"},
				"east": {"uv": [6.5, 4, 6.75, 4.25], "texture": "#5"},
				"south": {"uv": [4.5, 6.5, 4.75, 6.75], "texture": "#5"},
				"west": {"uv": [6.5, 4.5, 6.75, 4.75], "texture": "#5"},
				"up": {"uv": [6.75, 5.25, 6.5, 5], "rotation": 90, "texture": "#5"},
				"down": {"uv": [5.75, 6.5, 5.5, 6.75], "rotation": 270, "texture": "#5"}
			}
		},
		{
			"from": [9.8, 7.85, 10.85],
			"to": [10.4, 8.45, 11.15],
			"rotation": {"angle": 0, "axis": "y", "origin": [9.5, 0.6, 8]},
			"faces": {
				"north": {"uv": [7, 1, 7.25, 1.25], "texture": "#5"},
				"east": {"uv": [0.5, 7, 0.75, 7.25], "texture": "#5"},
				"south": {"uv": [7, 0.5, 7.25, 0.75], "texture": "#5"},
				"west": {"uv": [1, 7, 1.25, 7.25], "texture": "#5"},
				"up": {"uv": [1.75, 7.25, 1.5, 7], "rotation": 90, "texture": "#5"},
				"down": {"uv": [7.25, 1.5, 7, 1.75], "rotation": 270, "texture": "#5"}
			}
		},
		{
			"from": [9.5, 7.85, 10.85],
			"to": [9.8, 8.45, 11.6],
			"rotation": {"angle": 0, "axis": "y", "origin": [9.5, 0.6, 8]},
			"faces": {
				"north": {"uv": [6.5, 3, 6.75, 3.25], "texture": "#5"},
				"east": {"uv": [6.5, 2, 6.75, 2.25], "texture": "#5"},
				"south": {"uv": [2.5, 6.5, 2.75, 6.75], "texture": "#5"},
				"west": {"uv": [6.5, 2.5, 6.75, 2.75], "texture": "#5"},
				"up": {"uv": [6.75, 3.75, 6.5, 3.5], "rotation": 90, "texture": "#5"},
				"down": {"uv": [4.25, 6.5, 4, 6.75], "rotation": 270, "texture": "#5"}
			}
		},
		{
			"from": [10.4, 7.85, 9.95],
			"to": [11.15, 8.45, 10.25],
			"rotation": {"angle": 0, "axis": "y", "origin": [9.5, 0.6, 8]},
			"faces": {
				"north": {"uv": [6.5, 6.5, 6.75, 6.75], "texture": "#5"},
				"east": {"uv": [6.5, 5.5, 6.75, 5.75], "texture": "#5"},
				"south": {"uv": [6, 6.5, 6.25, 6.75], "texture": "#5"},
				"west": {"uv": [6.5, 6, 6.75, 6.25], "texture": "#5"},
				"up": {"uv": [0.25, 7.25, 0, 7], "rotation": 90, "texture": "#5"},
				"down": {"uv": [7.25, 0, 7, 0.25], "rotation": 270, "texture": "#5"}
			}
		},
		{
			"from": [5.3, 7.85, 10.25],
			"to": [5.6, 8.45, 11.15],
			"rotation": {"angle": 0, "axis": "y", "origin": [9.5, 0.6, 8]},
			"faces": {
				"north": {"uv": [7, 2.5, 7.25, 2.75], "texture": "#5"},
				"east": {"uv": [2, 7, 2.25, 7.25], "texture": "#5"},
				"south": {"uv": [7, 2, 7.25, 2.25], "texture": "#5"},
				"west": {"uv": [2.5, 7, 2.75, 7.25], "texture": "#5"},
				"up": {"uv": [3.25, 7.25, 3, 7], "rotation": 90, "texture": "#5"},
				"down": {"uv": [7.25, 3, 7, 3.25], "rotation": 270, "texture": "#5"}
			}
		},
		{
			"from": [5.6, 7.85, 10.85],
			"to": [6.2, 8.45, 11.15],
			"rotation": {"angle": 0, "axis": "y", "origin": [9.5, 0.6, 8]},
			"faces": {
				"north": {"uv": [7, 4, 7.25, 4.25], "texture": "#5"},
				"east": {"uv": [3.5, 7, 3.75, 7.25], "texture": "#5"},
				"south": {"uv": [7, 3.5, 7.25, 3.75], "texture": "#5"},
				"west": {"uv": [4, 7, 4.25, 7.25], "texture": "#5"},
				"up": {"uv": [4.75, 7.25, 4.5, 7], "rotation": 90, "texture": "#5"},
				"down": {"uv": [7.25, 4.5, 7, 4.75], "rotation": 270, "texture": "#5"}
			}
		},
		{
			"from": [6.2, 7.85, 10.85],
			"to": [6.5, 8.45, 11.6],
			"rotation": {"angle": 0, "axis": "y", "origin": [9.5, 0.6, 8]},
			"faces": {
				"north": {"uv": [7, 5.5, 7.25, 5.75], "texture": "#5"},
				"east": {"uv": [5, 7, 5.25, 7.25], "texture": "#5"},
				"south": {"uv": [7, 5, 7.25, 5.25], "texture": "#5"},
				"west": {"uv": [5.5, 7, 5.75, 7.25], "texture": "#5"},
				"up": {"uv": [6.25, 7.25, 6, 7], "rotation": 90, "texture": "#5"},
				"down": {"uv": [7.25, 6, 7, 6.25], "rotation": 270, "texture": "#5"}
			}
		},
		{
			"from": [4.85, 7.85, 9.95],
			"to": [5.6, 8.45, 10.25],
			"rotation": {"angle": 0, "axis": "y", "origin": [9.5, 0.6, 8]},
			"faces": {
				"north": {"uv": [0, 7.5, 0.25, 7.75], "texture": "#5"},
				"east": {"uv": [6.5, 7, 6.75, 7.25], "texture": "#5"},
				"south": {"uv": [7, 6.5, 7.25, 6.75], "texture": "#5"},
				"west": {"uv": [7, 7, 7.25, 7.25], "texture": "#5"},
				"up": {"uv": [7.75, 0.25, 7.5, 0], "rotation": 90, "texture": "#5"},
				"down": {"uv": [0.75, 7.5, 0.5, 7.75], "rotation": 270, "texture": "#5"}
			}
		},
		{
			"from": [5.3, 7.85, 5.75],
			"to": [5.6, 8.45, 6.65],
			"rotation": {"angle": 0, "axis": "y", "origin": [9.5, 0.6, 8]},
			"faces": {
				"north": {"uv": [2, 7.5, 2.25, 7.75], "texture": "#5"},
				"east": {"uv": [7.5, 1, 7.75, 1.25], "texture": "#5"},
				"south": {"uv": [1.5, 7.5, 1.75, 7.75], "texture": "#5"},
				"west": {"uv": [7.5, 1.5, 7.75, 1.75], "texture": "#5"},
				"up": {"uv": [7.75, 2.25, 7.5, 2], "rotation": 90, "texture": "#5"},
				"down": {"uv": [2.75, 7.5, 2.5, 7.75], "rotation": 270, "texture": "#5"}
			}
		},
		{
			"from": [5.6, 7.85, 5.75],
			"to": [6.2, 8.45, 6.05],
			"rotation": {"angle": 0, "axis": "y", "origin": [9.5, 0.6, 8]},
			"faces": {
				"north": {"uv": [3.5, 7.5, 3.75, 7.75], "texture": "#5"},
				"east": {"uv": [7.5, 2.5, 7.75, 2.75], "texture": "#5"},
				"south": {"uv": [3, 7.5, 3.25, 7.75], "texture": "#5"},
				"west": {"uv": [7.5, 3, 7.75, 3.25], "texture": "#5"},
				"up": {"uv": [7.75, 3.75, 7.5, 3.5], "rotation": 90, "texture": "#5"},
				"down": {"uv": [4.25, 7.5, 4, 7.75], "rotation": 270, "texture": "#5"}
			}
		},
		{
			"from": [6.2, 7.85, 5.3],
			"to": [6.5, 8.45, 6.05],
			"rotation": {"angle": 0, "axis": "y", "origin": [9.5, 0.6, 8]},
			"faces": {
				"north": {"uv": [5, 7.5, 5.25, 7.75], "texture": "#5"},
				"east": {"uv": [7.5, 4, 7.75, 4.25], "texture": "#5"},
				"south": {"uv": [4.5, 7.5, 4.75, 7.75], "texture": "#5"},
				"west": {"uv": [7.5, 4.5, 7.75, 4.75], "texture": "#5"},
				"up": {"uv": [7.75, 5.25, 7.5, 5], "rotation": 90, "texture": "#5"},
				"down": {"uv": [5.75, 7.5, 5.5, 7.75], "rotation": 270, "texture": "#5"}
			}
		},
		{
			"from": [4.85, 7.85, 6.65],
			"to": [5.6, 8.45, 6.95],
			"rotation": {"angle": 0, "axis": "y", "origin": [9.5, 0.6, 8]},
			"faces": {
				"north": {"uv": [6.5, 7.5, 6.75, 7.75], "texture": "#5"},
				"east": {"uv": [7.5, 5.5, 7.75, 5.75], "texture": "#5"},
				"south": {"uv": [6, 7.5, 6.25, 7.75], "texture": "#5"},
				"west": {"uv": [7.5, 6, 7.75, 6.25], "texture": "#5"},
				"up": {"uv": [7.75, 6.75, 7.5, 6.5], "rotation": 90, "texture": "#5"},
				"down": {"uv": [7.25, 7.5, 7, 7.75], "rotation": 270, "texture": "#5"}
			}
		},
		{
			"from": [10.4, 7.85, 5.75],
			"to": [10.7, 8.45, 6.65],
			"rotation": {"angle": 0, "axis": "y", "origin": [9.5, 0.6, 8]},
			"faces": {
				"north": {"uv": [8, 0.5, 8.25, 0.75], "texture": "#5"},
				"east": {"uv": [0, 8, 0.25, 8.25], "texture": "#5"},
				"south": {"uv": [8, 0, 8.25, 0.25], "texture": "#5"},
				"west": {"uv": [0.5, 8, 0.75, 8.25], "texture": "#5"},
				"up": {"uv": [1.25, 8.25, 1, 8], "rotation": 90, "texture": "#5"},
				"down": {"uv": [8.25, 1, 8, 1.25], "rotation": 270, "texture": "#5"}
			}
		},
		{
			"from": [9.8, 7.85, 5.75],
			"to": [10.4, 8.45, 6.05],
			"rotation": {"angle": 0, "axis": "y", "origin": [9.5, 0.6, 8]},
			"faces": {
				"north": {"uv": [8, 2, 8.25, 2.25], "texture": "#5"},
				"east": {"uv": [1.5, 8, 1.75, 8.25], "texture": "#5"},
				"south": {"uv": [8, 1.5, 8.25, 1.75], "texture": "#5"},
				"west": {"uv": [2, 8, 2.25, 8.25], "texture": "#5"},
				"up": {"uv": [2.75, 8.25, 2.5, 8], "rotation": 90, "texture": "#5"},
				"down": {"uv": [8.25, 2.5, 8, 2.75], "rotation": 270, "texture": "#5"}
			}
		},
		{
			"from": [9.5, 7.85, 5.3],
			"to": [9.8, 8.45, 6.05],
			"rotation": {"angle": 0, "axis": "y", "origin": [9.5, 0.6, 8]},
			"faces": {
				"north": {"uv": [8, 3.5, 8.25, 3.75], "texture": "#5"},
				"east": {"uv": [3, 8, 3.25, 8.25], "texture": "#5"},
				"south": {"uv": [8, 3, 8.25, 3.25], "texture": "#5"},
				"west": {"uv": [3.5, 8, 3.75, 8.25], "texture": "#5"},
				"up": {"uv": [4.25, 8.25, 4, 8], "rotation": 90, "texture": "#5"},
				"down": {"uv": [8.25, 4, 8, 4.25], "rotation": 270, "texture": "#5"}
			}
		},
		{
			"from": [10.4, 7.85, 6.65],
			"to": [11.15, 8.45, 6.95],
			"rotation": {"angle": 0, "axis": "y", "origin": [9.5, 0.6, 8]},
			"faces": {
				"north": {"uv": [8, 5, 8.25, 5.25], "texture": "#5"},
				"east": {"uv": [4.5, 8, 4.75, 8.25], "texture": "#5"},
				"south": {"uv": [8, 4.5, 8.25, 4.75], "texture": "#5"},
				"west": {"uv": [5, 8, 5.25, 8.25], "texture": "#5"},
				"up": {"uv": [5.75, 8.25, 5.5, 8], "rotation": 90, "texture": "#5"},
				"down": {"uv": [8.25, 5.5, 8, 5.75], "rotation": 270, "texture": "#5"}
			}
		}
	],
	"gui_light": "front",
	"display": {
		"thirdperson_righthand": {
			"rotation": [-70, 19.01, 110.61],
			"translation": [2.5, 5.5, 3.25]
		},
		"thirdperson_lefthand": {
			"rotation": [-70, 19.01, 110.61],
			"translation": [2.5, 5.5, 3.25]
		},
		"firstperson_righthand": {
			"rotation": [-102, 18, -180],
			"translation": [1.25, 5.25, 0]
		},
		"firstperson_lefthand": {
			"rotation": [-101, 18, 162],
			"translation": [1, 5.5, -0.5]
		},
		"ground": {
			"rotation": [-65, 35, -29],
			"translation": [0, 2.5, 0]
		},
		"gui": {
			"rotation": [90, 139, 0],
			"translation": [0.75, 1.25, 0],
			"scale": [1.3, 1.3, 1.3]
		},
		"head": {
			"rotation": [0, -90, 0],
			"translation": [0, 7.75, 0],
			"scale": [1.5, 1.5, 1.5]
		},
		"fixed": {
			"rotation": [-90, -43, 0],
			"translation": [-1.5, 1.75, -1],
			"scale": [1.7, 1.7, 1.7]
		}
	},
	"groups": [
		0,
		1,
		2,
		3,
		4,
		5,
		6,
		7,
		8,
		9,
		10,
		11,
		12,
		{
			"name": "group",
			"origin": [0, 0, 0],
			"color": 0,
			"children": [13, 14, 15, 16]
		},
		{
			"name": "group",
			"origin": [0, 0, 0],
			"color": 0,
			"children": [
				17,
				18,
				19,
				20,
				{
					"name": "group",
					"origin": [0, 0, 0],
					"color": 0,
					"children": [
						21,
						22,
						23,
						24,
						{
							"name": "group",
							"origin": [0, 0, 0],
							"color": 0,
							"children": [25, 26, 27, 28]
						}
					]
				}
			]
		}
	]
}