{
	"credit": "Made with Blockbench",
	"textures": {
		"8": "cmd/saifan_crowbar",
		"particle": "saifan_crowbar"
	},
	"elements": [
		{
			"from": [7.51, 2.38, 7.65],
			"to": [8.21, 13.72, 8.35],
			"rotation": {"angle": 0, "axis": "y", "origin": [7.51, -0.42, 7.65]},
			"faces": {
				"north": {"uv": [0, 0, 1, 16], "texture": "#8"},
				"east": {"uv": [1, 0, 2, 16], "texture": "#8"},
				"south": {"uv": [2, 0, 3, 16], "texture": "#8"},
				"west": {"uv": [3, 0, 4, 16], "texture": "#8"},
				"up": {"uv": [9, 9, 8, 8], "texture": "#8"},
				"down": {"uv": [10, 0, 9, 1], "texture": "#8"}
			}
		},
		{
			"from": [7.44, 11.55, 15],
			"to": [7.72, 12.53, 15.49],
			"rotation": {"angle": -22.5, "axis": "x", "origin": [7.51, 0.42, 13.6]},
			"faces": {
				"north": {"uv": [8, 9, 8.5, 10.5], "texture": "#8"},
				"east": {"uv": [9, 9, 9.5, 10.5], "texture": "#8"},
				"south": {"uv": [10, 0, 10.5, 1.5], "texture": "#8"},
				"west": {"uv": [10, 2, 10.5, 3.5], "texture": "#8"},
				"up": {"uv": [11.5, 7.5, 11, 7], "texture": "#8"},
				"down": {"uv": [8.5, 11, 8, 11.5], "texture": "#8"}
			}
		},
		{
			"from": [8, 11.55, 15],
			"to": [8.28, 12.53, 15.49],
			"rotation": {"angle": -22.5, "axis": "x", "origin": [7.51, 0.42, 13.6]},
			"faces": {
				"north": {"uv": [9, 5, 9.5, 6.5], "texture": "#8"},
				"east": {"uv": [6, 9, 6.5, 10.5], "texture": "#8"},
				"south": {"uv": [7, 9, 7.5, 10.5], "texture": "#8"},
				"west": {"uv": [9, 7, 9.5, 8.5], "texture": "#8"},
				"up": {"uv": [6.5, 11.5, 6, 11], "texture": "#8"},
				"down": {"uv": [7.5, 11, 7, 11.5], "texture": "#8"}
			}
		},
		{
			"from": [7.51, 12.39, 15],
			"to": [8.21, 14.42, 15.49],
			"rotation": {"angle": -22.5, "axis": "x", "origin": [7.51, 0.42, 13.6]},
			"faces": {
				"north": {"uv": [4, 0, 5, 3], "texture": "#8"},
				"east": {"uv": [8, 2, 8.5, 5], "texture": "#8"},
				"south": {"uv": [4, 3, 5, 6], "texture": "#8"},
				"west": {"uv": [8, 5, 8.5, 8], "texture": "#8"},
				"up": {"uv": [5, 11.5, 4, 11], "texture": "#8"},
				"down": {"uv": [6, 11, 5, 11.5], "texture": "#8"}
			}
		},
		{
			"from": [7.51, 8.4, 7.16],
			"to": [8.21, 8.89, 8.21],
			"rotation": {"angle": 22.5, "axis": "x", "origin": [7.51, 7, 22.21]},
			"faces": {
				"north": {"uv": [10, 7, 11, 7.5], "texture": "#8"},
				"east": {"uv": [4, 10, 5.5, 10.5], "texture": "#8"},
				"south": {"uv": [10, 8, 11, 8.5], "texture": "#8"},
				"west": {"uv": [10, 4, 11.5, 4.5], "texture": "#8"},
				"up": {"uv": [8, 4.5, 7, 3], "texture": "#8"},
				"down": {"uv": [8, 5, 7, 6.5], "texture": "#8"}
			}
		},
		{
			"from": [7.51, 14, 8.49],
			"to": [8.21, 14.49, 9.05],
			"rotation": {"angle": 0, "axis": "x", "origin": [7.51, 12.6, 23.05]},
			"faces": {
				"north": {"uv": [10, 9, 11, 9.5], "texture": "#8"},
				"east": {"uv": [10, 10, 11, 10.5], "texture": "#8"},
				"south": {"uv": [11, 0, 12, 0.5], "texture": "#8"},
				"west": {"uv": [11, 1, 12, 1.5], "texture": "#8"},
				"up": {"uv": [10, 4, 9, 3], "texture": "#8"},
				"down": {"uv": [5, 9, 4, 10], "texture": "#8"}
			}
		},
		{
			"from": [7.51, 12.10503, 9.29412],
			"to": [8.21, 12.59503, 10.41412],
			"rotation": {"angle": -45, "axis": "x", "origin": [7.51, 11.2, 7.09]},
			"faces": {
				"north": {"uv": [11, 2, 12, 2.5], "texture": "#8"},
				"east": {"uv": [10, 5, 11.5, 5.5], "texture": "#8"},
				"south": {"uv": [11, 3, 12, 3.5], "texture": "#8"},
				"west": {"uv": [10, 6, 11.5, 6.5], "texture": "#8"},
				"up": {"uv": [8, 8.5, 7, 7], "texture": "#8"},
				"down": {"uv": [9, 0, 8, 1.5], "texture": "#8"}
			}
		},
		{
			"from": [7.51, 1.05, 6.6],
			"to": [8.21, 2.87, 7.3],
			"rotation": {"angle": 22.5, "axis": "x", "origin": [7.51, 0, 6.6]},
			"faces": {
				"north": {"uv": [4, 6, 5, 8.5], "texture": "#8"},
				"east": {"uv": [5, 6, 6, 8.5], "texture": "#8"},
				"south": {"uv": [6, 6, 7, 8.5], "texture": "#8"},
				"west": {"uv": [7, 0, 8, 2.5], "texture": "#8"},
				"up": {"uv": [10, 2, 9, 1], "texture": "#8"},
				"down": {"uv": [10, 2, 9, 3], "texture": "#8"}
			}
		},
		{
			"from": [7.58, -0.98, 6.67],
			"to": [8.14, 1.05, 7.23],
			"rotation": {"angle": 22.5, "axis": "x", "origin": [7.51, 0, 6.6]},
			"faces": {
				"north": {"uv": [5, 0, 6, 3], "texture": "#8"},
				"east": {"uv": [5, 3, 6, 6], "texture": "#8"},
				"south": {"uv": [6, 0, 7, 3], "texture": "#8"},
				"west": {"uv": [6, 3, 7, 6], "texture": "#8"},
				"up": {"uv": [10, 5, 9, 4], "texture": "#8"},
				"down": {"uv": [6, 9, 5, 10], "texture": "#8"}
			}
		}
	],
	"gui_light": "front",
	"display": {
		"thirdperson_righthand": {
			"rotation": [-134, -26, -180],
			"translation": [-0.25, 2, 3.25]
		},
		"thirdperson_lefthand": {
			"rotation": [-134, -26, -180],
			"translation": [-0.25, 2, 3.25]
		},
		"firstperson_righthand": {
			"rotation": [-9, -171, 0],
			"translation": [3, 2.5, 0]
		},
		"firstperson_lefthand": {
			"rotation": [-9, -171, 0],
			"translation": [3, 2.5, 0]
		},
		"ground": {
			"rotation": [-74, -180, 0],
			"translation": [0, -1, 0]
		},
		"gui": {
			"rotation": [102, 55, -112],
			"translation": [0.5, 1, -0.5],
			"scale": [4, 1.24, 1.53]
		},
		"head": {
			"rotation": [0, -1, -40],
			"translation": [1.75, -14.5, 5],
			"scale": [2, 2, 2]
		},
		"fixed": {
			"rotation": [90, -52, 90],
			"translation": [-1.25, 1.25, -0.5],
			"scale": [1.5, 1.5, 1.5]
		}
	}
}