{
	"credit": "Made with Blockbench",
	"textures": {
		"4": "cmd/saifan_sword_magic"
	},
	"elements": [
		{
			"from": [7.4, 0.6, 7.6],
			"to": [8.4, 1.6, 8.4],
			"rotation": {"angle": 0, "axis": "y", "origin": [7.9, 7.5, 8]},
			"faces": {
				"north": {"uv": [10, 4, 11, 5], "texture": "#4"},
				"east": {"uv": [10, 5, 11, 6], "texture": "#4"},
				"south": {"uv": [10, 7, 11, 8], "texture": "#4"},
				"west": {"uv": [10, 8, 11, 9], "texture": "#4"},
				"up": {"uv": [11, 10, 10, 9], "texture": "#4"},
				"down": {"uv": [11, 10, 10, 11], "texture": "#4"}
			}
		},
		{
			"from": [7.5, 0, 7.7],
			"to": [8.3, 5.2, 8.3],
			"rotation": {"angle": 0, "axis": "y", "origin": [7.9, 7.5, 8]},
			"faces": {
				"north": {"uv": [2, 0, 3, 5], "texture": "#4"},
				"east": {"uv": [1, 7, 1.5, 12], "texture": "#4"},
				"south": {"uv": [3, 0, 4, 5], "texture": "#4"},
				"west": {"uv": [7, 2, 7.5, 7], "texture": "#4"},
				"up": {"uv": [3, 12.5, 2, 12], "texture": "#4"},
				"down": {"uv": [4, 12, 3, 12.5], "texture": "#4"}
			}
		},
		{
			"from": [6.9, 5.2, 7.7],
			"to": [8.9, 5.9, 8.3],
			"rotation": {"angle": 0, "axis": "y", "origin": [7.9, 7.5, 8]},
			"faces": {
				"north": {"uv": [11, 4, 13, 4.5], "texture": "#4"},
				"east": {"uv": [13, 11, 13.5, 11.5], "texture": "#4"},
				"south": {"uv": [11, 5, 13, 5.5], "texture": "#4"},
				"west": {"uv": [12, 13, 12.5, 13.5], "texture": "#4"},
				"up": {"uv": [13, 7.5, 11, 7], "texture": "#4"},
				"down": {"uv": [13, 8, 11, 8.5], "texture": "#4"}
			}
		},
		{
			"from": [6, 5.9, 7.7],
			"to": [9.8, 6.7, 8.3],
			"rotation": {"angle": 0, "axis": "y", "origin": [7.9, 7.5, 8]},
			"faces": {
				"north": {"uv": [4, 0, 8, 1], "texture": "#4"},
				"east": {"uv": [12, 6, 12.5, 7], "texture": "#4"},
				"south": {"uv": [4, 1, 8, 2], "texture": "#4"},
				"west": {"uv": [12, 9, 12.5, 10], "texture": "#4"},
				"up": {"uv": [12, 6.5, 8, 6], "texture": "#4"},
				"down": {"uv": [14, 1, 10, 1.5], "texture": "#4"}
			}
		},
		{
			"from": [5.6, 5.6, 7.7],
			"to": [6.5, 6.4, 8.3],
			"rotation": {"angle": 0, "axis": "y", "origin": [7.9, 7.5, 8]},
			"faces": {
				"north": {"uv": [11, 9, 12, 10], "texture": "#4"},
				"east": {"uv": [13, 4, 13.5, 5], "texture": "#4"},
				"south": {"uv": [10, 11, 11, 12], "texture": "#4"},
				"west": {"uv": [5, 13, 5.5, 14], "texture": "#4"},
				"up": {"uv": [14, 5.5, 13, 5], "texture": "#4"},
				"down": {"uv": [7, 13, 6, 13.5], "texture": "#4"}
			}
		},
		{
			"from": [6.7, 6.7, 7.75],
			"to": [9.3, 7.5, 8.25],
			"rotation": {"angle": 0, "axis": "y", "origin": [7.9, 7.5, 8]},
			"faces": {
				"north": {"uv": [7, 7, 9.5, 8], "texture": "#4"},
				"east": {"uv": [2, 13, 2.5, 14], "texture": "#4"},
				"south": {"uv": [8, 0, 10.5, 1], "texture": "#4"},
				"west": {"uv": [13, 2, 13.5, 3], "texture": "#4"},
				"up": {"uv": [12.5, 2.5, 10, 2], "texture": "#4"},
				"down": {"uv": [12.5, 3, 10, 3.5], "texture": "#4"}
			}
		},
		{
			"from": [7.9, 7.5, 7.85],
			"to": [8.9, 14, 8.15],
			"rotation": {"angle": 0, "axis": "y", "origin": [7.9, 7.5, 8]},
			"faces": {
				"north": {"uv": [0, 0, 1, 6.5], "texture": "#4"},
				"east": {"uv": [4, 2, 4.5, 8.5], "texture": "#4"},
				"south": {"uv": [1, 0, 2, 6.5], "texture": "#4"},
				"west": {"uv": [2, 5, 2.5, 11.5], "texture": "#4"},
				"up": {"uv": [4, 13.5, 3, 13], "texture": "#4"},
				"down": {"uv": [14, 3, 13, 3.5], "texture": "#4"}
			}
		},
		{
			"from": [6.9, 7.5, 7.85],
			"to": [7.6, 12.9, 8.15],
			"rotation": {"angle": 0, "axis": "y", "origin": [7.9, 7.5, 8]},
			"faces": {
				"north": {"uv": [5, 2, 5.5, 7.5], "texture": "#4"},
				"east": {"uv": [3, 5, 3.5, 10.5], "texture": "#4"},
				"south": {"uv": [6, 2, 6.5, 7.5], "texture": "#4"},
				"west": {"uv": [0, 7, 0.5, 12.5], "texture": "#4"},
				"up": {"uv": [13.5, 9.5, 13, 9], "texture": "#4"},
				"down": {"uv": [10.5, 13, 10, 13.5], "texture": "#4"}
			}
		},
		{
			"from": [7.2, 12.9, 7.9],
			"to": [7.9, 17.5, 8.1],
			"rotation": {"angle": 0, "axis": "y", "origin": [7.9, 7.5, 8]},
			"faces": {
				"north": {"uv": [8, 8, 8.5, 12.5], "texture": "#4"},
				"east": {"uv": [9, 1, 9.5, 5.5], "texture": "#4"},
				"south": {"uv": [4, 9, 4.5, 13.5], "texture": "#4"},
				"west": {"uv": [9, 8, 9.5, 12.5], "texture": "#4"},
				"up": {"uv": [13.5, 10.5, 13, 10], "texture": "#4"},
				"down": {"uv": [11.5, 13, 11, 13.5], "texture": "#4"}
			}
		},
		{
			"from": [7.9, 14, 7.9],
			"to": [8.6, 18.7, 8.1],
			"rotation": {"angle": 0, "axis": "y", "origin": [7.9, 7.5, 8]},
			"faces": {
				"north": {"uv": [8, 1, 8.5, 5.5], "texture": "#4"},
				"east": {"uv": [5, 8, 5.5, 12.5], "texture": "#4"},
				"south": {"uv": [6, 8, 6.5, 12.5], "texture": "#4"},
				"west": {"uv": [7, 8, 7.5, 12.5], "texture": "#4"},
				"up": {"uv": [13.5, 8.5, 13, 8], "texture": "#4"},
				"down": {"uv": [9.5, 13, 9, 13.5], "texture": "#4"}
			}
		},
		{
			"from": [8.2, 18.7, 7.9],
			"to": [8.8, 19.5, 8.1],
			"rotation": {"angle": 0, "axis": "y", "origin": [7.9, 7.5, 8]},
			"faces": {
				"north": {"uv": [11, 10, 11.5, 11], "texture": "#4"},
				"east": {"uv": [11, 11, 11.5, 12], "texture": "#4"},
				"south": {"uv": [12, 0, 12.5, 1], "texture": "#4"},
				"west": {"uv": [1, 12, 1.5, 13], "texture": "#4"},
				"up": {"uv": [13.5, 6.5, 13, 6], "texture": "#4"},
				"down": {"uv": [7.5, 13, 7, 13.5], "texture": "#4"}
			}
		},
		{
			"from": [10.1, 6.9, 7.8],
			"to": [10.8, 8, 8.2],
			"rotation": {"angle": 0, "axis": "y", "origin": [7.9, 7.5, 8]},
			"faces": {
				"north": {"uv": [10, 12, 10.5, 13], "texture": "#4"},
				"east": {"uv": [12, 10, 12.5, 11], "texture": "#4"},
				"south": {"uv": [11, 12, 11.5, 13], "texture": "#4"},
				"west": {"uv": [12, 11, 12.5, 12], "texture": "#4"},
				"up": {"uv": [13.5, 7.5, 13, 7], "texture": "#4"},
				"down": {"uv": [8.5, 13, 8, 13.5], "texture": "#4"}
			}
		},
		{
			"from": [9.8, 6.1, 7.7],
			"to": [10.6, 6.9, 8.3],
			"rotation": {"angle": 0, "axis": "y", "origin": [7.9, 7.5, 8]},
			"faces": {
				"north": {"uv": [11, 0, 12, 1], "texture": "#4"},
				"east": {"uv": [12, 12, 12.5, 13], "texture": "#4"},
				"south": {"uv": [3, 11, 4, 12], "texture": "#4"},
				"west": {"uv": [0, 13, 0.5, 14], "texture": "#4"},
				"up": {"uv": [14, 0.5, 13, 0], "texture": "#4"},
				"down": {"uv": [2, 13, 1, 13.5], "texture": "#4"}
			}
		},
		{
			"from": [10.1, 14, 9],
			"to": [10.5, 14.4, 9.2],
			"faces": {
				"north": {"uv": [8, 14, 8.5, 14.5], "texture": "#4"},
				"east": {"uv": [14, 8, 14.5, 8.5], "texture": "#4"},
				"south": {"uv": [9, 14, 9.5, 14.5], "texture": "#4"},
				"west": {"uv": [14, 9, 14.5, 9.5], "texture": "#4"},
				"up": {"uv": [10.5, 14.5, 10, 14], "texture": "#4"},
				"down": {"uv": [14.5, 10, 14, 10.5], "texture": "#4"}
			}
		},
		{
			"from": [9.5, 9.1, 9.6],
			"to": [9.9, 9.5, 9.8],
			"faces": {
				"north": {"uv": [14, 14, 14.5, 14.5], "texture": "#4"},
				"east": {"uv": [0, 15, 0.5, 15.5], "texture": "#4"},
				"south": {"uv": [15, 0, 15.5, 0.5], "texture": "#4"},
				"west": {"uv": [1, 15, 1.5, 15.5], "texture": "#4"},
				"up": {"uv": [15.5, 1.5, 15, 1], "texture": "#4"},
				"down": {"uv": [2.5, 15, 2, 15.5], "texture": "#4"}
			}
		},
		{
			"from": [10.6, 15.9, 5.2],
			"to": [11, 16.3, 5.4],
			"faces": {
				"north": {"uv": [5, 14, 5.5, 14.5], "texture": "#4"},
				"east": {"uv": [14, 5, 14.5, 5.5], "texture": "#4"},
				"south": {"uv": [6, 14, 6.5, 14.5], "texture": "#4"},
				"west": {"uv": [14, 6, 14.5, 6.5], "texture": "#4"},
				"up": {"uv": [7.5, 14.5, 7, 14], "texture": "#4"},
				"down": {"uv": [14.5, 7, 14, 7.5], "texture": "#4"}
			}
		},
		{
			"from": [5.9, 8.8, 9.7],
			"to": [6.3, 9.2, 9.9],
			"faces": {
				"north": {"uv": [11, 14, 11.5, 14.5], "texture": "#4"},
				"east": {"uv": [14, 11, 14.5, 11.5], "texture": "#4"},
				"south": {"uv": [12, 14, 12.5, 14.5], "texture": "#4"},
				"west": {"uv": [14, 12, 14.5, 12.5], "texture": "#4"},
				"up": {"uv": [13.5, 14.5, 13, 14], "texture": "#4"},
				"down": {"uv": [14.5, 13, 14, 13.5], "texture": "#4"}
			}
		},
		{
			"from": [4.9, 12.5, 7.9],
			"to": [5.3, 12.9, 8.1],
			"faces": {
				"north": {"uv": [13, 12, 13.5, 12.5], "texture": "#4"},
				"east": {"uv": [13, 13, 13.5, 13.5], "texture": "#4"},
				"south": {"uv": [0, 14, 0.5, 14.5], "texture": "#4"},
				"west": {"uv": [14, 0, 14.5, 0.5], "texture": "#4"},
				"up": {"uv": [1.5, 14.5, 1, 14], "texture": "#4"},
				"down": {"uv": [14.5, 1, 14, 1.5], "texture": "#4"}
			}
		},
		{
			"from": [5.1, 15.3, 9],
			"to": [5.5, 15.7, 9.2],
			"faces": {
				"north": {"uv": [2, 14, 2.5, 14.5], "texture": "#4"},
				"east": {"uv": [14, 2, 14.5, 2.5], "texture": "#4"},
				"south": {"uv": [3, 14, 3.5, 14.5], "texture": "#4"},
				"west": {"uv": [14, 3, 14.5, 3.5], "texture": "#4"},
				"up": {"uv": [4.5, 14.5, 4, 14], "texture": "#4"},
				"down": {"uv": [14.5, 4, 14, 4.5], "texture": "#4"}
			}
		},
		{
			"from": [10.3, 12.1, 6.2],
			"to": [10.7, 12.5, 6.4],
			"faces": {
				"north": {"uv": [15, 2, 15.5, 2.5], "texture": "#4"},
				"east": {"uv": [3, 15, 3.5, 15.5], "texture": "#4"},
				"south": {"uv": [15, 3, 15.5, 3.5], "texture": "#4"},
				"west": {"uv": [4, 15, 4.5, 15.5], "texture": "#4"},
				"up": {"uv": [15.5, 4.5, 15, 4], "texture": "#4"},
				"down": {"uv": [5.5, 15, 5, 15.5], "texture": "#4"}
			}
		},
		{
			"from": [6.1, 9.1, 5.3],
			"to": [6.5, 9.5, 5.5],
			"faces": {
				"north": {"uv": [15, 5, 15.5, 5.5], "texture": "#4"},
				"east": {"uv": [6, 15, 6.5, 15.5], "texture": "#4"},
				"south": {"uv": [15, 6, 15.5, 6.5], "texture": "#4"},
				"west": {"uv": [7, 15, 7.5, 15.5], "texture": "#4"},
				"up": {"uv": [15.5, 7.5, 15, 7], "texture": "#4"},
				"down": {"uv": [8.5, 15, 8, 15.5], "texture": "#4"}
			}
		}
	],
	"gui_light": "front",
	"display": {
		"thirdperson_righthand": {
			"rotation": [37, -88, 0],
			"translation": [-0.5, 3.75, 4.25]
		},
		"thirdperson_lefthand": {
			"rotation": [37, -88, 0],
			"translation": [0, 3.75, 4.25]
		},
		"firstperson_righthand": {
			"rotation": [18, -71, -2],
			"translation": [1, 2, -0.25],
			"scale": [0.8, 0.8, 0.8]
		},
		"firstperson_lefthand": {
			"rotation": [18, 117, -2],
			"translation": [2.5, 2, -0.75],
			"scale": [0.8, 0.8, 0.8]
		},
		"ground": {
			"translation": [0, 4, 0]
		},
		"gui": {
			"rotation": [0, 0, -45],
			"translation": [-1.5, -1, 0]
		},
		"head": {
			"rotation": [0, 0, -139],
			"translation": [-7, 9.25, -0.5]
		},
		"fixed": {
			"rotation": [0, 0, 44.25],
			"translation": [1.5, -1.75, -1]
		}
	},
	"groups": [
		0,
		1,
		2,
		3,
		4,
		5,
		6,
		7,
		8,
		9,
		10,
		11,
		12,
		{
			"name": "group",
			"origin": [0, 0, 0],
			"color": 0,
			"children": [13, 14, 15, 16, 17, 18, 19, 20]
		}
	]
}