{
	"credit": "Made with Blockbench",
	"parent": "item/handheld_rod",
	"texture_size": [32, 32],
	"textures": {
		"layer0": "cmd/saifan_note"
	},
	"gui_light": "front",
	"display": {
		"thirdperson_righthand": {
			"rotation": [0, 0, -45],
			"translation": [-2.25, 0.5, 1],
			"scale": [0.5, 0.5, 0.5]
		},
		"thirdperson_lefthand": {
			"rotation": [0, 0, -45],
			"translation": [-2.25, 0.5, 1],
			"scale": [0.5, 0.5, 0.5]
		},
		"firstperson_righthand": {
			"rotation": [26, -83, 14],
			"translation": [3.25, 2, -1.25],
			"scale": [0.8, 0.8, 0.8]
		},
		"firstperson_lefthand": {
			"rotation": [-50, -253, 37],
			"translation": [5.75, 2, -1.25],
			"scale": [0.8, 0.8, 0.8]
		},
		"ground": {
			"translation": [0, 3.5, 0],
			"scale": [0.7, 0.7, 0.7]
		},
		"gui": {
			"translation": [0, -0.5, 0],
			"scale": [0.95, 0.95, 0.95]
		},
		"head": {
			"translation": [0, 5.25, 0]
		},
		"fixed": {
			"translation": [0, -0.45, 0]
		}
	}
}