{
	"credit": "Made with Blockbench",
	"texture_size": [32, 32],
	"textures": {
		"2": "cmd/saifan_staff_magic"
	},
	"elements": [
		{
			"from": [5.54, 24.42, 7.06],
			"to": [6.62, 25.41, 7.54],
			"rotation": {"angle": 0, "axis": "y", "origin": [8, 7.2, 7]},
			"faces": {
				"north": {"uv": [3.5, 6.5, 4, 7], "texture": "#2"},
				"east": {"uv": [2, 7.5, 2.25, 8], "texture": "#2"},
				"south": {"uv": [6.5, 3.5, 7, 4], "texture": "#2"},
				"west": {"uv": [2.5, 7.5, 2.75, 8], "texture": "#2"},
				"up": {"uv": [8, 2.75, 7.5, 2.5], "texture": "#2"},
				"down": {"uv": [8, 3, 7.5, 3.25], "texture": "#2"}
			}
		},
		{
			"from": [8, 1.8, 7],
			"to": [8.6, 19.2, 7.6],
			"rotation": {"angle": 0, "axis": "y", "origin": [8, 7.2, 7]},
			"faces": {
				"north": {"uv": [0, 0, 0.25, 8.75], "texture": "#2"},
				"east": {"uv": [0.5, 0, 0.75, 8.75], "texture": "#2"},
				"south": {"uv": [1, 0, 1.25, 8.75], "texture": "#2"},
				"west": {"uv": [1.5, 0, 1.75, 8.75], "texture": "#2"},
				"up": {"uv": [8.25, 1.25, 8, 1], "texture": "#2"},
				"down": {"uv": [8.25, 1.5, 8, 1.75], "texture": "#2"}
			}
		},
		{
			"from": [7.58, 0.6, 6.52],
			"to": [9.02, 1.2, 8.08],
			"rotation": {"angle": 0, "axis": "y", "origin": [8, 7.2, 7]},
			"faces": {
				"north": {"uv": [7, 6, 7.75, 6.25], "texture": "#2"},
				"east": {"uv": [6.5, 7, 7.25, 7.25], "texture": "#2"},
				"south": {"uv": [7, 6.5, 7.75, 6.75], "texture": "#2"},
				"west": {"uv": [7.5, 0, 8.25, 0.25], "texture": "#2"},
				"up": {"uv": [5.75, 5.75, 5, 5], "texture": "#2"},
				"down": {"uv": [3.75, 5.5, 3, 6.25], "texture": "#2"}
			}
		},
		{
			"from": [8, 0, 7],
			"to": [8.6, 1.2, 7.6],
			"rotation": {"angle": 0, "axis": "y", "origin": [8, 7.2, 7]},
			"faces": {
				"north": {"uv": [3.5, 7.5, 3.75, 8], "texture": "#2"},
				"east": {"uv": [7.5, 3.5, 7.75, 4], "texture": "#2"},
				"south": {"uv": [4, 7.5, 4.25, 8], "texture": "#2"},
				"west": {"uv": [7.5, 4, 7.75, 4.5], "texture": "#2"},
				"up": {"uv": [2.25, 8.25, 2, 8], "texture": "#2"},
				"down": {"uv": [8.25, 2, 8, 2.25], "texture": "#2"}
			}
		},
		{
			"from": [7.7, 1.2, 6.7],
			"to": [8.9, 2.4, 7.9],
			"rotation": {"angle": 0, "axis": "y", "origin": [8, 7.2, 7]},
			"faces": {
				"north": {"uv": [4, 6.5, 4.5, 7], "texture": "#2"},
				"east": {"uv": [6.5, 4, 7, 4.5], "texture": "#2"},
				"south": {"uv": [4.5, 6.5, 5, 7], "texture": "#2"},
				"west": {"uv": [6.5, 4.5, 7, 5], "texture": "#2"},
				"up": {"uv": [7, 5.5, 6.5, 5], "texture": "#2"},
				"down": {"uv": [6, 6.5, 5.5, 7], "texture": "#2"}
			}
		},
		{
			"from": [6.86, 19.2, 6.82],
			"to": [9.8, 20.01, 7.78],
			"rotation": {"angle": 0, "axis": "y", "origin": [8, 7.2, 7]},
			"faces": {
				"north": {"uv": [5, 2, 6.5, 2.5], "texture": "#2"},
				"east": {"uv": [6.5, 5.5, 7, 6], "texture": "#2"},
				"south": {"uv": [5, 2.5, 6.5, 3], "texture": "#2"},
				"west": {"uv": [6, 6.5, 6.5, 7], "texture": "#2"},
				"up": {"uv": [4.5, 5.5, 3, 5], "texture": "#2"},
				"down": {"uv": [6.5, 3, 5, 3.5], "texture": "#2"}
			}
		},
		{
			"from": [6.14, 19.8, 6.85],
			"to": [8, 20.61, 7.75],
			"rotation": {"angle": 0, "axis": "y", "origin": [8, 7.2, 7]},
			"faces": {
				"north": {"uv": [5.5, 3.5, 6.5, 4], "texture": "#2"},
				"east": {"uv": [6.5, 6, 7, 6.5], "texture": "#2"},
				"south": {"uv": [5.5, 4, 6.5, 4.5], "texture": "#2"},
				"west": {"uv": [6.5, 6.5, 7, 7], "texture": "#2"},
				"up": {"uv": [6.5, 5, 5.5, 4.5], "texture": "#2"},
				"down": {"uv": [7, 0, 6, 0.5], "texture": "#2"}
			}
		},
		{
			"from": [6.02, 20.4, 6.88],
			"to": [7.04, 21.45, 7.72],
			"rotation": {"angle": 0, "axis": "y", "origin": [8, 7.2, 7]},
			"faces": {
				"north": {"uv": [7, 0, 7.5, 0.5], "texture": "#2"},
				"east": {"uv": [7, 1.5, 7.5, 2], "texture": "#2"},
				"south": {"uv": [2, 7, 2.5, 7.5], "texture": "#2"},
				"west": {"uv": [7, 2, 7.5, 2.5], "texture": "#2"},
				"up": {"uv": [3, 7.5, 2.5, 7], "texture": "#2"},
				"down": {"uv": [7.5, 2.5, 7, 3], "texture": "#2"}
			}
		},
		{
			"from": [5.24, 21, 6.94],
			"to": [6.44, 22.53, 7.66],
			"rotation": {"angle": 0, "axis": "y", "origin": [8, 7.2, 7]},
			"faces": {
				"north": {"uv": [5, 6, 5.5, 6.75], "texture": "#2"},
				"east": {"uv": [7.5, 0.5, 7.75, 1.25], "texture": "#2"},
				"south": {"uv": [6, 5, 6.5, 5.75], "texture": "#2"},
				"west": {"uv": [7.5, 1.5, 7.75, 2.25], "texture": "#2"},
				"up": {"uv": [5, 7.75, 4.5, 7.5], "texture": "#2"},
				"down": {"uv": [8, 4.5, 7.5, 4.75], "texture": "#2"}
			}
		},
		{
			"from": [4.88, 21.72, 7],
			"to": [5.9, 24.45, 7.6],
			"rotation": {"angle": 0, "axis": "y", "origin": [8, 7.2, 7]},
			"faces": {
				"north": {"uv": [5, 3.5, 5.5, 4.75], "texture": "#2"},
				"east": {"uv": [6.5, 2, 6.75, 3.25], "texture": "#2"},
				"south": {"uv": [4.5, 5, 5, 6.25], "texture": "#2"},
				"west": {"uv": [3, 6.5, 3.25, 7.75], "texture": "#2"},
				"up": {"uv": [5.5, 7.75, 5, 7.5], "texture": "#2"},
				"down": {"uv": [8, 5, 7.5, 5.25], "texture": "#2"}
			}
		},
		{
			"from": [6.5, 25.2, 7.12],
			"to": [6.98, 25.77, 7.48],
			"rotation": {"angle": 0, "axis": "y", "origin": [8, 7.2, 7]},
			"faces": {
				"north": {"uv": [2.5, 8, 2.75, 8.25], "texture": "#2"},
				"east": {"uv": [8, 2.5, 8.25, 2.75], "texture": "#2"},
				"south": {"uv": [3, 8, 3.25, 8.25], "texture": "#2"},
				"west": {"uv": [8, 3, 8.25, 3.25], "texture": "#2"},
				"up": {"uv": [3.75, 8.25, 3.5, 8], "texture": "#2"},
				"down": {"uv": [8.25, 3.5, 8, 3.75], "texture": "#2"}
			}
		},
		{
			"from": [9.2, 19.68, 6.85],
			"to": [10.64, 20.67, 7.75],
			"rotation": {"angle": 0, "axis": "y", "origin": [8, 7.2, 7]},
			"faces": {
				"north": {"uv": [6, 1.5, 6.75, 2], "texture": "#2"},
				"east": {"uv": [7, 3, 7.5, 3.5], "texture": "#2"},
				"south": {"uv": [5.5, 6, 6.25, 6.5], "texture": "#2"},
				"west": {"uv": [3.5, 7, 4, 7.5], "texture": "#2"},
				"up": {"uv": [7.25, 1, 6.5, 0.5], "texture": "#2"},
				"down": {"uv": [7.25, 1, 6.5, 1.5], "texture": "#2"}
			}
		},
		{
			"from": [10.46, 20.28, 6.88],
			"to": [11.3, 21.45, 7.72],
			"rotation": {"angle": 0, "axis": "y", "origin": [8, 7.2, 7]},
			"faces": {
				"north": {"uv": [7, 3.5, 7.5, 4], "texture": "#2"},
				"east": {"uv": [4, 7, 4.5, 7.5], "texture": "#2"},
				"south": {"uv": [7, 4, 7.5, 4.5], "texture": "#2"},
				"west": {"uv": [4.5, 7, 5, 7.5], "texture": "#2"},
				"up": {"uv": [7.5, 5, 7, 4.5], "texture": "#2"},
				"down": {"uv": [5.5, 7, 5, 7.5], "texture": "#2"}
			}
		},
		{
			"from": [10.94, 21.42, 6.94],
			"to": [11.78, 22.65, 7.66],
			"rotation": {"angle": 0, "axis": "y", "origin": [8, 7.2, 7]},
			"faces": {
				"north": {"uv": [7, 5, 7.5, 5.5], "texture": "#2"},
				"east": {"uv": [5.5, 7.5, 5.75, 8], "texture": "#2"},
				"south": {"uv": [5.5, 7, 6, 7.5], "texture": "#2"},
				"west": {"uv": [7.5, 5.5, 7.75, 6], "texture": "#2"},
				"up": {"uv": [6.5, 7.75, 6, 7.5], "texture": "#2"},
				"down": {"uv": [7, 7.5, 6.5, 7.75], "texture": "#2"}
			}
		},
		{
			"from": [10.82, 22.56, 7],
			"to": [11.48, 23.55, 7.6],
			"rotation": {"angle": 0, "axis": "y", "origin": [8, 7.2, 7]},
			"faces": {
				"north": {"uv": [7, 7.5, 7.25, 8], "texture": "#2"},
				"east": {"uv": [7.5, 7, 7.75, 7.5], "texture": "#2"},
				"south": {"uv": [7.5, 7.5, 7.75, 8], "texture": "#2"},
				"west": {"uv": [8, 0.5, 8.25, 1], "texture": "#2"},
				"up": {"uv": [4.25, 8.25, 4, 8], "texture": "#2"},
				"down": {"uv": [8.25, 4, 8, 4.25], "texture": "#2"}
			}
		},
		{
			"from": [10.52, 23.46, 7.12],
			"to": [11.06, 24.03, 7.48],
			"rotation": {"angle": 0, "axis": "y", "origin": [8, 7.2, 7]},
			"faces": {
				"north": {"uv": [4.5, 8, 4.75, 8.25], "texture": "#2"},
				"east": {"uv": [8, 4.5, 8.25, 4.75], "texture": "#2"},
				"south": {"uv": [5, 8, 5.25, 8.25], "texture": "#2"},
				"west": {"uv": [8, 5, 8.25, 5.25], "texture": "#2"},
				"up": {"uv": [5.75, 8.25, 5.5, 8], "texture": "#2"},
				"down": {"uv": [8.25, 5.5, 8, 5.75], "texture": "#2"}
			}
		},
		{
			"from": [7.84711, 22.06497, 6.79289],
			"to": [9.64711, 23.86497, 8.59289],
			"rotation": {"angle": 45, "axis": "y", "origin": [8, 23.2, 8]},
			"faces": {
				"north": {"uv": [2, 0, 3, 1], "texture": "#2"},
				"east": {"uv": [2, 1, 3, 2], "texture": "#2"},
				"south": {"uv": [2, 2, 3, 3], "texture": "#2"},
				"west": {"uv": [3, 0, 4, 1], "texture": "#2"},
				"up": {"uv": [4, 2, 3, 1], "texture": "#2"},
				"down": {"uv": [3, 3, 2, 4], "texture": "#2"}
			}
		},
		{
			"from": [7.39289, 22.06497, 6.35289],
			"to": [9.19289, 23.86497, 8.15289],
			"rotation": {"angle": 0, "axis": "y", "origin": [8, 23.2, 8]},
			"faces": {
				"north": {"uv": [3, 2, 4, 3], "texture": "#2"},
				"east": {"uv": [3, 3, 4, 4], "texture": "#2"},
				"south": {"uv": [4, 0, 5, 1], "texture": "#2"},
				"west": {"uv": [4, 1, 5, 2], "texture": "#2"},
				"up": {"uv": [3, 5, 2, 4], "texture": "#2"},
				"down": {"uv": [5, 2, 4, 3], "texture": "#2"}
			}
		},
		{
			"from": [7.39289, 21.56497, 6.75289],
			"to": [9.19289, 23.36497, 8.55289],
			"rotation": {"angle": 45, "axis": "x", "origin": [8, 23.2, 8]},
			"faces": {
				"north": {"uv": [3, 4, 4, 5], "texture": "#2"},
				"east": {"uv": [4, 3, 5, 4], "texture": "#2"},
				"south": {"uv": [4, 4, 5, 5], "texture": "#2"},
				"west": {"uv": [5, 0, 6, 1], "texture": "#2"},
				"up": {"uv": [6, 2, 5, 1], "texture": "#2"},
				"down": {"uv": [3, 5, 2, 6], "texture": "#2"}
			}
		},
		{
			"from": [7.82, 17.4, 6.82],
			"to": [8.78, 19.2, 7.78],
			"rotation": {"angle": 0, "axis": "y", "origin": [8, 7.2, 7]},
			"faces": {
				"north": {"uv": [4, 5.5, 4.5, 6.5], "texture": "#2"},
				"east": {"uv": [6, 0.5, 6.5, 1.5], "texture": "#2"},
				"south": {"uv": [2, 6, 2.5, 7], "texture": "#2"},
				"west": {"uv": [2.5, 6, 3, 7], "texture": "#2"},
				"up": {"uv": [7.5, 6, 7, 5.5], "texture": "#2"},
				"down": {"uv": [6.5, 7, 6, 7.5], "texture": "#2"}
			}
		},
		{
			"from": [7.9, 23.9, 3.5],
			"to": [8.3, 24.3, 3.7],
			"faces": {
				"north": {"uv": [6, 8, 6.25, 8.25], "texture": "#2"},
				"east": {"uv": [8, 6, 8.25, 6.25], "texture": "#2"},
				"south": {"uv": [6.5, 8, 6.75, 8.25], "texture": "#2"},
				"west": {"uv": [8, 6.5, 8.25, 6.75], "texture": "#2"},
				"up": {"uv": [7.25, 8.25, 7, 8], "texture": "#2"},
				"down": {"uv": [8.25, 7, 8, 7.25], "texture": "#2"}
			}
		},
		{
			"from": [12.1, 23.9, 6.1],
			"to": [12.5, 24.3, 6.3],
			"faces": {
				"north": {"uv": [7.5, 8, 7.75, 8.25], "texture": "#2"},
				"east": {"uv": [8, 7.5, 8.25, 7.75], "texture": "#2"},
				"south": {"uv": [8, 8, 8.25, 8.25], "texture": "#2"},
				"west": {"uv": [8.5, 0, 8.75, 0.25], "texture": "#2"},
				"up": {"uv": [8.75, 0.75, 8.5, 0.5], "texture": "#2"},
				"down": {"uv": [8.75, 1, 8.5, 1.25], "texture": "#2"}
			}
		},
		{
			"from": [4.4, 16.5, 8.5],
			"to": [4.8, 16.9, 8.7],
			"faces": {
				"north": {"uv": [8.5, 1.5, 8.75, 1.75], "texture": "#2"},
				"east": {"uv": [2, 8.5, 2.25, 8.75], "texture": "#2"},
				"south": {"uv": [8.5, 2, 8.75, 2.25], "texture": "#2"},
				"west": {"uv": [2.5, 8.5, 2.75, 8.75], "texture": "#2"},
				"up": {"uv": [8.75, 2.75, 8.5, 2.5], "texture": "#2"},
				"down": {"uv": [3.25, 8.5, 3, 8.75], "texture": "#2"}
			}
		},
		{
			"from": [4.8, 16.8, 4.2],
			"to": [5.2, 17.2, 4.4],
			"faces": {
				"north": {"uv": [8.5, 3, 8.75, 3.25], "texture": "#2"},
				"east": {"uv": [3.5, 8.5, 3.75, 8.75], "texture": "#2"},
				"south": {"uv": [8.5, 3.5, 8.75, 3.75], "texture": "#2"},
				"west": {"uv": [4, 8.5, 4.25, 8.75], "texture": "#2"},
				"up": {"uv": [8.75, 4.25, 8.5, 4], "texture": "#2"},
				"down": {"uv": [4.75, 8.5, 4.5, 8.75], "texture": "#2"}
			}
		},
		{
			"from": [11.5, 15.3, 8.5],
			"to": [11.9, 15.7, 8.7],
			"faces": {
				"north": {"uv": [8.5, 4.5, 8.75, 4.75], "texture": "#2"},
				"east": {"uv": [5, 8.5, 5.25, 8.75], "texture": "#2"},
				"south": {"uv": [8.5, 5, 8.75, 5.25], "texture": "#2"},
				"west": {"uv": [5.5, 8.5, 5.75, 8.75], "texture": "#2"},
				"up": {"uv": [8.75, 5.75, 8.5, 5.5], "texture": "#2"},
				"down": {"uv": [6.25, 8.5, 6, 8.75], "texture": "#2"}
			}
		},
		{
			"from": [12.4, 19.7, 5.4],
			"to": [12.8, 20.1, 5.6],
			"faces": {
				"north": {"uv": [8.5, 6, 8.75, 6.25], "texture": "#2"},
				"east": {"uv": [6.5, 8.5, 6.75, 8.75], "texture": "#2"},
				"south": {"uv": [8.5, 6.5, 8.75, 6.75], "texture": "#2"},
				"west": {"uv": [7, 8.5, 7.25, 8.75], "texture": "#2"},
				"up": {"uv": [8.75, 7.25, 8.5, 7], "texture": "#2"},
				"down": {"uv": [7.75, 8.5, 7.5, 8.75], "texture": "#2"}
			}
		},
		{
			"from": [10.8, 18, 5.4],
			"to": [11.2, 18.4, 5.6],
			"faces": {
				"north": {"uv": [8.5, 7.5, 8.75, 7.75], "texture": "#2"},
				"east": {"uv": [8, 8.5, 8.25, 8.75], "texture": "#2"},
				"south": {"uv": [8.5, 8, 8.75, 8.25], "texture": "#2"},
				"west": {"uv": [8.5, 8.5, 8.75, 8.75], "texture": "#2"},
				"up": {"uv": [0.25, 9.25, 0, 9], "texture": "#2"},
				"down": {"uv": [9.25, 0, 9, 0.25], "texture": "#2"}
			}
		},
		{
			"from": [11.1, 23.9, 9.2],
			"to": [11.5, 24.3, 9.4],
			"faces": {
				"north": {"uv": [0.5, 9, 0.75, 9.25], "texture": "#2"},
				"east": {"uv": [9, 0.5, 9.25, 0.75], "texture": "#2"},
				"south": {"uv": [1, 9, 1.25, 9.25], "texture": "#2"},
				"west": {"uv": [9, 1, 9.25, 1.25], "texture": "#2"},
				"up": {"uv": [1.75, 9.25, 1.5, 9], "texture": "#2"},
				"down": {"uv": [9.25, 1.5, 9, 1.75], "texture": "#2"}
			}
		},
		{
			"from": [9.1, 26.2, 7.5],
			"to": [9.5, 26.6, 7.7],
			"faces": {
				"north": {"uv": [2, 9, 2.25, 9.25], "texture": "#2"},
				"east": {"uv": [9, 2, 9.25, 2.25], "texture": "#2"},
				"south": {"uv": [2.5, 9, 2.75, 9.25], "texture": "#2"},
				"west": {"uv": [9, 2.5, 9.25, 2.75], "texture": "#2"},
				"up": {"uv": [3.25, 9.25, 3, 9], "texture": "#2"},
				"down": {"uv": [9.25, 3, 9, 3.25], "texture": "#2"}
			}
		},
		{
			"from": [11.4, 27.4, 7.5],
			"to": [11.8, 27.8, 7.7],
			"faces": {
				"north": {"uv": [3.5, 9, 3.75, 9.25], "texture": "#2"},
				"east": {"uv": [9, 3.5, 9.25, 3.75], "texture": "#2"},
				"south": {"uv": [4, 9, 4.25, 9.25], "texture": "#2"},
				"west": {"uv": [9, 4, 9.25, 4.25], "texture": "#2"},
				"up": {"uv": [4.75, 9.25, 4.5, 9], "texture": "#2"},
				"down": {"uv": [9.25, 4.5, 9, 4.75], "texture": "#2"}
			}
		},
		{
			"from": [5.8, 26.2, 5.6],
			"to": [6.2, 26.6, 5.8],
			"faces": {
				"north": {"uv": [5, 9, 5.25, 9.25], "texture": "#2"},
				"east": {"uv": [9, 5, 9.25, 5.25], "texture": "#2"},
				"south": {"uv": [5.5, 9, 5.75, 9.25], "texture": "#2"},
				"west": {"uv": [9, 5.5, 9.25, 5.75], "texture": "#2"},
				"up": {"uv": [6.25, 9.25, 6, 9], "texture": "#2"},
				"down": {"uv": [9.25, 6, 9, 6.25], "texture": "#2"}
			}
		},
		{
			"from": [6.3, 23.9, 10],
			"to": [6.7, 24.3, 10.2],
			"faces": {
				"north": {"uv": [6.5, 9, 6.75, 9.25], "texture": "#2"},
				"east": {"uv": [9, 6.5, 9.25, 6.75], "texture": "#2"},
				"south": {"uv": [7, 9, 7.25, 9.25], "texture": "#2"},
				"west": {"uv": [9, 7, 9.25, 7.25], "texture": "#2"},
				"up": {"uv": [7.75, 9.25, 7.5, 9], "texture": "#2"},
				"down": {"uv": [9.25, 7.5, 9, 7.75], "texture": "#2"}
			}
		},
		{
			"from": [4.4, 19.6, 6.1],
			"to": [4.8, 20, 6.3],
			"faces": {
				"north": {"uv": [8, 9, 8.25, 9.25], "texture": "#2"},
				"east": {"uv": [9, 8, 9.25, 8.25], "texture": "#2"},
				"south": {"uv": [8.5, 9, 8.75, 9.25], "texture": "#2"},
				"west": {"uv": [9, 8.5, 9.25, 8.75], "texture": "#2"},
				"up": {"uv": [9.25, 9.25, 9, 9], "texture": "#2"},
				"down": {"uv": [0.25, 9.5, 0, 9.75], "texture": "#2"}
			}
		},
		{
			"from": [3.2, 23.9, 5.4],
			"to": [3.6, 24.3, 5.6],
			"faces": {
				"north": {"uv": [9.5, 0, 9.75, 0.25], "texture": "#2"},
				"east": {"uv": [0.5, 9.5, 0.75, 9.75], "texture": "#2"},
				"south": {"uv": [9.5, 0.5, 9.75, 0.75], "texture": "#2"},
				"west": {"uv": [1, 9.5, 1.25, 9.75], "texture": "#2"},
				"up": {"uv": [9.75, 1.25, 9.5, 1], "texture": "#2"},
				"down": {"uv": [1.75, 9.5, 1.5, 9.75], "texture": "#2"}
			}
		},
		{
			"from": [2, 21.8, 5.4],
			"to": [2.4, 22.2, 5.6],
			"faces": {
				"north": {"uv": [9.5, 0, 9.75, 0.25], "texture": "#2"},
				"east": {"uv": [0.5, 9.5, 0.75, 9.75], "texture": "#2"},
				"south": {"uv": [9.5, 0.5, 9.75, 0.75], "texture": "#2"},
				"west": {"uv": [1, 9.5, 1.25, 9.75], "texture": "#2"},
				"up": {"uv": [9.75, 1.25, 9.5, 1], "texture": "#2"},
				"down": {"uv": [1.75, 9.5, 1.5, 9.75], "texture": "#2"}
			}
		}
	],
	"gui_light": "front",
	"display": {
		"thirdperson_righthand": {
			"rotation": [50, 159, 5],
			"translation": [0, -3.5, -3.5]
		},
		"thirdperson_lefthand": {
			"rotation": [50, -28, -10],
			"translation": [-0.75, -3.25, -2.75]
		},
		"firstperson_righthand": {
			"rotation": [-25, 106, 15],
			"translation": [4.75, -6.25, -1.5]
		},
		"firstperson_lefthand": {
			"rotation": [-25, -73, -13],
			"translation": [4.75, -6, -1.5]
		},
		"ground": {
			"translation": [0, 4, 0]
		},
		"gui": {
			"rotation": [0, 0, -45],
			"translation": [-3.25, -3, 0],
			"scale": [0.7, 0.7, 0.7]
		},
		"head": {
			"translation": [0, -9.5, 0],
			"scale": [1.5, 1.5, 1.5]
		},
		"fixed": {
			"rotation": [0, -180, -47],
			"translation": [4, -3.75, -1.25],
			"scale": [0.9, 0.9, 0.9]
		}
	},
	"groups": [
		{
			"name": "group",
			"origin": [8, 0, 7],
			"color": 0,
			"children": [
				0,
				1,
				2,
				3,
				4,
				5,
				6,
				7,
				8,
				9,
				10,
				11,
				12,
				13,
				14,
				15,
				16,
				17,
				18,
				19,
				{
					"name": "group",
					"origin": [0, 0, 0],
					"color": 0,
					"children": [20, 21, 22, 23, 24, 25, 26, 27, 28, 29, 30, 31, 32, 33, 34]
				}
			]
		}
	]
}