{
	"credit": "Made with Blockbench",
	"textures": {
		"1": "cmd/saifan_staff"
	},
	"elements": [
		{
			"from": [5.54, 24.42, 7.06],
			"to": [6.62, 25.41, 7.54],
			"rotation": {"angle": 0, "axis": "y", "origin": [8, 7.2, 7]},
			"faces": {
				"north": {"uv": [6.5, 8.5, 7.5, 9.25], "texture": "#1"},
				"east": {"uv": [7, 10.5, 7.5, 11.25], "texture": "#1"},
				"south": {"uv": [8.5, 7, 9.5, 7.75], "texture": "#1"},
				"west": {"uv": [8.5, 10.5, 9, 11.25], "texture": "#1"},
				"up": {"uv": [11, 8.5, 10, 8], "texture": "#1"},
				"down": {"uv": [11, 8.5, 10, 9], "texture": "#1"}
			}
		},
		{
			"from": [8, 1.8, 7],
			"to": [8.6, 19.2, 7.6],
			"rotation": {"angle": 0, "axis": "y", "origin": [8, 7.2, 7]},
			"faces": {
				"north": {"uv": [0, 0, 0.5, 14.5], "texture": "#1"},
				"east": {"uv": [0.5, 0, 1, 14.5], "texture": "#1"},
				"south": {"uv": [1, 0, 1.5, 14.5], "texture": "#1"},
				"west": {"uv": [1.5, 0, 2, 14.5], "texture": "#1"},
				"up": {"uv": [7.5, 3.5, 7, 3], "texture": "#1"},
				"down": {"uv": [11.5, 1, 11, 1.5], "texture": "#1"}
			}
		},
		{
			"from": [7.58, 0.6, 6.52],
			"to": [9.02, 1.2, 8.08],
			"rotation": {"angle": 0, "axis": "y", "origin": [8, 7.2, 7]},
			"faces": {
				"north": {"uv": [8.5, 9, 9.75, 9.5], "texture": "#1"},
				"east": {"uv": [9.5, 3, 10.75, 3.5], "texture": "#1"},
				"south": {"uv": [9.5, 3.5, 10.75, 4], "texture": "#1"},
				"west": {"uv": [9.5, 4, 10.75, 4.5], "texture": "#1"},
				"up": {"uv": [4.25, 6.75, 3, 5.5], "texture": "#1"},
				"down": {"uv": [5.75, 5.5, 4.5, 6.75], "texture": "#1"}
			}
		},
		{
			"from": [8, 0, 7],
			"to": [8.6, 1.2, 7.6],
			"rotation": {"angle": 0, "axis": "y", "origin": [8, 7.2, 7]},
			"faces": {
				"north": {"uv": [5, 10, 5.5, 11], "texture": "#1"},
				"east": {"uv": [5.5, 10, 6, 11], "texture": "#1"},
				"south": {"uv": [7.5, 10, 8, 11], "texture": "#1"},
				"west": {"uv": [8, 10, 8.5, 11], "texture": "#1"},
				"up": {"uv": [11.5, 2, 11, 1.5], "texture": "#1"},
				"down": {"uv": [2.5, 11, 2, 11.5], "texture": "#1"}
			}
		},
		{
			"from": [7.7, 1.2, 6.7],
			"to": [8.9, 2.4, 7.9],
			"rotation": {"angle": 0, "axis": "y", "origin": [8, 7.2, 7]},
			"faces": {
				"north": {"uv": [7.5, 6, 8.5, 7], "texture": "#1"},
				"east": {"uv": [7.5, 7, 8.5, 8], "texture": "#1"},
				"south": {"uv": [2, 8, 3, 9], "texture": "#1"},
				"west": {"uv": [3, 8, 4, 9], "texture": "#1"},
				"up": {"uv": [5, 9, 4, 8], "texture": "#1"},
				"down": {"uv": [6, 8, 5, 9], "texture": "#1"}
			}
		},
		{
			"from": [6.86, 19.2, 6.82],
			"to": [9.8, 20.01, 7.78],
			"rotation": {"angle": 0, "axis": "y", "origin": [8, 7.2, 7]},
			"faces": {
				"north": {"uv": [2, 4.5, 4.5, 5.25], "texture": "#1"},
				"east": {"uv": [9.5, 6, 10.25, 6.75], "texture": "#1"},
				"south": {"uv": [4.5, 4.5, 7, 5.25], "texture": "#1"},
				"west": {"uv": [6.5, 9.5, 7.25, 10.25], "texture": "#1"},
				"up": {"uv": [7.5, 0.75, 5, 0], "texture": "#1"},
				"down": {"uv": [7.5, 1, 5, 1.75], "texture": "#1"}
			}
		},
		{
			"from": [6.14, 19.8, 6.85],
			"to": [8, 20.61, 7.75],
			"rotation": {"angle": 0, "axis": "y", "origin": [8, 7.2, 7]},
			"faces": {
				"north": {"uv": [6, 3.5, 7.5, 4.25], "texture": "#1"},
				"east": {"uv": [9.5, 7, 10.25, 7.75], "texture": "#1"},
				"south": {"uv": [7, 2, 8.5, 2.75], "texture": "#1"},
				"west": {"uv": [8.5, 9.5, 9.25, 10.25], "texture": "#1"},
				"up": {"uv": [4.5, 7.75, 3, 7], "texture": "#1"},
				"down": {"uv": [6, 7, 4.5, 7.75], "texture": "#1"}
			}
		},
		{
			"from": [6.02, 20.4, 6.88],
			"to": [7.04, 21.45, 7.72],
			"rotation": {"angle": 0, "axis": "y", "origin": [8, 7.2, 7]},
			"faces": {
				"north": {"uv": [8.5, 3, 9.25, 4], "texture": "#1"},
				"east": {"uv": [8.5, 4, 9.25, 5], "texture": "#1"},
				"south": {"uv": [8.5, 5, 9.25, 6], "texture": "#1"},
				"west": {"uv": [8.5, 6, 9.25, 7], "texture": "#1"},
				"up": {"uv": [10.25, 10.25, 9.5, 9.5], "texture": "#1"},
				"down": {"uv": [10.75, 0, 10, 0.75], "texture": "#1"}
			}
		},
		{
			"from": [5.24, 21, 6.94],
			"to": [6.44, 22.53, 7.66],
			"rotation": {"angle": 0, "axis": "y", "origin": [8, 7.2, 7]},
			"faces": {
				"north": {"uv": [6, 2, 7, 3.25], "texture": "#1"},
				"east": {"uv": [9.5, 4.5, 10, 5.75], "texture": "#1"},
				"south": {"uv": [6, 5.5, 7, 6.75], "texture": "#1"},
				"west": {"uv": [6, 9.5, 6.5, 10.75], "texture": "#1"},
				"up": {"uv": [8.5, 2, 7.5, 1.5], "texture": "#1"},
				"down": {"uv": [11, 5.5, 10, 6], "texture": "#1"}
			}
		},
		{
			"from": [4.88, 21.72, 7],
			"to": [5.9, 24.45, 7.6],
			"rotation": {"angle": 0, "axis": "y", "origin": [8, 7.2, 7]},
			"faces": {
				"north": {"uv": [5, 2, 5.75, 4.25], "texture": "#1"},
				"east": {"uv": [7, 4.5, 7.5, 6.75], "texture": "#1"},
				"south": {"uv": [2, 5.5, 2.75, 7.75], "texture": "#1"},
				"west": {"uv": [6, 7, 6.5, 9.25], "texture": "#1"},
				"up": {"uv": [10.75, 9.5, 10, 9], "texture": "#1"},
				"down": {"uv": [11.25, 7, 10.5, 7.5], "texture": "#1"}
			}
		},
		{
			"from": [6.5, 25.2, 7.12],
			"to": [6.98, 25.77, 7.48],
			"rotation": {"angle": 0, "axis": "y", "origin": [8, 7.2, 7]},
			"faces": {
				"north": {"uv": [11, 2, 11.5, 2.5], "texture": "#1"},
				"east": {"uv": [11, 3.5, 11.25, 4], "texture": "#1"},
				"south": {"uv": [2.5, 11, 3, 11.5], "texture": "#1"},
				"west": {"uv": [4, 11, 4.25, 11.5], "texture": "#1"},
				"up": {"uv": [11.5, 4.25, 11, 4], "texture": "#1"},
				"down": {"uv": [5, 11, 4.5, 11.25], "texture": "#1"}
			}
		},
		{
			"from": [9.2, 19.68, 6.85],
			"to": [10.64, 20.67, 7.75],
			"rotation": {"angle": 0, "axis": "y", "origin": [8, 7.2, 7]},
			"faces": {
				"north": {"uv": [7.5, 8, 8.75, 8.75], "texture": "#1"},
				"east": {"uv": [10, 1, 10.75, 1.75], "texture": "#1"},
				"south": {"uv": [8.5, 0, 9.75, 0.75], "texture": "#1"},
				"west": {"uv": [2, 10, 2.75, 10.75], "texture": "#1"},
				"up": {"uv": [9.75, 1.75, 8.5, 1], "texture": "#1"},
				"down": {"uv": [9.75, 2, 8.5, 2.75], "texture": "#1"}
			}
		},
		{
			"from": [10.46, 20.28, 6.88],
			"to": [11.3, 21.45, 7.72],
			"rotation": {"angle": 0, "axis": "y", "origin": [8, 7.2, 7]},
			"faces": {
				"north": {"uv": [2, 9, 2.75, 10], "texture": "#1"},
				"east": {"uv": [3, 9, 3.75, 10], "texture": "#1"},
				"south": {"uv": [4, 9, 4.75, 10], "texture": "#1"},
				"west": {"uv": [5, 9, 5.75, 10], "texture": "#1"},
				"up": {"uv": [10.75, 2.75, 10, 2], "texture": "#1"},
				"down": {"uv": [3.75, 10, 3, 10.75], "texture": "#1"}
			}
		},
		{
			"from": [10.94, 21.42, 6.94],
			"to": [11.78, 22.65, 7.66],
			"rotation": {"angle": 0, "axis": "y", "origin": [8, 7.2, 7]},
			"faces": {
				"north": {"uv": [7.5, 9, 8.25, 10], "texture": "#1"},
				"east": {"uv": [10.5, 6, 11, 7], "texture": "#1"},
				"south": {"uv": [9, 8, 9.75, 9], "texture": "#1"},
				"west": {"uv": [6.5, 10.5, 7, 11.5], "texture": "#1"},
				"up": {"uv": [11.25, 8, 10.5, 7.5], "texture": "#1"},
				"down": {"uv": [9.75, 10.5, 9, 11], "texture": "#1"}
			}
		},
		{
			"from": [10.82, 22.56, 7],
			"to": [11.48, 23.55, 7.6],
			"rotation": {"angle": 0, "axis": "y", "origin": [8, 7.2, 7]},
			"faces": {
				"north": {"uv": [10.5, 9.5, 11, 10.25], "texture": "#1"},
				"east": {"uv": [10, 10.5, 10.5, 11.25], "texture": "#1"},
				"south": {"uv": [10.5, 10.5, 11, 11.25], "texture": "#1"},
				"west": {"uv": [11, 0, 11.5, 0.75], "texture": "#1"},
				"up": {"uv": [11.5, 3, 11, 2.5], "texture": "#1"},
				"down": {"uv": [3.5, 11, 3, 11.5], "texture": "#1"}
			}
		},
		{
			"from": [10.52, 23.46, 7.12],
			"to": [11.06, 24.03, 7.48],
			"rotation": {"angle": 0, "axis": "y", "origin": [8, 7.2, 7]},
			"faces": {
				"north": {"uv": [11, 3, 11.5, 3.5], "texture": "#1"},
				"east": {"uv": [11, 4.5, 11.25, 5], "texture": "#1"},
				"south": {"uv": [3.5, 11, 4, 11.5], "texture": "#1"},
				"west": {"uv": [5, 11, 5.25, 11.5], "texture": "#1"},
				"up": {"uv": [11.5, 5.25, 11, 5], "texture": "#1"},
				"down": {"uv": [6, 11, 5.5, 11.25], "texture": "#1"}
			}
		},
		{
			"from": [7.44711, 22.06497, 6.29289],
			"to": [9.24711, 23.86497, 8.09289],
			"rotation": {"angle": 0, "axis": "y", "origin": [8, 23.2, 8]},
			"faces": {
				"north": {"uv": [2, 0, 3.5, 1.5], "texture": "#1"},
				"east": {"uv": [2, 1.5, 3.5, 3], "texture": "#1"},
				"south": {"uv": [2, 3, 3.5, 4.5], "texture": "#1"},
				"west": {"uv": [3.5, 0, 5, 1.5], "texture": "#1"},
				"up": {"uv": [5, 3, 3.5, 1.5], "texture": "#1"},
				"down": {"uv": [5, 3, 3.5, 4.5], "texture": "#1"}
			}
		},
		{
			"from": [7.44711, 21.56497, 6.69289],
			"to": [9.24711, 23.36497, 8.49289],
			"rotation": {"angle": 45, "axis": "x", "origin": [8, 23.2, 8]},
			"faces": {
				"north": {"uv": [2, 0, 3.5, 1.5], "texture": "#1"},
				"east": {"uv": [2, 1.5, 3.5, 3], "texture": "#1"},
				"south": {"uv": [2, 3, 3.5, 4.5], "texture": "#1"},
				"west": {"uv": [3.5, 0, 5, 1.5], "texture": "#1"},
				"up": {"uv": [5, 3, 3.5, 1.5], "texture": "#1"},
				"down": {"uv": [5, 3, 3.5, 4.5], "texture": "#1"}
			}
		},
		{
			"from": [7.90711, 22.06497, 6.74711],
			"to": [9.70711, 23.86497, 8.54711],
			"rotation": {"angle": 45, "axis": "y", "origin": [8, 23.2, 8]},
			"faces": {
				"north": {"uv": [3.5, 0, 5, 1.5], "texture": "#1"},
				"east": {"uv": [2, 0, 3.5, 1.5], "texture": "#1"},
				"south": {"uv": [2, 1.5, 3.5, 3], "texture": "#1"},
				"west": {"uv": [2, 3, 3.5, 4.5], "texture": "#1"},
				"up": {"uv": [5, 3, 3.5, 1.5], "rotation": 90, "texture": "#1"},
				"down": {"uv": [5, 3, 3.5, 4.5], "rotation": 270, "texture": "#1"}
			}
		},
		{
			"from": [7.82, 17.4, 6.82],
			"to": [8.78, 19.2, 7.78],
			"rotation": {"angle": 0, "axis": "y", "origin": [8, 7.2, 7]},
			"faces": {
				"north": {"uv": [6.5, 7, 7.25, 8.5], "texture": "#1"},
				"east": {"uv": [7.5, 0, 8.25, 1.5], "texture": "#1"},
				"south": {"uv": [7.5, 3, 8.25, 4.5], "texture": "#1"},
				"west": {"uv": [7.5, 4.5, 8.25, 6], "texture": "#1"},
				"up": {"uv": [4.75, 10.75, 4, 10], "texture": "#1"},
				"down": {"uv": [10.75, 4.5, 10, 5.25], "texture": "#1"}
			}
		}
	],
	"gui_light": "front",
	"display": {
		"thirdperson_righthand": {
			"rotation": [50, 159, 5],
			"translation": [0, -3.5, -3.5]
		},
		"thirdperson_lefthand": {
			"rotation": [50, -28, -10],
			"translation": [-0.75, -3.25, -2.75]
		},
		"firstperson_righthand": {
			"rotation": [-25, 106, 15],
			"translation": [4.75, -6.25, -1.5]
		},
		"firstperson_lefthand": {
			"rotation": [-25, -73, -13],
			"translation": [4.75, -6, -1.5]
		},
		"ground": {
			"translation": [0, 4.25, 0],
			"scale": [0.75, 0.75, 0.75]
		},
		"gui": {
			"rotation": [0, 0, -45],
			"translation": [-3.25, -3, 0],
			"scale": [0.7, 0.7, 0.7]
		},
		"head": {
			"translation": [0, -9.5, 0],
			"scale": [1.5, 1.5, 1.5]
		},
		"fixed": {
			"rotation": [0, -180, -47],
			"translation": [4, -3.75, -1.25],
			"scale": [0.9, 0.9, 0.9]
		}
	},
	"groups": [
		{
			"name": "group",
			"origin": [8, 0, 7],
			"color": 0,
			"children": [0, 1, 2, 3, 4, 5, 6, 7, 8, 9, 10, 11, 12, 13, 14, 15, 16, 17, 18, 19]
		}
	]
}