{
	"credit": "Made with Blockbench",
	"texture_size": [32, 32],
	"textures": {
		"6": "cmd/saifan_airshot",
		"particle": "saifan_airshot"
	},
	"elements": [
		{
			"from": [12.1, 5.4, 6.4],
			"to": [13.1, 8.8, 10],
			"rotation": {"angle": 0, "axis": "y", "origin": [15.1, 5.1, 6.2]},
			"faces": {
				"north": {"uv": [3, 9.5, 3.5, 11.25], "texture": "#6"},
				"east": {"uv": [4.5, 6, 6.25, 7.75], "texture": "#6"},
				"south": {"uv": [3.5, 9.5, 4, 11.25], "texture": "#6"},
				"west": {"uv": [6.5, 4, 8.25, 5.75], "texture": "#6"},
				"up": {"uv": [4.5, 11.25, 4, 9.5], "texture": "#6"},
				"down": {"uv": [10, 8, 9.5, 9.75], "texture": "#6"}
			}
		},
		{
			"from": [13.1, 5.1, 6.2],
			"to": [14.2, 9.1, 10.2],
			"rotation": {"angle": 0, "axis": "y", "origin": [16.1, 5.1, 6.2]},
			"faces": {
				"north": {"uv": [1, 8.5, 1.5, 10.5], "texture": "#6"},
				"east": {"uv": [2.5, 4, 4.5, 6], "texture": "#6"},
				"south": {"uv": [1.5, 8.5, 2, 10.5], "texture": "#6"},
				"west": {"uv": [4.5, 4, 6.5, 6], "texture": "#6"},
				"up": {"uv": [2.5, 10.5, 2, 8.5], "texture": "#6"},
				"down": {"uv": [3, 8.5, 2.5, 10.5], "texture": "#6"}
			}
		},
		{
			"from": [14.2, 4.8, 6],
			"to": [15.4, 9.4, 10.4],
			"rotation": {"angle": 0, "axis": "y", "origin": [17.2, 5.1, 6.2]},
			"faces": {
				"north": {"uv": [4.5, 8, 5, 10.25], "texture": "#6"},
				"east": {"uv": [0, 0, 2.25, 2.25], "texture": "#6"},
				"south": {"uv": [5, 8, 5.5, 10.25], "texture": "#6"},
				"west": {"uv": [0, 2.5, 2.25, 4.75], "texture": "#6"},
				"up": {"uv": [6, 10.25, 5.5, 8], "texture": "#6"},
				"down": {"uv": [6.5, 8, 6, 10.25], "texture": "#6"}
			}
		},
		{
			"from": [4.9, 5.1, 6.5],
			"to": [9.6, 9.1, 9.9],
			"rotation": {"angle": 0, "axis": "y", "origin": [18, 5.1, 6.2]},
			"faces": {
				"north": {"uv": [2.5, 0, 4.75, 2], "texture": "#6"},
				"east": {"uv": [5, 2, 6.75, 4], "texture": "#6"},
				"south": {"uv": [2.5, 2, 4.75, 4], "texture": "#6"},
				"west": {"uv": [2.5, 6, 4.25, 8], "texture": "#6"},
				"up": {"uv": [2.25, 6.75, 0, 5], "texture": "#6"},
				"down": {"uv": [7.25, 0, 5, 1.75], "texture": "#6"}
			}
		},
		{
			"from": [2.7, 5.1, 7.2],
			"to": [4.9, 7.4, 9.2],
			"rotation": {"angle": 0, "axis": "y", "origin": [11.8, 5.1, 6.2]},
			"faces": {
				"north": {"uv": [1, 7, 2, 8.25], "texture": "#6"},
				"east": {"uv": [7, 2, 8, 3.25], "texture": "#6"},
				"south": {"uv": [7.5, 0, 8.5, 1.25], "texture": "#6"},
				"west": {"uv": [7.5, 6, 8.5, 7.25], "texture": "#6"},
				"up": {"uv": [9, 3, 8, 2], "texture": "#6"},
				"down": {"uv": [9.5, 0, 8.5, 1], "texture": "#6"}
			}
		},
		{
			"from": [3.3, 2.7, 7.7],
			"to": [4.9, 5.1, 8.7],
			"rotation": {"angle": 0, "axis": "y", "origin": [11.8, 5.1, 6.2]},
			"faces": {
				"north": {"uv": [9, 2, 9.75, 3.25], "texture": "#6"},
				"east": {"uv": [10, 5.5, 10.5, 6.75], "texture": "#6"},
				"south": {"uv": [9.5, 0, 10.25, 1.25], "texture": "#6"},
				"west": {"uv": [10, 7, 10.5, 8.25], "texture": "#6"},
				"up": {"uv": [8.75, 3.5, 8, 3], "texture": "#6"},
				"down": {"uv": [9.25, 1, 8.5, 1.5], "texture": "#6"}
			}
		},
		{
			"from": [5.6, 5.1, 7.7],
			"to": [7.2, 8.5, 8.7],
			"rotation": {"angle": 22.5, "axis": "z", "origin": [14.1, 8.5, 6.2]},
			"faces": {
				"north": {"uv": [6.5, 6, 7.25, 7.75], "texture": "#6"},
				"east": {"uv": [10, 1.5, 10.5, 3.25], "texture": "#6"},
				"south": {"uv": [0, 7, 0.75, 8.75], "texture": "#6"},
				"west": {"uv": [10, 3.5, 10.5, 5.25], "texture": "#6"},
				"up": {"uv": [9.25, 7.5, 8.5, 7], "texture": "#6"},
				"down": {"uv": [1.75, 10.5, 1, 11], "texture": "#6"}
			}
		},
		{
			"from": [9.6, 6.7, 6.5],
			"to": [12.1, 7.4, 7.2],
			"rotation": {"angle": 0, "axis": "y", "origin": [5, 6.7, 6.5]},
			"faces": {
				"north": {"uv": [10.5, 5, 11.75, 5.25], "texture": "#6"},
				"east": {"uv": [5.5, 11, 5.75, 11.25], "texture": "#6"},
				"south": {"uv": [10.5, 5.5, 11.75, 5.75], "texture": "#6"},
				"west": {"uv": [9.5, 11, 9.75, 11.25], "texture": "#6"},
				"up": {"uv": [11.75, 6.25, 10.5, 6], "texture": "#6"},
				"down": {"uv": [11.75, 6.5, 10.5, 6.75], "texture": "#6"}
			}
		},
		{
			"from": [9.6, 6.3, 7.5],
			"to": [12.1, 7.8, 9],
			"rotation": {"angle": 0, "axis": "y", "origin": [5, 6.7, 7.9]},
			"faces": {
				"north": {"uv": [3, 8.5, 4.25, 9.25], "texture": "#6"},
				"east": {"uv": [10, 8.5, 10.75, 9.25], "texture": "#6"},
				"south": {"uv": [8.5, 4, 9.75, 4.75], "texture": "#6"},
				"west": {"uv": [9.5, 10, 10.25, 10.75], "texture": "#6"},
				"up": {"uv": [9.75, 5.75, 8.5, 5], "texture": "#6"},
				"down": {"uv": [9.75, 6, 8.5, 6.75], "texture": "#6"}
			}
		},
		{
			"from": [9.6, 8, 9.1],
			"to": [12.1, 8.7, 9.8],
			"rotation": {"angle": 0, "axis": "y", "origin": [5, 8, 9.1]},
			"faces": {
				"north": {"uv": [10.5, 3.5, 11.75, 3.75], "texture": "#6"},
				"east": {"uv": [9.5, 3.5, 9.75, 3.75], "texture": "#6"},
				"south": {"uv": [10.5, 4, 11.75, 4.25], "texture": "#6"},
				"west": {"uv": [9.5, 7, 9.75, 7.25], "texture": "#6"},
				"up": {"uv": [5.75, 10.75, 4.5, 10.5], "texture": "#6"},
				"down": {"uv": [11.75, 4.5, 10.5, 4.75], "texture": "#6"}
			}
		},
		{
			"from": [9.6, 5.4, 9.1],
			"to": [12.1, 6.1, 9.8],
			"rotation": {"angle": 0, "axis": "y", "origin": [5, 5.4, 9.1]},
			"faces": {
				"north": {"uv": [10.5, 7, 11.75, 7.25], "texture": "#6"},
				"east": {"uv": [10, 11, 10.25, 11.25], "texture": "#6"},
				"south": {"uv": [10.5, 7.5, 11.75, 7.75], "texture": "#6"},
				"west": {"uv": [11, 10.5, 11.25, 10.75], "texture": "#6"},
				"up": {"uv": [11.75, 8.25, 10.5, 8], "texture": "#6"},
				"down": {"uv": [11.75, 10, 10.5, 10.25], "texture": "#6"}
			}
		},
		{
			"from": [5, 9.9, 5.5],
			"to": [10.2, 10.9, 6.7],
			"rotation": {"angle": 0, "axis": "y", "origin": [18, 5.9, 4.1]},
			"faces": {
				"north": {"uv": [7, 3.5, 9.5, 4], "texture": "#6"},
				"east": {"uv": [2, 7, 2.5, 7.5], "texture": "#6"},
				"south": {"uv": [7.5, 1.5, 10, 2], "texture": "#6"},
				"west": {"uv": [2, 7.5, 2.5, 8], "texture": "#6"},
				"up": {"uv": [10, 8, 7.5, 7.5], "texture": "#6"},
				"down": {"uv": [4.5, 8, 2, 8.5], "texture": "#6"}
			}
		},
		{
			"from": [7.7, 12.1, 6.6],
			"to": [8.4, 14.3, 7.2],
			"rotation": {"angle": -45, "axis": "x", "origin": [18, 11.7, 11.4]},
			"faces": {
				"north": {"uv": [2, 10.5, 2.25, 11.5], "texture": "#6"},
				"east": {"uv": [2.5, 10.5, 2.75, 11.5], "texture": "#6"},
				"south": {"uv": [6, 10.5, 6.25, 11.5], "texture": "#6"},
				"west": {"uv": [10.5, 10.5, 10.75, 11.5], "texture": "#6"},
				"up": {"uv": [2.75, 11.75, 2.5, 11.5], "texture": "#6"},
				"down": {"uv": [3.25, 11.5, 3, 11.75], "texture": "#6"}
			}
		},
		{
			"from": [-3.5, 17.4, 7.7],
			"to": [0.9, 18, 8.3],
			"rotation": {"angle": 22.5, "axis": "z", "origin": [7.8, 15.7, 6]},
			"faces": {
				"north": {"uv": [10, 9.5, 12.25, 9.75], "texture": "#6"},
				"east": {"uv": [1.5, 11.5, 1.75, 11.75], "texture": "#6"},
				"south": {"uv": [10.5, 0, 12.75, 0.25], "texture": "#6"},
				"west": {"uv": [2, 11.5, 2.25, 11.75], "texture": "#6"},
				"up": {"uv": [12.75, 0.75, 10.5, 0.5], "texture": "#6"},
				"down": {"uv": [12.75, 1, 10.5, 1.25], "texture": "#6"}
			}
		},
		{
			"from": [-0.6, 8.9, 7.7],
			"to": [3.8, 9.5, 8.3],
			"rotation": {"angle": 22.5, "axis": "z", "origin": [10.7, 7.2, 6]},
			"faces": {
				"north": {"uv": [10.5, 1.5, 12.75, 1.75], "texture": "#6"},
				"east": {"uv": [5.5, 11.5, 5.75, 11.75], "texture": "#6"},
				"south": {"uv": [10.5, 2, 12.75, 2.25], "texture": "#6"},
				"west": {"uv": [6, 11.5, 6.25, 11.75], "texture": "#6"},
				"up": {"uv": [12.75, 2.75, 10.5, 2.5], "texture": "#6"},
				"down": {"uv": [12.75, 3, 10.5, 3.25], "texture": "#6"}
			}
		},
		{
			"from": [-3.6, 9.3, 7.7],
			"to": [-2.1, 9.9, 8.3],
			"rotation": {"angle": -45, "axis": "z", "origin": [4.8, 7.6, 6]},
			"faces": {
				"north": {"uv": [1, 11, 1.75, 11.25], "texture": "#6"},
				"east": {"uv": [11, 11, 11.25, 11.25], "texture": "#6"},
				"south": {"uv": [4.5, 11, 5.25, 11.25], "texture": "#6"},
				"west": {"uv": [1, 11.5, 1.25, 11.75], "texture": "#6"},
				"up": {"uv": [11.75, 8.75, 11, 8.5], "texture": "#6"},
				"down": {"uv": [11.75, 9, 11, 9.25], "texture": "#6"}
			}
		},
		{
			"from": [6.4, 6.6, 7.7],
			"to": [7, 14.3, 8.3],
			"rotation": {"angle": 22.5, "axis": "z", "origin": [4.7, 0.5, 6]},
			"faces": {
				"north": {"uv": [8.5, 8, 8.75, 11.75], "texture": "#6"},
				"east": {"uv": [0, 9, 0.25, 12.75], "texture": "#6"},
				"south": {"uv": [0.5, 9, 0.75, 12.75], "texture": "#6"},
				"west": {"uv": [9, 8, 9.25, 11.75], "texture": "#6"},
				"up": {"uv": [3.75, 11.75, 3.5, 11.5], "texture": "#6"},
				"down": {"uv": [4.25, 11.5, 4, 11.75], "texture": "#6"}
			}
		},
		{
			"from": [1.4, 4.7, 7.7],
			"to": [2, 13.7, 8.3],
			"rotation": {"angle": 22.5, "axis": "z", "origin": [-0.3, -0.2, 6]},
			"faces": {
				"north": {"uv": [6.5, 8, 6.75, 12.5], "texture": "#6"},
				"east": {"uv": [7, 8, 7.25, 12.5], "texture": "#6"},
				"south": {"uv": [7.5, 8, 7.75, 12.5], "texture": "#6"},
				"west": {"uv": [8, 8, 8.25, 12.5], "texture": "#6"},
				"up": {"uv": [4.75, 11.75, 4.5, 11.5], "texture": "#6"},
				"down": {"uv": [5.25, 11.5, 5, 11.75], "texture": "#6"}
			}
		}
	],
	"gui_light": "front",
	"display": {
		"thirdperson_righthand": {
			"rotation": [26.68, 88.11, 39.55],
			"translation": [0, 4.5, 2.75]
		},
		"thirdperson_lefthand": {
			"rotation": [106, -90, 39.55],
			"translation": [0, 4.5, 2.75]
		},
		"firstperson_righthand": {
			"rotation": [5, 99, 6],
			"translation": [0.5, 2.25, -0.25]
		},
		"firstperson_lefthand": {
			"rotation": [15, -79, 6],
			"translation": [-0.75, 2.5, 0]
		},
		"ground": {
			"translation": [0, 2, 0]
		},
		"gui": {
			"rotation": [0, -19, -25],
			"translation": [0.5, -1.75, 0],
			"scale": [0.9, 0.9, 0.9]
		},
		"head": {
			"rotation": [0, 90, 0],
			"translation": [-0.5, -3, -5]
		},
		"fixed": {
			"translation": [1.75, 0, 0]
		}
	},
	"groups": [
		0,
		1,
		2,
		3,
		4,
		5,
		6,
		7,
		8,
		9,
		10,
		11,
		12,
		{
			"name": "group",
			"origin": [19, 0, 6.8],
			"color": 0,
			"children": [13, 14, 15, 16, 17]
		}
	]
}