{
"parent": "item/handheld",
"textures": {
"layer0": "item/blaze_powder"
},
"overrides": [
{"predicate": {"custom_model_data":503}, "model": "item/yuy/ball"},
{"predicate": {"custom_model_data":504}, "model": "item/yuy/wizardhat"},
{"predicate": {"custom_model_data":505}, "model": "item/yuy/boom"},
{"predicate": {"custom_model_data":506}, "model": "item/yuy/fire_arm_1"},
{"predicate": {"custom_model_data":507}, "model": "item/yuy/ball2"},
{"predicate": {"custom_model_data":508}, "model": "item/yuy/helmet"},
{"predicate": {"custom_model_data":509}, "model": "item/yuy/penguin_fish"},
{"predicate": {"custom_model_data":510}, "model": "item/yuy/ball3"},
{"predicate": {"custom_model_data":511}, "model": "item/yuy/ice_wand"},
{"predicate": {"custom_model_data":516}, "model": "item/yuy/heart2"},
{"predicate": {"custom_model_data":517}, "model": "item/yuy/aircon"},
{"predicate": {"custom_model_data":518}, "model": "item/yuy/penguin"}
]
}
