	{	"credit": "Made By DreamCity",
    "parent": "item/handheld",
    "textures": {
        "layer0": "item/carrot_on_a_stick"
    },
        "overrides": [
				{"predicate": {"custom_model_data":1}, "model": "item/cmd/saifan_staff"},
				{"predicate": {"custom_model_data":2}, "model": "item/cmd/saifan_staff_magic"},
				{"predicate": {"custom_model_data":3}, "model": "item/cmd/saifan_sword"},
				{"predicate": {"custom_model_data":4}, "model": "item/cmd/saifan_sword_magic"},
				{"predicate": {"custom_model_data":5}, "model": "item/cmd/saifan_pan"},
				{"predicate": {"custom_model_data":6}, "model": "item/cmd/saifan_airshot"},
				{"predicate": {"custom_model_data":8}, "model": "item/cmd/saifan_crowbar"},
				{"predicate": {"custom_model_data":9}, "model": "item/cmd/saifan_magic"},
				{"predicate": {"custom_model_data":10}, "model": "item/cmd/saifan_"},
				{"predicate": {"custom_model_data":99}, "model": "item/cmd/star_rabbit"},
				{"predicate": {"custom_model_data":101}, "model": "item/cmd/axolotl_bone"},
				{"predicate": {"custom_model_data":102}, "model": "item/cmd/axolotl_hat"},
				{"predicate": {"custom_model_data":103}, "model": "item/cmd/fire_crystal"},
				{"predicate": {"custom_model_data":104}, "model": "item/cmd/ice_crystal"},
				{"predicate": {"custom_model_data":105}, "model": "item/cmd/re_crystal"},
				{"predicate": {"custom_model_data":106}, "model": "item/cmd/staff"},
				{"predicate": {"custom_model_data":107}, "model": "item/cmd/black_staff"},
				{"predicate": {"custom_model_data":108}, "model": "item/cmd/reverse"},
				{"predicate": {"custom_model_data":109}, "model": "item/paper"},
				{"predicate": {"custom_model_data":110}, "model": "item/cmd/white_crystal"},
				{"predicate": {"custom_model_data":111}, "model": "item/cmd/black_crystal"},
                {"predicate": {"custom_model_data":201}, "model": "item/cmd/izana_lightgun"},
				{"predicate": {"custom_model_data":202}, "model": "item/cmd/izana_heavygun"},
				{"predicate": {"custom_model_data":203}, "model": "item/cmd/izana_supergun"},
				{"predicate": {"custom_model_data":208}, "model": "item/cmd/izana_helper"},
				{"predicate": {"custom_model_data":209}, "model": "item/cmd/izana_jetpack"},
				{"predicate": {"custom_model_data":211}, "model": "item/cmd/lzana_robot_move"},
				{"predicate": {"custom_model_data":212}, "model": "item/cmd/lzana_robot_bump"},
				{"predicate": {"custom_model_data":501}, "model": "item/yuy/magnet"},
				{"predicate": {"custom_model_data":502}, "model": "item/yuy/penguin"},
				{"predicate": {"custom_model_data":513}, "model": "item/yuy/heart"},
				{"predicate": {"custom_model_data":514}, "model": "item/yuy/ice"},
				{"predicate": {"custom_model_data":515}, "model": "item/yuy/fish"},
				{"predicate": {"custom_model_data":901}, "model": "item/cmd/carrot"},
				{"predicate": {"custom_model_data":902}, "model": "item/cmd/icon/island_1"},
				{"predicate": {"custom_model_data":903}, "model": "item/cmd/icon/island_2"},
				{"predicate": {"custom_model_data":904}, "model": "item/cmd/icon/island_3"},
				{"predicate": {"custom_model_data":905}, "model": "item/cmd/icon/island_4"},
				{"predicate": {"custom_model_data":906}, "model": "item/cmd/icon/island_5"},
				{"predicate": {"custom_model_data":907}, "model": "item/cmd/icon/island_6"},
				{"predicate": {"custom_model_data":908}, "model": "item/cmd/icon/island_7"},
				{"predicate": {"custom_model_data":909}, "model": "item/cmd/icon/island_8"},
				{"predicate": {"custom_model_data":910}, "model": "item/cmd/icon/island_9"},
				{"predicate": {"custom_model_data":911}, "model": "item/cmd/icon/island_10"},
				{"predicate": {"custom_model_data":912}, "model": "item/cmd/icon/island_11"},
				{"predicate": {"custom_model_data":913}, "model": "item/cmd/icon/island_12"},
				{"predicate": {"custom_model_data":914}, "model": "item/cmd/icon/island_13"}
				]	
}