	{	"credit": "Made By DreamCity",
    "parent": "item/handheld",
    "textures": {
        "layer0": "item/golden_shovel"
    },
        "overrides": [
                {"predicate": {"custom_model_data":1}, "model": ""},
				{"predicate": {"custom_model_data":2}, "model": "item/air"},
				{"predicate": {"custom_model_data":3}, "model": "item/cmd/reverse"},
				{"predicate": {"custom_model_data":4}, "model": "item/cmd/pointed_dripstone"},
				{"predicate": {"custom_model_data":5}, "model": "item/cmd/headlamp"},
				{"predicate": {"custom_model_data":6}, "model": "item/cmd/amethyst_cluster"},
				{"predicate": {"custom_model_data":7}, "model": "item/cmd/npc/npc_4"},
				{"predicate": {"custom_model_data":8}, "model": "item/cmd/npc/npc_5"},
				{"predicate": {"custom_model_data":9}, "model": "item/cmd/npc/npc_6"},
				{"predicate": {"custom_model_data":10}, "model": "item/cmd/npc/npc_7"},
				{"predicate": {"custom_model_data":11}, "model": "item/cmd/npc/npc_8"},
				{"predicate": {"custom_model_data":12}, "model": "item/cmd/npc/npc_9"},
				{"predicate": {"custom_model_data":13}, "model": "item/cmd/npc/npc_10"},
				{"predicate": {"custom_model_data":14}, "model": "item/cmd/npc/npc_11"},
				{"predicate": {"custom_model_data":15}, "model": "item/cmd/npc/npc_12"},
				{"predicate": {"custom_model_data":16}, "model": "item/cmd/npc/npc_13"},
				{"predicate": {"custom_model_data":17}, "model": "item/cmd/npc/npc_14"},
				{"predicate": {"custom_model_data":18}, "model": "item/cmd/npc/npc_15"},
				{"predicate": {"custom_model_data":19}, "model": "item/cmd/npc/npc_16"},
				{"predicate": {"custom_model_data":20}, "model": "item/cmd/npc/npc_17"},
				{"predicate": {"custom_model_data":21}, "model": "item/cmd/npc/npc_18"},
				{"predicate": {"custom_model_data":22}, "model": "item/cmd/npc/npc_19"},
				{"predicate": {"custom_model_data":23}, "model": "item/cmd/npc/npc_20"},
				{"predicate": {"custom_model_data":24}, "model": "item/cmd/npc/npc_21"},
				{"predicate": {"custom_model_data":25}, "model": "item/cmd/npc/npc_22"},
				{"predicate": {"custom_model_data":26}, "model": "item/cmd/npc/npc_23"},
				{"predicate": {"custom_model_data":27}, "model": "item/cmd/npc/npc_24"},
				{"predicate": {"custom_model_data":28}, "model": "item/cmd/npc/npc_25"},
				{"predicate": {"custom_model_data":29}, "model": "item/cmd/npc/npc_26"},
				{"predicate": {"custom_model_data":30}, "model": "item/cmd/npc/npc_27"},
				{"predicate": {"custom_model_data":31}, "model": "item/cmd/npc/npc_28"},
				{"predicate": {"custom_model_data":32}, "model": "item/cmd/npc/npc_29"},
				{"predicate": {"custom_model_data":33}, "model": "item/cmd/npc/npc_30"}
				]
}