	{	"credit": "Made By DreamCity",
    "parent": "item/handheld",
    "textures": {
        "layer0": "item/paper"
    },
        "overrides": [
                {"predicate": {"custom_model_data":7}, "model": "item/cmd/saifan_burst"},
                {"predicate": {"custom_model_data":9}, "model": "item/cmd/saifan_magic"},
                {"predicate": {"custom_model_data":10}, "model": "item/cmd/saifan_note"},
                {"predicate": {"custom_model_data":101}, "model": "item/cmd/black_thing"},
				{"predicate": {"custom_model_data":102}, "model": "item/cmd/green_mushroom"},
				{"predicate": {"custom_model_data":103}, "model": "item/cmd/glow_stone"},
				{"predicate": {"custom_model_data":104}, "model": "item/cmd/altar_poal"},
				{"predicate": {"custom_model_data":105}, "model": "item/cmd/ghast_powder"},
                {"predicate": {"custom_model_data":204}, "model": "item/cmd/izana_ammo_1"},
				{"predicate": {"custom_model_data":205}, "model": "item/cmd/izana_ammo_2"},
				{"predicate": {"custom_model_data":206}, "model": "item/cmd/izana_ammo_3"},
				{"predicate": {"custom_model_data":207}, "model": "item/cmd/izana_reel"},
				{"predicate": {"custom_model_data":210}, "model": "item/cmd/izana_copper_coin"},
				{"predicate": {"custom_model_data":211}, "model": "item/cmd/izana_silver_coin"},
				{"predicate": {"custom_model_data":212}, "model": "item/cmd/izana_gold_coin"},
				{"predicate": {"custom_model_data":902}, "model": "item/cmd/icon/island_1"},
				{"predicate": {"custom_model_data":903}, "model": "item/cmd/icon/island_2"},
				{"predicate": {"custom_model_data":904}, "model": "item/cmd/icon/island_3"},
				{"predicate": {"custom_model_data":905}, "model": "item/cmd/icon/island_4"},
				{"predicate": {"custom_model_data":906}, "model": "item/cmd/icon/island_5"},
				{"predicate": {"custom_model_data":907}, "model": "item/cmd/icon/island_6"},
				{"predicate": {"custom_model_data":908}, "model": "item/cmd/icon/island_7"},
				{"predicate": {"custom_model_data":909}, "model": "item/cmd/icon/island_8"},
				{"predicate": {"custom_model_data":910}, "model": "item/cmd/icon/island_9"},
				{"predicate": {"custom_model_data":911}, "model": "item/cmd/icon/island_10"},
				{"predicate": {"custom_model_data":912}, "model": "item/cmd/icon/island_11"},
				{"predicate": {"custom_model_data":913}, "model": "item/cmd/icon/island_12"}
				]
}