	{	"credit": "Made By DreamCity",
    "parent": "item/handheld",
    "textures": {
        "layer0": "item/warped_fungus_on_a_stick"
    },
        "overrides": [
                                {"predicate": {"custom_model_data":201}, "model": "item/cmd/izana_lightgun"},
				{"predicate": {"custom_model_data":202}, "model": "item/cmd/izana_heavygun"},
				{"predicate": {"custom_model_data":203}, "model": "item/cmd/izana_supergun"},
				{"predicate": {"custom_model_data":208}, "model": "item/cmd/izana_helper"},
				{"predicate": {"custom_model_data":209}, "model": "item/cmd/izana_jetpack"},
				{"predicate": {"custom_model_data":211}, "model": "item/cmd/izana_robot_move"},
				{"predicate": {"custom_model_data":212}, "model": "item/cmd/izana_robot_bump"}
				]	
}