{
	"parent": "item/generated",
	"textures": {
		"layer0": "item/white_dye"
	},
	"overrides": [
		{
			"predicate": {
				"custom_model_data": 1
			},
			"model": "minecraft:item/cmd/door/door"
		},
		{
			"predicate": {
				"custom_model_data": 2
			},
			"model": "minecraft:item/cmd/door/head_bone"
		},
		{
			"predicate": {
				"custom_model_data": 3
			},
			"model": "minecraft:item/cmd/door/left_arm_bone"
		},
		{
			"predicate": {
				"custom_model_data": 4
			},
			"model": "minecraft:item/cmd/door/right_arm_bone"
		},
		{
			"predicate": {
				"custom_model_data": 5
			},
			"model": "minecraft:item/cmd/door/body_bone"
		},
		{
			"predicate": {
				"custom_model_data": 6
			},
			"model": "minecraft:item/cmd/door/left_leg_bone"
		},
		{
			"predicate": {
				"custom_model_data": 7
			},
			"model": "minecraft:item/cmd/door/right_leg_bone"
		},
		{
			"predicate": {
				"custom_model_data": 8
			},
			"model": "minecraft:item/cmd/door/bone"
		},
		{
			"predicate": {
				"custom_model_data": 9
			},
			"model": "minecraft:item/cmd/door/bone2"
		},
		{
			"predicate": {
				"custom_model_data": 10
			},
			"model": "minecraft:item/cmd/axolotl/axolotl"
		},
		{
			"predicate": {
				"custom_model_data": 11
			},
			"model": "minecraft:item/cmd/axolotl/right_arm"
		},
		{
			"predicate": {
				"custom_model_data": 12
			},
			"model": "minecraft:item/cmd/axolotl/right_leg"
		},
		{
			"predicate": {
				"custom_model_data": 13
			},
			"model": "minecraft:item/cmd/axolotl/left_arm"
		},
		{
			"predicate": {
				"custom_model_data": 14
			},
			"model": "minecraft:item/cmd/axolotl/bone"
		},
		{
			"predicate": {
				"custom_model_data": 15
			},
			"model": "minecraft:item/cmd/axolotl/left_leg"
		},
		{
			"predicate": {
				"custom_model_data": 16
			},
			"model": "minecraft:item/cmd/axolotl/tail"
		},
		{
			"predicate": {
				"custom_model_data": 17
			},
			"model": "minecraft:item/cmd/axolotl/head"
		},
		{
			"predicate": {
				"custom_model_data": 18
			},
			"model": "minecraft:item/cmd/axolotl/hat_1"
		},
		{
			"predicate": {
				"custom_model_data": 19
			},
			"model": "minecraft:item/cmd/axolotl/hat_2"
		},
		{
			"predicate": {
				"custom_model_data": 20
			},
			"model": "minecraft:item/cmd/axolotl/hat_3"
		},
		{
			"predicate": {
				"custom_model_data": 21
			},
			"model": "minecraft:item/cmd/axolotl/left_gills"
		},
		{
			"predicate": {
				"custom_model_data": 22
			},
			"model": "minecraft:item/cmd/axolotl/right_gills"
		},
		{
			"predicate": {
				"custom_model_data": 23
			},
			"model": "minecraft:item/cmd/axolotl/top_gills"
		}
	],
	"aj": {
		"includedRigs": {
			"be52069e-f053-1813-1342-d0a168f50b29": {
				"name": "door",
				"usedIDs": [1]
			},
			"e11ea5e2-349d-3030-148a-1a9daf086914": {
				"name": "door",
				"usedIDs": [
					[2, 7]
				]
			},
			"037a4bf0-db3f-f1df-50ac-5d92bb2555dc": {
				"name": "door",
				"usedIDs": [
					[8, 9]
				]
			},
			"8934470f-5d22-bf32-7d32-4e011ebef12f": {
				"name": "axolotl",
				"usedIDs": [
					[10, 23]
				]
			}
		}
	}
}