	{	
	"credit": "Made By DreamCity",
    "parent": "item/handheld",
    "textures": {
        "layer0": "item/written_book"
    },
        "overrides": [
                {"predicate": {"custom_model_data":1}, "model": "item/cmd/op_book"},
                {"predicate": {"custom_model_data":2}, "model": "item/cmd/recipe"},
                {"predicate": {"custom_model_data":3}, "model": "item/cmd/forge_book"},
                {"predicate": {"custom_model_data":4}, "model": "item/cmd/other"}
				]	
}