{
	"r_boss": {
		"category": "music",
		"sounds": [
			{
				"name": "bgm:r_boss",
				"stream": true
			}
		]
	},
	"r_normal": {
		"category": "music",
		"sounds": [
			{
				"name": "bgm:r_normal",
				"stream": true
			}
		]
	},
	"yuy_bgm": {
		"category": "music",
		"sounds": [
			{
				"name": "bgm:yuy_bgm",
				"stream": true
			}
		]
	},
	"fortress_bgm": {
		"category": "music",
		"sounds": [
			{
				"name": "bgm:fortress_bgm",
				"stream": true
			}
		]
	},
	"a_main": {
		"category": "music",
		"sounds": [
			{
				"name": "bgm:a_main",
				"stream": true
			}
		]
	},
	"a_tetris": {
		"category": "music",
		"sounds": [
			{
				"name": "bgm:a_tetris",
				"stream": true
			}
		]
	},
	"a_talk": {
		"category": "music",
		"sounds": [
			{
				"name": "bgm:a_talk",
				"stream": true
			}
		]
	},
		"m_intro": {
		"category": "music",
		"sounds": [
			{
				"name": "bgm:m_intro",
				"stream": true
			}
		]
	},

	"m_main": {
		"category": "music",
		"sounds": [
			{
				"name": "bgm:m_main",
				"stream": true
			}
		]
	},
	"m_boss": {
		"category": "music",
		"sounds": [
			{
				"name": "bgm:m_boss",
				"stream": true
			}
		]
	},
	"m_new_island": {
		"category": "music",
		"sounds": [
			{
				"name": "bgm:m_new_island",
				"stream": true
			}
		]
	},
	"1": {
		"category": "music",
		"sounds": [
			{
				"name": "e1/1",
				"stream": true
			}
		]
	},
	"3": {
		"category": "music",
		"sounds": [
			{
				"name": "e1/3",
				"stream": true
			}
		]
	},
	"4": {
		"category": "music",
		"sounds": [
			{
				"name": "e1/4",
				"stream": true
			}
		]
	},
	"6": {
		"category": "music",
		"sounds": [
			{
				"name": "e1/6",
				"stream": true
			}
		]
	},
	"7": {
		"category": "music",
		"sounds": [
			{
				"name": "e1/7",
				"stream": true
			}
		]
	},
	"8": {
		"category": "music",
		"sounds": [
			{
				"name": "e1/8",
				"stream": true
			}
		]
	},
	"9": {
		"category": "music",
		"sounds": [
			{
				"name": "e1/9",
				"stream": true
			}
		]
	},
	"test": {
		"category": "music",
		"sounds": [
			{
				"name": "e1/test",
				"stream": true
			}
		]
	},
	"e1": {
		"category": "music",
		"sounds": [
			{
				"name": "bgm/e1",
				"stream": true
			}
		]
	},
	"txt": {
		"category": "music",
		"sounds": [
			{
				"name": "e2/txt",
				"stream": true
			}
		]
	},
	"get": {
		"category": "music",
		"sounds": [
			{
				"name": "get",
				"stream": true
			}
		]
	},
	"izana_bgm": {
		"category": "music",
		"sounds": [
			{
				"name": "bgm:izana_bgm",
				"stream": true
			}
		]
	},
	"izana_dark_lane": {
		"category": "music",
		"sounds": [
			{
				"name": "bgm:izana_dark_lane",
				"stream": true
			}
		]
	},
	"izana_dark_room": {
		"category": "music",
		"sounds": [
			{
				"name": "bgm:izana_dark_room",
				"stream": true
			}
		]
	},
	"izana_dark_water": {
		"category": "music",
		"sounds": [
			{
				"name": "bgm:izana_dark_water",
				"stream": true
			}
		]
	},
	"izana_elevator": {
		"category": "music",
		"sounds": [
			{
				"name": "bgm:izana_elevator",
				"stream": true
			}
		]
	},
	"izana_gun_fin": {
		"category": "music",
		"sounds": [
			{
				"name": "bgm:izana_gun_fin",
				"stream": true
			}
		]
	},
	"izana_gun_hit": {
		"category": "music",
		"sounds": [
			{
				"name": "bgm:izana_gun_hit",
				"stream": true
			}
		]
	},
	"izana_gun_loading": {
		"category": "music",
		"sounds": [
			{
				"name": "bgm:izana_gun_loading",
				"stream": true
			}
		]
	},
	"izana_gun_shot": {
		"category": "music",
		"sounds": [
			{
				"name": "bgm:izana_gun_shot",
				"stream": true
			}
		]
	},
	"izana_robot_bump": {
		"category": "music",
		"sounds": [
			{
				"name": "bgm:izana_bump",
				"stream": true
			}
		]
	},
	"izana_robot_steam": {
		"category": "music",
		"sounds": [
			{
				"name": "bgm:izana_robot_steam",
				"stream": true
			}
		]
	},
	"izana_robot_walk": {
		"category": "music",
		"sounds": [
			{
				"name": "bgm:izana_robot_walk",
				"stream": true
			}
		]
	},
	"izana_save": {
		"category": "music",
		"sounds": [
			{
				"name": "bgm:izana_save",
				"stream": true
			}
		]
	},
	"izana_siren": {
		"category": "music",
		"sounds": [
			{
				"name": "bgm:izana_siren",
				"stream": true
			}
		]
	},
	"izana_alarm": {
		"category": "music",
		"sounds": [
			{
				"name": "bgm:izana_alarm",
				"stream": true
			}
		]
	},
	"izana_robot": {
		"category": "music",
		"sounds": [
			{
				"name": "bgm:izana_robot",
				"stream": true
			}
		]
	},
	"izana_robot_before_rush": {
		"category": "music",
		"sounds": [
			{
				"name": "bgm:izana_robot_before_rush",
				"stream": true
			}
		]
	},
	"izana_robot_gun": {
		"category": "music",
		"sounds": [
			{
				"name": "bgm:izana_robot_gun",
				"stream": true
			}
		]
	},
	"izana_robot_gun_back": {
		"category": "music",
		"sounds": [
			{
				"name": "bgm:izana_robot_gun_back",
				"stream": true
			}
		]
	},
	"izana_robot_impact": {
		"category": "music",
		"sounds": [
			{
				"name": "bgm:izana_robot_impact",
				"stream": true
			}
		]
	},
	"izana_robot_missile": {
		"category": "music",
		"sounds": [
			{
				"name": "bgm:izana_robot_missile",
				"stream": true
			}
		]
	},
	"izana_scream": {
		"category": "music",
		"sounds": [
			{
				"name": "bgm:izana_scream",
				"stream": true
			}
		]
	},
	"saifan_bgm": {
		"category": "music",
		"sounds": [
			{
				"name": "bgm:saifan_bgm",
				"stream": true
			}
		]
	},
	"saifan_quest_update": {
		"category": "music",
		"sounds": [
			{
				"name": "bgm:saifan_quest_update",
				"stream": true
			}
		]
	},
	"saifan_save": {
		"category": "music",
		"sounds": [
			{
				"name": "bgm:saifan_save",
				"stream": true
			}
		]
	},
	"saifan_staff": {
		"category": "music",
		"sounds": [
			{
				"name": "bgm:saifan_staff",
				"stream": true
			}
		]
	},
	"saifan_sword": {
		"category": "music",
		"sounds": [
			{
				"name": "bgm:saifan_sword",
				"stream": true
			}
		]
	},
	"boss_music": {
		"category": "music",
		"sounds": [
			{
				"name": "bgm:boss_music",
				"stream": true
			}
		]
	}
}