{
	"__credit": "Generated using Animated Java (https://animated-java.dev/)",
	"textures": {
		"0": "minecraft:entity/axolotl/axolotl_cyan"
	},
	"elements": [
		{
			"faces": {
				"north": {"uv": [6.5, 2.75, 4.5, 5.25], "rotation": 180, "texture": "#0"},
				"east": {"uv": [0, 5.25, 2.5, 6.25], "rotation": 270, "texture": "#0"},
				"south": {"uv": [4.5, 5.25, 2.5, 2.75], "texture": "#0"},
				"west": {"uv": [4.5, 5.25, 7, 6.25], "rotation": 90, "texture": "#0"},
				"up": {"uv": [2.5, 5.25, 4.5, 6.25], "rotation": 180, "texture": "#0"},
				"down": {"uv": [7, 5.25, 9, 6.25], "texture": "#0"}
			},
			"to": [9.6, 6.2, 7.2],
			"from": [6.4, 2.2, 5.6],
			"rotation": {"angle": 0, "axis": "y", "origin": [4.8, -0.2, 2.8]}
		},
		{
			"faces": {
				"north": {"uv": [2.75, 4.25, 2.75, 6.5], "rotation": 180, "texture": "#0"},
				"east": {"uv": [0.5, 6.5, 2.75, 7.75], "rotation": 270, "texture": "#0"},
				"south": {"uv": [2.75, 6.5, 2.75, 4.25], "texture": "#0"},
				"west": {"uv": [0.5, 6.5, 2.75, 7.75], "rotation": 270, "texture": "#0"},
				"up": {"uv": [2.75, 6.5, 2.75, 7.75], "rotation": 180, "texture": "#0"},
				"down": {"uv": [5, 6.5, 5, 7.75], "texture": "#0"}
			},
			"to": [8, 6.2, 7.6],
			"from": [8, 2.6, 5.6],
			"rotation": {"angle": 0, "axis": "y", "origin": [4.8, -0.2, 2.8]}
		}
	],
	"display": {
		"head": {
			"translation": [0, 5.6, 0],
			"scale": [4, 4, 4],
			"rotation": [0, 0, 0]
		}
	}
}