{
	"__credit": "Generated using Animated Java (https://animated-java.dev/)",
	"textures": {
		"2": "minecraft:block/emerald_block",
		"3": "minecraft:block/spruce_planks",
		"4": "minecraft:block/spruce_log"
	},
	"elements": [
		{
			"faces": {
				"north": {"uv": [1, 7, 2, 8], "rotation": 180, "texture": "#3"},
				"east": {"uv": [7, 7, 8, 7.5], "rotation": 90, "texture": "#3"},
				"south": {"uv": [3, 5, 4, 6], "texture": "#3"},
				"west": {"uv": [7, 3, 8, 3.5], "rotation": 270, "texture": "#3"},
				"up": {"uv": [12, 2, 13, 2.5], "texture": "#3"},
				"down": {"uv": [10, 11, 11, 11.5], "rotation": 180, "texture": "#3"}
			},
			"to": [8.4, 5.2, 4.9],
			"from": [8, 4.8, 4.7],
			"rotation": {"angle": 0, "axis": "y", "origin": [8.2, 2.9, 4.6]}
		},
		{
			"faces": {
				"north": {"uv": [0, 0, 0.5, 0.5], "rotation": 270, "texture": "#3"},
				"east": {"uv": [0, 0, 0.5, 13], "rotation": 270, "texture": "#3"},
				"south": {"uv": [0, 0, 0.5, 0.5], "rotation": 270, "texture": "#3"},
				"west": {"uv": [0, 0, 0.5, 13], "rotation": 270, "texture": "#3"},
				"up": {"uv": [0, 0, 13, 0.5], "rotation": 270, "texture": "#3"},
				"down": {"uv": [0, 0, 13, 0.5], "rotation": 270, "texture": "#3"}
			},
			"to": [8.3, 5.1, 10.1],
			"from": [8.1, 4.9, 4.9],
			"rotation": {"angle": 0, "axis": "y", "origin": [8.2, 2.9, 4.6]}
		},
		{
			"faces": {
				"north": {"uv": [1, 1, 2, 2], "texture": "#4"},
				"east": {"uv": [1, 1, 2, 2], "texture": "#4"},
				"south": {"uv": [1, 1, 2, 2], "texture": "#4"},
				"west": {"uv": [1, 1, 2, 2], "texture": "#4"},
				"up": {"uv": [1, 1, 2, 2], "texture": "#4"},
				"down": {"uv": [1, 1, 2, 2], "texture": "#4"}
			},
			"to": [8.4, 5.2, 10.4],
			"from": [8, 4.8, 10],
			"rotation": {"angle": 0, "axis": "y", "origin": [8.2, 2.9, 4.6]}
		},
		{
			"faces": {
				"north": {"uv": [1, 7, 2, 7.5], "rotation": 180, "texture": "#3"},
				"east": {"uv": [7, 7, 7.5, 8.5], "rotation": 90, "texture": "#3"},
				"south": {"uv": [3, 5, 4, 5.5], "texture": "#3"},
				"west": {"uv": [7, 3, 7.5, 4.5], "rotation": 270, "texture": "#3"},
				"up": {"uv": [12, 2, 13, 3.5], "texture": "#3"},
				"down": {"uv": [10, 11, 11, 12.5], "rotation": 180, "texture": "#3"}
			},
			"to": [8.4, 4.6, 4.7],
			"from": [8, 4.4, 4.1],
			"rotation": {"angle": 0, "axis": "y", "origin": [8.2, 2.9, 4.6]}
		},
		{
			"faces": {
				"north": {"uv": [1, 7, 2, 7.5], "rotation": 180, "texture": "#3"},
				"east": {"uv": [7, 7, 7.5, 8.5], "rotation": 90, "texture": "#3"},
				"south": {"uv": [3, 5, 4, 5.5], "texture": "#3"},
				"west": {"uv": [7, 3, 7.5, 4.5], "rotation": 270, "texture": "#3"},
				"up": {"uv": [12, 2, 13, 3.5], "texture": "#3"},
				"down": {"uv": [10, 11, 11, 12.5], "rotation": 180, "texture": "#3"}
			},
			"to": [8.4, 5.6, 4.7],
			"from": [8, 5.4, 4.1],
			"rotation": {"angle": 0, "axis": "y", "origin": [8.2, 2.9, 4.6]}
		},
		{
			"faces": {
				"north": {"uv": [1, 7, 2, 7.5], "rotation": 90, "texture": "#3"},
				"east": {"uv": [7, 7, 8, 8.5], "rotation": 90, "texture": "#3"},
				"south": {"uv": [3, 5, 4, 5.5], "rotation": 90, "texture": "#3"},
				"west": {"uv": [7, 3, 8, 4.5], "rotation": 270, "texture": "#3"},
				"up": {"uv": [12, 2, 12.5, 3.5], "texture": "#3"},
				"down": {"uv": [10, 11, 10.5, 12.5], "rotation": 180, "texture": "#3"}
			},
			"to": [7.8, 5.2, 4.7],
			"from": [7.6, 4.8, 4.1],
			"rotation": {"angle": 0, "axis": "y", "origin": [8.2, 2.9, 4.6]}
		},
		{
			"faces": {
				"north": {"uv": [1, 7, 2, 9], "rotation": 90, "texture": "#3"},
				"east": {"uv": [7, 7, 8, 8], "rotation": 90, "texture": "#3"},
				"south": {"uv": [3, 5, 4, 7], "rotation": 90, "texture": "#3"},
				"west": {"uv": [7, 3, 8, 4], "rotation": 270, "texture": "#3"},
				"up": {"uv": [12, 2, 14, 3], "texture": "#3"},
				"down": {"uv": [10, 11, 12, 12], "rotation": 180, "texture": "#3"}
			},
			"to": [8.6, 5.2, 4.7],
			"from": [7.8, 4.8, 4.3],
			"rotation": {"angle": 0, "axis": "y", "origin": [8.2, 2.9, 4.6]}
		},
		{
			"faces": {
				"north": {"uv": [1, 7, 2, 9], "rotation": 180, "texture": "#3"},
				"east": {"uv": [7, 7, 9, 8], "rotation": 90, "texture": "#3"},
				"south": {"uv": [3, 5, 4, 7], "texture": "#3"},
				"west": {"uv": [7, 3, 9, 4], "rotation": 270, "texture": "#3"},
				"up": {"uv": [12, 2, 13, 3], "texture": "#3"},
				"down": {"uv": [10, 11, 11, 12], "rotation": 180, "texture": "#3"}
			},
			"to": [8.4, 5.4, 4.7],
			"from": [8, 4.6, 4.3],
			"rotation": {"angle": 0, "axis": "y", "origin": [8.2, 2.9, 4.6]}
		},
		{
			"faces": {
				"north": {"uv": [1, 7, 2, 7.5], "rotation": 90, "texture": "#3"},
				"east": {"uv": [7, 7, 8, 8.5], "rotation": 90, "texture": "#3"},
				"south": {"uv": [3, 5, 4, 5.5], "rotation": 90, "texture": "#3"},
				"west": {"uv": [7, 3, 8, 4.5], "rotation": 270, "texture": "#3"},
				"up": {"uv": [12, 2, 12.5, 3.5], "texture": "#3"},
				"down": {"uv": [10, 11, 10.5, 12.5], "rotation": 180, "texture": "#3"}
			},
			"to": [8.8, 5.2, 4.7],
			"from": [8.6, 4.8, 4.1],
			"rotation": {"angle": 0, "axis": "y", "origin": [8.2, 2.9, 4.6]}
		},
		{
			"faces": {
				"north": {"uv": [4, 4, 12, 12], "rotation": 270, "texture": "#2"},
				"east": {"uv": [4, 4, 12, 12], "rotation": 270, "texture": "#2"},
				"south": {"uv": [4, 4, 12, 12], "rotation": 270, "texture": "#2"},
				"west": {"uv": [4, 4, 12, 12], "rotation": 270, "texture": "#2"},
				"up": {"uv": [4, 4, 12, 12], "rotation": 270, "texture": "#2"},
				"down": {"uv": [4, 4, 12, 12], "rotation": 270, "texture": "#2"}
			},
			"to": [8.6, 5.4, 4.5],
			"from": [7.8, 4.6, 3.7],
			"rotation": {"angle": 0, "axis": "y", "origin": [10.6, 2.9, 8.2]}
		}
	],
	"display": {
		"head": {
			"translation": [0, 5.6, 0],
			"scale": [4, 4, 4],
			"rotation": [0, 0, 0]
		}
	}
}