{
	"__credit": "Generated using Animated Java (https://animated-java.dev/)",
	"textures": {
		"1": "minecraft:cmd/axolotl_hat"
	},
	"elements": [
		{
			"faces": {
				"north": {"uv": [7, 0, 9.5, 1], "texture": "#1"},
				"east": {"uv": [9.5, 1, 12, 2], "texture": "#1"},
				"south": {"uv": [7, 1, 9.5, 2], "texture": "#1"},
				"west": {"uv": [9.5, 0, 12, 1], "texture": "#1"},
				"up": {"uv": [7, 2, 9.5, 4.5], "texture": "#1"},
				"down": {"uv": [9.5, 2, 12, 4.5], "texture": "#1"}
			},
			"to": [8.85858, 6.65, 9.71716],
			"from": [4.85858, 5.05, 5.71716],
			"rotation": {"angle": 0, "axis": "y", "origin": [3.65858, -3.35, 4.51716]}
		},
		{
			"faces": {
				"north": {"uv": [0, 0, 3.5, 0.25], "texture": "#1"},
				"east": {"uv": [3.5, 0, 7, 0.25], "texture": "#1"},
				"south": {"uv": [0, 0.25, 3.5, 0.5], "texture": "#1"},
				"west": {"uv": [3.5, 0.25, 7, 0.5], "texture": "#1"},
				"up": {"uv": [0, 0.5, 3.5, 4], "texture": "#1"},
				"down": {"uv": [3.5, 0.5, 7, 4], "texture": "#1"}
			},
			"to": [9.65858, 5.05, 10.51716],
			"from": [4.05858, 4.65, 4.91716],
			"rotation": {"angle": 0, "axis": "y", "origin": [3.65858, -3.35, 4.51716]}
		},
		{
			"faces": {
				"north": {"uv": [2, 1.75, 2.5, 2], "rotation": 180, "texture": "#1"},
				"east": {"uv": [2, 1.75, 2.25, 1.75], "rotation": 90, "texture": "#1"},
				"south": {"uv": [2, 1.75, 2.5, 2], "texture": "#1"},
				"west": {"uv": [2, 1.75, 2.25, 1.75], "rotation": 270, "texture": "#1"},
				"up": {"uv": [2, 1.75, 2.5, 1.75], "texture": "#1"},
				"down": {"uv": [2, 1.75, 2.5, 1.75], "rotation": 180, "texture": "#1"}
			},
			"to": [9.25858, 5.45, 6.51716],
			"from": [8.45858, 5.05, 6.51716],
			"rotation": {"angle": 45, "axis": "y", "origin": [8.85858, 5.05, 6.11716]}
		},
		{
			"faces": {
				"north": {"uv": [2, 1.75, 2.25, 1.75], "rotation": 270, "texture": "#1"},
				"east": {"uv": [2, 1.75, 2.5, 2], "rotation": 180, "texture": "#1"},
				"south": {"uv": [2, 1.75, 2.25, 1.75], "rotation": 90, "texture": "#1"},
				"west": {"uv": [2, 1.75, 2.5, 2], "texture": "#1"},
				"up": {"uv": [2, 1.75, 2.5, 1.75], "rotation": 90, "texture": "#1"},
				"down": {"uv": [2, 1.75, 2.5, 1.75], "rotation": 90, "texture": "#1"}
			},
			"to": [8.45858, 5.85, 7.31716],
			"from": [8.45858, 5.45, 6.51716],
			"rotation": {"angle": 45, "axis": "y", "origin": [8.85858, 5.05, 6.11716]}
		}
	],
	"display": {
		"head": {
			"translation": [0, 5.6, 0],
			"scale": [4, 4, 4],
			"rotation": [0, 0, 0]
		}
	}
}