{
	"__credit": "Generated using Animated Java (https://animated-java.dev/)",
	"textures": {
		"1": "minecraft:cmd/axolotl_hat"
	},
	"elements": [
		{
			"faces": {
				"north": {"uv": [14.5, 3.5, 15, 4], "texture": "#1"},
				"east": {"uv": [14, 3.5, 14.5, 4], "texture": "#1"},
				"south": {"uv": [14, 4, 14.5, 4.5], "texture": "#1"},
				"west": {"uv": [14.5, 4, 15, 4.5], "texture": "#1"},
				"up": {"uv": [14, 4.5, 14.5, 5], "texture": "#1"},
				"down": {"uv": [14.5, 4.5, 15, 5], "texture": "#1"}
			},
			"to": [7.79024, 5.97426, 8.4],
			"from": [6.99024, 5.17426, 7.6],
			"rotation": {"angle": -22.5, "axis": "z", "origin": [8.59024, 6.37426, 8]}
		},
		{
			"faces": {
				"north": {"uv": [13, 3.5, 14, 4.5], "texture": "#1"},
				"east": {"uv": [12, 3.5, 13, 4.5], "texture": "#1"},
				"south": {"uv": [12, 4.5, 13, 5.5], "texture": "#1"},
				"west": {"uv": [13, 4.5, 14, 5.5], "texture": "#1"},
				"up": {"uv": [12, 5.5, 13, 6.5], "texture": "#1"},
				"down": {"uv": [13, 5.5, 14, 6.5], "texture": "#1"}
			},
			"to": [9.79024, 6.37426, 8.8],
			"from": [8.19024, 4.77426, 7.2],
			"rotation": {"angle": 45, "axis": "z", "origin": [8.59024, 4.37426, 8]}
		}
	],
	"display": {
		"head": {
			"translation": [0, 5.6, 0],
			"scale": [4, 4, 4],
			"rotation": [0, 0, 0]
		}
	}
}