{
	"__credit": "Generated using Animated Java (https://animated-java.dev/)",
	"textures": {
		"1": "minecraft:cmd/axolotl_hat"
	},
	"elements": [
		{
			"faces": {
				"north": {"uv": [13.5, 0, 15, 1], "texture": "#1"},
				"east": {"uv": [12, 0, 13.5, 1], "texture": "#1"},
				"south": {"uv": [13.5, 1, 15, 2], "texture": "#1"},
				"west": {"uv": [12, 1, 13.5, 2], "texture": "#1"},
				"up": {"uv": [12, 2, 13.5, 3.5], "texture": "#1"},
				"down": {"uv": [13.5, 2, 15, 3.5], "texture": "#1"}
			},
			"to": [9.2, 5.8, 9.2],
			"from": [6.8, 4.2, 6.8],
			"rotation": {"angle": 22.5, "axis": "z", "origin": [8, 5, 8]}
		}
	],
	"display": {
		"head": {
			"translation": [0, 5.6, 0],
			"scale": [4, 4, 4],
			"rotation": [0, 0, 0]
		}
	}
}