{
	"__credit": "Generated using Animated Java (https://animated-java.dev/)",
	"textures": {
		"0": "minecraft:entity/axolotl/axolotl_cyan"
	},
	"elements": [
		{
			"faces": {
				"north": {"uv": [1.25, 3.25, 1.25, 4.5], "rotation": 90, "texture": "#0"},
				"east": {"uv": [2, 3.25, 1.25, 3.25], "rotation": 180, "texture": "#0"},
				"south": {"uv": [0.5, 3.25, 0.5, 4.5], "rotation": 270, "texture": "#0"},
				"west": {"uv": [1.25, 3.25, 0.5, 3.25], "texture": "#0"},
				"up": {"uv": [0.5, 3.25, 1.25, 4.5], "rotation": 270, "texture": "#0"},
				"down": {"uv": [1.25, 3.25, 2, 4.5], "rotation": 270, "texture": "#0"}
			},
			"to": [10, 5, 8.6],
			"from": [8, 5, 7.4],
			"rotation": {"angle": 0, "axis": "y", "origin": [8.2, 4, 8]}
		}
	],
	"display": {
		"head": {
			"translation": [0, 5.6, 0],
			"scale": [4, 4, 4],
			"rotation": [0, 0, 0]
		}
	}
}