{
	"__credit": "Generated using Animated Java (https://animated-java.dev/)",
	"textures": {
		"0": "minecraft:entity/axolotl/axolotl_cyan"
	},
	"elements": [
		{
			"faces": {
				"north": {"uv": [0, 10, 0.75, 11.75], "texture": "#0"},
				"east": {"uv": [0, 10, 0, 11.75], "texture": "#0"},
				"south": {"uv": [0.75, 10, 0, 11.75], "texture": "#0"},
				"west": {"uv": [0.75, 10, 0.75, 11.75], "texture": "#0"},
				"up": {"uv": [0.75, 10, 0, 10], "texture": "#0"},
				"down": {"uv": [1.5, 10, 0.75, 10], "texture": "#0"}
			},
			"to": [9.2, 9.4, 10.4],
			"from": [8, 6.6, 10.4],
			"rotation": {"angle": 0, "axis": "y", "origin": [3.2, 5.8, 10]}
		}
	],
	"display": {
		"head": {
			"translation": [0, 5.6, 0],
			"scale": [4, 4, 4],
			"rotation": [0, 0, 0]
		}
	}
}