{
	"__credit": "Generated using Animated Java (https://animated-java.dev/)",
	"textures": {
		"0": "minecraft:entity/axolotl/axolotl_cyan"
	},
	"elements": [
		{
			"faces": {
				"east": {"uv": [0.5, 7.75, 3.5, 9], "texture": "#0"},
				"west": {"uv": [0.5, 9, 3.5, 7.75], "rotation": 180, "texture": "#0"}
			},
			"to": [8.04, 6.2, 12.4],
			"from": [7.96, 4.2, 7.6],
			"rotation": {"angle": 22.5, "axis": "x", "origin": [4.8, 5, 7.6]}
		}
	],
	"display": {
		"head": {
			"translation": [0, 5.6, 0],
			"scale": [4, 4, 4],
			"rotation": [0, 0, 0]
		}
	}
}