{
	"__credit": "Generated using Animated Java (https://animated-java.dev/)",
	"textures": {
		"0": "minecraft:block/spruce_planks",
		"1": "minecraft:block/spruce_log",
		"2": "minecraft:block/anvil",
		"3": "minecraft:block/white_concrete_powder"
	},
	"elements": [
		{
			"faces": {
				"north": {"uv": [0, 0, 1, 10], "texture": "#0"},
				"east": {"uv": [1, 0, 2, 10], "texture": "#0"},
				"south": {"uv": [2, 0, 3, 10], "texture": "#0"},
				"west": {"uv": [3, 0, 4, 10], "texture": "#0"},
				"up": {"uv": [0, 0, 1, 1], "texture": "#0"},
				"down": {"uv": [0, 12, 1, 13], "texture": "#0"}
			},
			"to": [8.2, 7, 8.2],
			"from": [7.8, 3, 7.8],
			"rotation": {"angle": 0, "axis": "y", "origin": [8, 4.6, 8]}
		},
		{
			"faces": {
				"north": {"uv": [0, 0, 1.2, 6], "texture": "#3"},
				"east": {"uv": [1, 0, 2.2, 6], "texture": "#3"},
				"south": {"uv": [2, 0, 3.2, 6], "texture": "#3"},
				"west": {"uv": [3, 0, 4.2, 6], "texture": "#3"},
				"up": {"uv": [0, 0, 1.2, 1.2], "texture": "#3"},
				"down": {"uv": [0, 12, 1.2, 13.2], "texture": "#3"}
			},
			"to": [8.24, 6.2, 8.24],
			"from": [7.76, 3.8, 7.76],
			"rotation": {"angle": 0, "axis": "y", "origin": [8, 4.6, 8]}
		},
		{
			"faces": {
				"north": {"uv": [0, 0, 1.5, 0.5], "texture": "#1"},
				"east": {"uv": [0, 0, 1.5, 0.5], "texture": "#1"},
				"south": {"uv": [0, 0, 1.5, 0.5], "texture": "#1"},
				"west": {"uv": [0, 0, 1.5, 0.5], "texture": "#1"},
				"up": {"uv": [0, 0, 1.5, 1.5], "texture": "#1"},
				"down": {"uv": [0, 0, 1.5, 1.5], "texture": "#1"}
			},
			"to": [8.3, 3, 8.3],
			"from": [7.7, 2.8, 7.7],
			"rotation": {"angle": 0, "axis": "y", "origin": [8, 4.6, 8]}
		},
		{
			"faces": {
				"north": {"uv": [0, 0, 2, 1], "texture": "#1"},
				"east": {"uv": [0, 0, 3, 1], "texture": "#1"},
				"south": {"uv": [0, 0, 2, 1], "texture": "#1"},
				"west": {"uv": [0, 0, 3, 1], "texture": "#1"},
				"up": {"uv": [0, 0, 2, 3], "texture": "#1"},
				"down": {"uv": [0, 0, 2, 3], "texture": "#1"}
			},
			"to": [8.4, 7.4, 8.6],
			"from": [7.6, 7, 7.4],
			"rotation": {"angle": 0, "axis": "y", "origin": [8, 4.6, 8]}
		},
		{
			"faces": {
				"north": {"uv": [0, 0, 2, 1], "texture": "#1"},
				"east": {"uv": [0, 0, 3, 1], "texture": "#1"},
				"south": {"uv": [0, 0, 2, 1], "texture": "#1"},
				"west": {"uv": [0, 0, 3, 1], "texture": "#1"},
				"up": {"uv": [0, 0, 2, 3], "texture": "#1"},
				"down": {"uv": [0, 0, 2, 3], "texture": "#1"}
			},
			"to": [8.4, 9.8, 8.6],
			"from": [7.6, 9.4, 7.4],
			"rotation": {"angle": 0, "axis": "y", "origin": [8, 4.6, 8]}
		},
		{
			"faces": {
				"north": {"uv": [0, 0, 5, 5], "texture": "#2"},
				"east": {"uv": [0, 0, 9, 5], "texture": "#2"},
				"south": {"uv": [0, 0, 5, 5], "texture": "#2"},
				"west": {"uv": [0, 0, 9, 5], "texture": "#2"},
				"up": {"uv": [0, 0, 5, 9], "texture": "#2"},
				"down": {"uv": [0, 0, 5, 9], "texture": "#2"}
			},
			"to": [9, 9.4, 9.8],
			"from": [7, 7.4, 6.2],
			"rotation": {"angle": 0, "axis": "y", "origin": [8, 4.6, 8]}
		},
		{
			"faces": {
				"north": {"uv": [0, 0, 6, 6], "texture": "#2"},
				"east": {"uv": [0, 0, 1, 6], "texture": "#2"},
				"south": {"uv": [0, 0, 6, 6], "texture": "#2"},
				"west": {"uv": [0, 0, 1, 6], "texture": "#2"},
				"up": {"uv": [0, 0, 6, 1], "texture": "#2"},
				"down": {"uv": [0, 0, 6, 1], "texture": "#2"}
			},
			"to": [9.2, 9.6, 10.2],
			"from": [6.8, 7.2, 9.8],
			"rotation": {"angle": 0, "axis": "y", "origin": [8, 4.6, 8]}
		},
		{
			"faces": {
				"north": {"uv": [0, 0, 6, 6], "texture": "#2"},
				"east": {"uv": [0, 0, 1, 6], "texture": "#2"},
				"south": {"uv": [0, 0, 6, 6], "texture": "#2"},
				"west": {"uv": [0, 0, 1, 6], "texture": "#2"},
				"up": {"uv": [0, 0, 6, 1], "texture": "#2"},
				"down": {"uv": [0, 0, 6, 1], "texture": "#2"}
			},
			"to": [9.2, 9.6, 6.2],
			"from": [6.8, 7.2, 5.8],
			"rotation": {"angle": 0, "axis": "y", "origin": [8, 4.6, 8]}
		}
	],
	"display": {
		"head": {
			"translation": [0, 5.6, 0],
			"scale": [4, 4, 4],
			"rotation": [0, 0, 0]
		}
	}
}