	{
	"providers": [
		{
            "type": "bitmap",
            "file": "space:font/space_split.png",
            "ascent": -32768,
            "height": -3,
            "chars": [
                "\uF801"
            ]
        },
        {
            "type": "bitmap",
            "file": "space:font/space_split.png",
            "ascent": -32768,
            "height": -4,
            "chars": [
                "\uF802"
            ]
        },
        {
            "type": "bitmap",
            "file": "space:font/space_split.png",
            "ascent": -32768,
            "height": -5,
            "chars": [
                "\uF803"
            ]
        },
        {
            "type": "bitmap",
            "file": "space:font/space_split.png",
            "ascent": -32768,
            "height": -6,
            "chars": [
                "\uF804"
            ]
        },
        {
            "type": "bitmap",
            "file": "space:font/space_split.png",
            "ascent": -32768,
            "height": -7,
            "chars": [
                "\uF805"
            ]
        },
        {
            "type": "bitmap",
            "file": "space:font/space_split.png",
            "ascent": -32768,
            "height": -8,
            "chars": [
                "\uF806"
            ]
        },
        {
            "type": "bitmap",
            "file": "space:font/space_split.png",
            "ascent": -32768,
            "height": -9,
            "chars": [
                "\uF807"
            ]
        },
        {
            "type": "bitmap",
            "file": "space:font/space_split.png",
            "ascent": -32768,
            "height": -10,
            "chars": [
                "\uF808"
            ]
        },
        {
            "type": "bitmap",
            "file": "space:font/space_split.png",
            "ascent": -32768,
            "height": -18,
            "chars": [
                "\uF809"
            ]
        },
        {
            "type": "bitmap",
            "file": "space:font/space_split.png",
            "ascent": -32768,
            "height": -34,
            "chars": [
                "\uF80A"
            ]
        },
        {
            "type": "bitmap",
            "file": "space:font/space_split.png",
            "ascent": -32768,
            "height": -66,
            "chars": [
                "\uF80B"
            ]
        },
        {
            "type": "bitmap",
            "file": "space:font/space_split.png",
            "ascent": -32768,
            "height": -130,
            "chars": [
                "\uF80C"
            ]
        },
        {
            "type": "bitmap",
            "file": "space:font/space_split.png",
            "ascent": -32768,
            "height": -258,
            "chars": [
                "\uF80D"
            ]
        },
        {
            "type": "bitmap",
            "file": "space:font/space_split.png",
            "ascent": -32768,
            "height": -514,
            "chars": [
                "\uF80E"
            ]
        },
        {
            "type": "bitmap",
            "file": "space:font/space_split.png",
            "ascent": -32768,
            "height": -1026,
            "chars": [
                "\uF80F"
            ]
        },
		{
            "type": "bitmap",
            "file": "minecraft:font/logo_1.png",
            "ascent": -10,
            "height": 10,
            "chars": [
                "\uE001"
            ]
        },
		{
            "type": "bitmap",
            "file": "minecraft:font/logo_2.png",
            "ascent": -10,
            "height": 10,
            "chars": [
                "\uE002"
            ]
        },
		{
            "type": "bitmap",
            "file": "minecraft:font/logo_3.png",
            "ascent": -20,
            "height": 10,
            "chars": [
                "\uE003"
            ]
        },
		{
            "type": "bitmap",
            "file": "minecraft:font/logo_4.png",
            "ascent": -20,
            "height": 10,
            "chars": [
                "\uE004"
            ]
        },
		{
            "type": "bitmap",
            "file": "minecraft:font/black.png",
            "ascent": 150,
            "height": 300,
            "chars": [
                "\uE005"
            ]
        },
		{
            "type": "bitmap",
            "file": "minecraft:font/black_2.png",
            "ascent": 65,
            "height": 150,
            "chars": [
                "\uE006"
            ]
        },
		{
            "type": "bitmap",
            "file": "minecraft:font/1.png",
            "ascent": 30,
            "height": 40,
            "chars": [
                "\uE007"
            ]
        },
		{
            "type": "bitmap",
            "file": "minecraft:font/2.png",
            "ascent": 30,
            "height": 40,
            "chars": [
                "\uE008"
            ]
        },
		{
            "type": "bitmap",
            "file": "minecraft:font/3.png",
            "ascent": 30,
            "height": 40,
            "chars": [
                "\uE009"
            ]
        },
		{
            "type": "bitmap",
            "file": "minecraft:font/4.png",
            "ascent": 30,
            "height": 40,
            "chars": [
                "\uE010"
            ]
        },
		{
            "type": "bitmap",
            "file": "minecraft:font/5.png",
            "ascent": -10,
            "height": 40,
            "chars": [
                "\uE011"
            ]
        },
		{
            "type": "bitmap",
            "file": "minecraft:font/6.png",
            "ascent": -10,
            "height": 40,
            "chars": [
                "\uE012"
            ]
        },
		{
            "type": "bitmap",
            "file": "minecraft:font/7.png",
            "ascent": -10,
            "height": 40,
            "chars": [
                "\uE013"
            ]
        },
		{
            "type": "bitmap",
            "file": "minecraft:font/8.png",
            "ascent": -10,
            "height": 40,
            "chars": [
                "\uE014"
            ]
        },
		{
            "type": "bitmap",
            "file": "minecraft:font/black_staff_1.png",
            "ascent": 30,
            "height": 30,
            "chars": [
                "\uE015"
            ]
        },
		{
            "type": "bitmap",
            "file": "minecraft:font/black_staff_2.png",
            "ascent": 30,
            "height": 30,
            "chars": [
                "\uE016"
            ]
        },
		{
            "type": "bitmap",
            "file": "minecraft:font/black_staff_3.png",
            "ascent": 30,
            "height": 30,
            "chars": [
                "\uE017"
            ]
        },
		{
            "type": "bitmap",
            "file": "minecraft:font/black_staff_4.png",
            "ascent": 30,
            "height": 30,
            "chars": [
                "\uE018"
            ]
        },
		{
            "type": "bitmap",
            "file": "minecraft:font/black_staff_5.png",
            "ascent": 30,
            "height": 30,
            "chars": [
                "\uE019"
            ]
        },
		{
            "type": "bitmap",
            "file": "minecraft:font/black_staff_6.png",
            "ascent": 30,
            "height": 30,
            "chars": [
                "\uE020"
            ]
        },
		{
            "type": "bitmap",
            "file": "minecraft:font/black_staff_7.png",
            "ascent": 30,
            "height": 30,
            "chars": [
                "\uE021"
            ]
        },
		{
            "type": "bitmap",
            "file": "minecraft:font/black_staff_8.png",
            "ascent": 30,
            "height": 30,
            "chars": [
                "\uE022"
            ]
        },
		{
            "type": "bitmap",
            "file": "minecraft:font/task_1.png",
            "ascent": 20,
            "height": 40,
            "chars": [
                "\uE023"
            ]
        },
		{
            "type": "bitmap",
            "file": "minecraft:font/task_2.png",
            "ascent": 20,
            "height": 40,
            "chars": [
                "\uE024"
            ]
        },
        {
            "type": "bitmap",
            "file": "minecraft:yuy/penguin/selected_m.png",
            "ascent": -10,
            "height": 10,
            "chars": ["\uE050"]
        },
            {
            "type": "bitmap",
            "file": "minecraft:yuy/penguin/selected_i.png",
            "ascent": -10,
            "height": 10,
            "chars": ["\uE051"]
        },
            {
            "type": "bitmap",
            "file": "minecraft:yuy/penguin/selected_h.png",
            "ascent": -10,
            "height": 10,
            "chars": ["\uE052"]
        },
            {
            "type": "bitmap",
            "file": "minecraft:yuy/penguin/selected_f.png",
            "ascent": -10,
            "height": 10,
            "chars": ["\uE053"]
        },
            {
            "type": "bitmap",
            "file": "minecraft:yuy/penguin/m.png",
            "ascent": -10,
            "height": 10,
            "chars": ["\uE054"]
        },
            {
            "type": "bitmap",
            "file": "minecraft:yuy/penguin/i.png",
            "ascent": -10,
            "height": 10,
            "chars": ["\uE055"]
        },
            {
            "type": "bitmap",
            "file": "minecraft:yuy/penguin/h.png",
            "ascent": -10,
            "height": 10,
            "chars": ["\uE056"]
        },
            {
            "type": "bitmap",
            "file": "minecraft:yuy/penguin/f.png",
            "ascent": -10,
            "height": 10,
            "chars": ["\uE057"]
        },
            {
            "type": "bitmap",
            "file": "minecraft:yuy/penguin/di.png",
            "ascent": -10,
            "height": 10,
            "chars": ["\uE058"]
        },
            {
            "type": "bitmap",
            "file": "minecraft:yuy/penguin/dh.png",
            "ascent": -10,
            "height": 10,
            "chars": ["\uE059"]
        },
            {
            "type": "bitmap",
            "file": "minecraft:yuy/penguin/df.png",
            "ascent": -10,
            "height": 10,
            "chars": ["\uE05A"]
        },
            {
            "type": "bitmap",
            "file": "minecraft:yuy/progress_bar/1.png",
            "ascent": -30,
            "height": 4,
            "chars": ["\uE05B"]
        },
            {
            "type": "bitmap",
            "file": "minecraft:yuy/progress_bar/2.png",
            "ascent": -30,
            "height": 4,
            "chars": ["\uE05C"]
        },
            {
            "type": "bitmap",
            "file": "minecraft:yuy/progress_bar/3.png",
            "ascent": -30,
            "height": 4,
            "chars": ["\uE05D"]
        },
            {
            "type": "bitmap",
            "file": "minecraft:yuy/progress_bar/4.png",
            "ascent": -30,
            "height": 4,
            "chars": ["\uE05E"]
        },
            {
            "type": "bitmap",
            "file": "minecraft:yuy/progress_bar/5.png",
            "ascent": -30,
            "height": 4,
            "chars": ["\uE05F"]
        },
            {
            "type": "bitmap",
            "file": "minecraft:yuy/progress_bar/6.png",
            "ascent": -30,
            "height": 4,
            "chars": ["\uE060"]
        },
            {
            "type": "bitmap",
            "file": "minecraft:yuy/progress_bar/7.png",
            "ascent": -30,
            "height": 4,
            "chars": ["\uE061"]
        },
            {
            "type": "bitmap",
            "file": "minecraft:yuy/progress_bar/8.png",
            "ascent": -30,
            "height": 4,
            "chars": ["\uE062"]
        },
            {
            "type": "bitmap",
            "file": "minecraft:yuy/progress_bar/11.png",
            "ascent": -30,
            "height": 4,
            "chars": ["\uE063"]
        },
            {
            "type": "bitmap",
            "file": "minecraft:yuy/progress_bar/12.png",
            "ascent": -30,
            "height": 4,
            "chars": ["\uE064"]
        },
            {
            "type": "bitmap",
            "file": "minecraft:yuy/progress_bar/13.png",
            "ascent": -30,
            "height": 4,
            "chars": ["\uE065"]
        },
            {
            "type": "bitmap",
            "file": "minecraft:yuy/progress_bar/21.png",
            "ascent": -21,
            "height": 18,
            "chars": ["\uE066"]
        },
            {
            "type": "bitmap",
            "file": "minecraft:yuy/progress_bar/22.png",
            "ascent": -25,
            "height": 15,
            "chars": ["\uE067"]
        },
            {
            "type": "bitmap",
            "file": "minecraft:yuy/progress_bar/23.png",
            "ascent": -19,
            "height": 20,
            "chars": ["\uE068"]
        },
            {
            "type": "bitmap",
            "file": "minecraft:yuy/progress_bar/24.png",
            "ascent": -24,
            "height": 15,
            "chars": ["\uE069"]
        } 
	]
}