{
	"credit": "Made with Blockbench",
	"texture_size": [64, 64],
	"textures": {
		"0": "yuy/b1",
		"particle": "yuy/b1"
	},
	"elements": [
		{
			"name": "1",
			"from": [7, 7, 6],
			"to": [9, 8, 10],
			"faces": {
				"north": {"uv": [7.5, 2.75, 8, 3], "texture": "#0"},
				"east": {"uv": [1.5, 7, 2.5, 7.25], "texture": "#0"},
				"south": {"uv": [7.5, 3, 8, 3.25], "texture": "#0"},
				"west": {"uv": [4, 7, 5, 7.25], "texture": "#0"},
				"up": {"uv": [0.5, 7, 0, 6], "texture": "#0"},
				"down": {"uv": [1, 6, 0.5, 7], "texture": "#0"}
			}
		},
		{
			"name": "1",
			"from": [6, 7, 7],
			"to": [10, 8, 9],
			"faces": {
				"north": {"uv": [5.5, 7, 6.5, 7.25], "texture": "#0"},
				"east": {"uv": [7.5, 3.25, 8, 3.5], "texture": "#0"},
				"south": {"uv": [7, 7, 8, 7.25], "texture": "#0"},
				"west": {"uv": [3.5, 7.5, 4, 7.75], "texture": "#0"},
				"up": {"uv": [7.5, 2, 6.5, 1.5], "texture": "#0"},
				"down": {"uv": [7.5, 2, 6.5, 2.5], "texture": "#0"}
			}
		},
		{
			"name": "2",
			"from": [5, 8, 6],
			"to": [11, 9, 10],
			"faces": {
				"north": {"uv": [7, 0.5, 8.5, 0.75], "texture": "#0"},
				"east": {"uv": [1.5, 7.25, 2.5, 7.5], "texture": "#0"},
				"south": {"uv": [7, 0.75, 8.5, 1], "texture": "#0"},
				"west": {"uv": [4, 7.25, 5, 7.5], "texture": "#0"},
				"up": {"uv": [1.5, 4, 0, 3], "texture": "#0"},
				"down": {"uv": [1.5, 4, 0, 5], "texture": "#0"}
			}
		},
		{
			"name": "2",
			"from": [6, 8, 5],
			"to": [10, 9, 11],
			"faces": {
				"north": {"uv": [5.5, 7.25, 6.5, 7.5], "texture": "#0"},
				"east": {"uv": [7, 4.5, 8.5, 4.75], "texture": "#0"},
				"south": {"uv": [7, 7.25, 8, 7.5], "texture": "#0"},
				"west": {"uv": [7, 4.75, 8.5, 5], "texture": "#0"},
				"up": {"uv": [2.5, 5.5, 1.5, 4], "texture": "#0"},
				"down": {"uv": [3.5, 4, 2.5, 5.5], "texture": "#0"}
			}
		},
		{
			"name": "3",
			"from": [5, 9, 5],
			"to": [11, 13, 11],
			"faces": {
				"north": {"uv": [3.5, 4, 5, 5], "texture": "#0"},
				"east": {"uv": [0, 5, 1.5, 6], "texture": "#0"},
				"south": {"uv": [3.5, 5, 5, 6], "texture": "#0"},
				"west": {"uv": [5, 4, 6.5, 5], "texture": "#0"},
				"up": {"uv": [1.5, 1.5, 0, 0], "texture": "#0"},
				"down": {"uv": [1.5, 1.5, 0, 3], "texture": "#0"}
			}
		},
		{
			"name": "4",
			"from": [7, 9, 4],
			"to": [9, 13, 12],
			"faces": {
				"north": {"uv": [1, 6, 1.5, 7], "texture": "#0"},
				"east": {"uv": [1.5, 0, 3.5, 1], "texture": "#0"},
				"south": {"uv": [3.5, 6.5, 4, 7.5], "texture": "#0"},
				"west": {"uv": [1.5, 1, 3.5, 2], "texture": "#0"},
				"up": {"uv": [3, 7.5, 2.5, 5.5], "texture": "#0"},
				"down": {"uv": [3.5, 5.5, 3, 7.5], "texture": "#0"}
			}
		},
		{
			"name": "4",
			"from": [6, 10, 4],
			"to": [10, 12, 12],
			"rotation": {"angle": 0, "axis": "y", "origin": [8, 4, 8]},
			"faces": {
				"north": {"uv": [4, 6.5, 5, 7], "texture": "#0"},
				"east": {"uv": [5.5, 2.5, 7.5, 3], "texture": "#0"},
				"south": {"uv": [6.5, 4, 7.5, 4.5], "texture": "#0"},
				"west": {"uv": [5.5, 3, 7.5, 3.5], "texture": "#0"},
				"up": {"uv": [2.5, 4, 1.5, 2], "texture": "#0"},
				"down": {"uv": [3.5, 2, 2.5, 4], "texture": "#0"}
			}
		},
		{
			"name": "5",
			"from": [4, 9, 7],
			"to": [12, 13, 9],
			"faces": {
				"north": {"uv": [3.5, 0, 5.5, 1], "texture": "#0"},
				"east": {"uv": [6.5, 4.5, 7, 5.5], "texture": "#0"},
				"south": {"uv": [3.5, 1, 5.5, 2], "texture": "#0"},
				"west": {"uv": [5, 6.5, 5.5, 7.5], "texture": "#0"},
				"up": {"uv": [7.5, 4, 5.5, 3.5], "texture": "#0"},
				"down": {"uv": [5.5, 6, 3.5, 6.5], "texture": "#0"}
			}
		},
		{
			"name": "5",
			"from": [4, 10, 6],
			"to": [12, 12, 10],
			"faces": {
				"north": {"uv": [5.5, 6, 7.5, 6.5], "texture": "#0"},
				"east": {"uv": [5.5, 6.5, 6.5, 7], "texture": "#0"},
				"south": {"uv": [6.5, 1, 8.5, 1.5], "texture": "#0"},
				"west": {"uv": [6.5, 5.5, 7.5, 6], "texture": "#0"},
				"up": {"uv": [5.5, 3, 3.5, 2], "texture": "#0"},
				"down": {"uv": [5.5, 3, 3.5, 4], "texture": "#0"}
			}
		},
		{
			"name": "6",
			"from": [5, 13, 6],
			"to": [11, 14, 10],
			"faces": {
				"north": {"uv": [7, 5, 8.5, 5.25], "texture": "#0"},
				"east": {"uv": [0.5, 7.5, 1.5, 7.75], "texture": "#0"},
				"south": {"uv": [7, 5.25, 8.5, 5.5], "texture": "#0"},
				"west": {"uv": [1.5, 7.5, 2.5, 7.75], "texture": "#0"},
				"up": {"uv": [6.5, 6, 5, 5], "texture": "#0"},
				"down": {"uv": [7, 0, 5.5, 1], "texture": "#0"}
			}
		},
		{
			"name": "6",
			"from": [6, 13, 5],
			"to": [10, 14, 11],
			"faces": {
				"north": {"uv": [7.5, 1.5, 8.5, 1.75], "texture": "#0"},
				"east": {"uv": [7, 6.5, 8.5, 6.75], "texture": "#0"},
				"south": {"uv": [7.5, 1.75, 8.5, 2], "texture": "#0"},
				"west": {"uv": [7, 6.75, 8.5, 7], "texture": "#0"},
				"up": {"uv": [6.5, 2.5, 5.5, 1], "texture": "#0"},
				"down": {"uv": [2.5, 5.5, 1.5, 7], "texture": "#0"}
			}
		},
		{
			"name": "7",
			"from": [7, 14, 6],
			"to": [9, 15, 10],
			"faces": {
				"north": {"uv": [7.5, 3.5, 8, 3.75], "texture": "#0"},
				"east": {"uv": [7.5, 2, 8.5, 2.25], "texture": "#0"},
				"south": {"uv": [7.5, 3.75, 8, 4], "texture": "#0"},
				"west": {"uv": [7.5, 2.25, 8.5, 2.5], "texture": "#0"},
				"up": {"uv": [7, 7.5, 6.5, 6.5], "texture": "#0"},
				"down": {"uv": [0.5, 7, 0, 8], "texture": "#0"}
			}
		},
		{
			"name": "7",
			"from": [6, 14, 7],
			"to": [10, 15, 9],
			"faces": {
				"north": {"uv": [2.5, 7.5, 3.5, 7.75], "texture": "#0"},
				"east": {"uv": [4, 7.5, 4.5, 7.75], "texture": "#0"},
				"south": {"uv": [7.5, 2.5, 8.5, 2.75], "texture": "#0"},
				"west": {"uv": [7.5, 4, 8, 4.25], "texture": "#0"},
				"up": {"uv": [8, 0.5, 7, 0], "texture": "#0"},
				"down": {"uv": [1.5, 7, 0.5, 7.5], "texture": "#0"}
			}
		}
	],
	"display": {
		"head": {
			"translation": [0, -78, 0],
			"scale": [2.6, 2.6, 2.6]
		}
	},
	"groups": [
		{
			"name": "group",
			"origin": [0, 0, 0],
			"color": 0,
			"children": [0, 1, 2, 3, 4, 5, 6, 7, 8, 9, 10, 11, 12]
		}
	]
}