{
	"credit": "Made with Blockbench",
	"textures": {
		"1": "yuy/boom1",
		"2": "yuy/boom2",
		"particle": "yuy/boom1"
	},
	"elements": [
		{
			"name": "7",
			"from": [6, 7, 7],
			"to": [10, 8, 9],
			"faces": {
				"north": {"uv": [7.92857, 11.69843, 1.05626, 11.64286], "rotation": 90, "texture": "#1"},
				"east": {"uv": [11.92857, 8.44843, 5.05626, 7.89286], "rotation": 90, "texture": "#1"},
				"south": {"uv": [6, 13.48415, 0, 13.42857], "rotation": 90, "texture": "#1"},
				"west": {"uv": [8.42857, 12.19843, 1.55626, 11.64286], "rotation": 90, "texture": "#1"},
				"up": {"uv": [1.44912, 10.5, 8.07143, 10.55558], "rotation": 90, "texture": "#1"},
				"down": {"uv": [8.07143, 11.42857, 1.44912, 11.48415], "rotation": 90, "texture": "#1"}
			}
		},
		{
			"name": "1",
			"from": [7, 0, 6],
			"to": [9, 1, 10],
			"faces": {
				"north": {"uv": [11.92857, 8.69843, 5.05626, 8.14286], "rotation": 90, "texture": "#1"},
				"east": {"uv": [11.42857, 9.69843, 4.55626, 9.64286], "rotation": 90, "texture": "#1"},
				"south": {"uv": [8.5, 10.73415, 1.62769, 10.17857], "rotation": 90, "texture": "#1"},
				"west": {"uv": [11.42857, 9.94843, 4.55626, 9.89286], "rotation": 90, "texture": "#1"},
				"up": {"uv": [2.94912, 10, 9.07143, 10.55558], "rotation": 90, "texture": "#1"},
				"down": {"uv": [14.57143, 5.92857, 8.44912, 6.48415], "rotation": 90, "texture": "#1"}
			}
		},
		{
			"name": "1",
			"from": [6, 0, 7],
			"to": [10, 1, 9],
			"faces": {
				"north": {"uv": [11.42857, 11.19843, 4.55626, 11.14286], "rotation": 90, "texture": "#1"},
				"east": {"uv": [8.92857, 12.19843, 2.05626, 11.64286], "rotation": 90, "texture": "#1"},
				"south": {"uv": [8, 13.23415, 1.12769, 13.17857], "rotation": 90, "texture": "#1"},
				"west": {"uv": [9.42857, 12.19843, 2.55626, 11.64286], "rotation": 90, "texture": "#1"},
				"up": {"uv": [4.94912, 11, 11.57143, 11.05558], "rotation": 90, "texture": "#1"},
				"down": {"uv": [14.57143, 8.92857, 7.94912, 8.98415], "rotation": 90, "texture": "#1"}
			}
		},
		{
			"name": "2",
			"from": [5, 1, 6],
			"to": [11, 2, 10],
			"faces": {
				"north": {"uv": [11.42857, 5.19843, 4.55626, 5.64286], "rotation": 90, "texture": "#1"},
				"east": {"uv": [11.42857, 11.69843, 4.55626, 11.64286], "rotation": 90, "texture": "#1"},
				"south": {"uv": [8, 7.23415, 1.12769, 7.67857], "rotation": 90, "texture": "#1"},
				"west": {"uv": [7.92857, 11.94843, 1.05626, 11.89286], "rotation": 90, "texture": "#1"},
				"up": {"uv": [1.94912, 8, 8.07143, 7.55558], "rotation": 90, "texture": "#1"},
				"down": {"uv": [8.07143, 9.42857, 1.94912, 8.98415], "rotation": 90, "texture": "#1"}
			}
		},
		{
			"name": "2",
			"from": [6, 1, 5],
			"to": [10, 2, 11],
			"faces": {
				"north": {"uv": [9.42857, 11.94843, 2.55626, 11.89286], "rotation": 90, "texture": "#1"},
				"east": {"uv": [11.42857, 6.19843, 4.55626, 6.64286], "rotation": 90, "texture": "#1"},
				"south": {"uv": [8, 13.73415, 1.12769, 13.67857], "rotation": 90, "texture": "#1"},
				"west": {"uv": [11.42857, 6.44843, 4.55626, 6.89286], "rotation": 90, "texture": "#1"},
				"up": {"uv": [9.57143, 8.57143, 3.80626, 8.62701], "rotation": 90, "texture": "#1"},
				"down": {"uv": [4.80626, 9, 10.57143, 9.05558], "rotation": 90, "texture": "#1"}
			}
		},
		{
			"name": "3",
			"from": [5, 2, 5],
			"to": [11, 6, 11],
			"faces": {
				"north": {"uv": [7.92857, 8.69843, 1.80626, 9.14286], "rotation": 90, "texture": "#1"},
				"east": {"uv": [4.42857, 9.69843, 0, 10.14286], "rotation": 90, "texture": "#1"},
				"south": {"uv": [4.5, 11.48415, 0, 11.92857], "rotation": 90, "texture": "#1"},
				"west": {"uv": [9.42857, 8.69843, 3.30626, 9.14286], "rotation": 90, "texture": "#1"},
				"up": {"uv": [8.07143, 5.07143, 2.30626, 4.62701], "rotation": 90, "texture": "#1"},
				"down": {"uv": [2.30626, 7, 8.07143, 6.55558], "rotation": 90, "texture": "#1"}
			}
		},
		{
			"name": "4",
			"from": [7, 2, 4],
			"to": [9, 6, 12],
			"faces": {
				"north": {"uv": [8.92857, 11.19843, 2.80626, 10.64286], "rotation": 90, "texture": "#1"},
				"east": {"uv": [5.92857, 4.69843, 0, 5.64286], "rotation": 90, "texture": "#1"},
				"south": {"uv": [7.5, 10.98415, 1.37769, 10.42857], "rotation": 90, "texture": "#1"},
				"west": {"uv": [5.92857, 5.69843, 0, 6.64286], "rotation": 90, "texture": "#1"},
				"up": {"uv": [10.57143, 10.07143, 4.30626, 10.62701], "rotation": 90, "texture": "#1"},
				"down": {"uv": [4.80626, 10.5, 11.07143, 11.05558], "rotation": 90, "texture": "#1"}
			}
		},
		{
			"name": "4",
			"from": [6, 3, 4],
			"to": [10, 5, 12],
			"faces": {
				"north": {"uv": [9.42857, 11.19843, 2.80626, 11.14286], "rotation": 90, "texture": "#1"},
				"east": {"uv": [9.92857, 7.19843, 3.30626, 8.14286], "rotation": 90, "texture": "#1"},
				"south": {"uv": [7.5, 11.98415, 0.87769, 11.92857], "rotation": 90, "texture": "#1"},
				"west": {"uv": [9.92857, 7.69843, 3.30626, 8.64286], "rotation": 90, "texture": "#1"},
				"up": {"uv": [9.57143, 7.07143, 3.30626, 7.12701], "rotation": 90, "texture": "#1"},
				"down": {"uv": [4.30626, 7.5, 10.57143, 7.55558], "rotation": 90, "texture": "#1"}
			}
		},
		{
			"name": "5",
			"from": [4, 2, 7],
			"to": [12, 6, 9],
			"faces": {
				"north": {"uv": [7.92857, 4.69843, 1.80626, 5.64286], "rotation": 90, "texture": "#1"},
				"east": {"uv": [10.42857, 11.19843, 4.30626, 10.64286], "rotation": 90, "texture": "#1"},
				"south": {"uv": [4.5, 7.48415, 0, 8.42857], "rotation": 90, "texture": "#1"},
				"west": {"uv": [10.92857, 11.19843, 4.80626, 10.64286], "rotation": 90, "texture": "#1"},
				"up": {"uv": [6.94912, 9, 13.57143, 8.05558], "rotation": 90, "texture": "#1"},
				"down": {"uv": [11.57143, 11.92857, 4.94912, 10.98415], "rotation": 90, "texture": "#1"}
			}
		},
		{
			"name": "5",
			"from": [4, 3, 6],
			"to": [12, 5, 10],
			"faces": {
				"north": {"uv": [9.92857, 10.69843, 3.30626, 11.64286], "rotation": 90, "texture": "#1"},
				"east": {"uv": [4.42857, 11.69843, 0, 11.64286], "rotation": 90, "texture": "#1"},
				"south": {"uv": [7.5, 7.48415, 0.87769, 8.42857], "rotation": 90, "texture": "#1"},
				"west": {"uv": [11.42857, 4.69843, 4.80626, 4.64286], "rotation": 90, "texture": "#1"},
				"up": {"uv": [5.44912, 7.5, 11.57143, 6.55558], "rotation": 90, "texture": "#1"},
				"down": {"uv": [11.57143, 8.92857, 5.44912, 7.98415], "rotation": 90, "texture": "#1"}
			}
		},
		{
			"name": "6",
			"from": [5, 6, 6],
			"to": [11, 7, 10],
			"faces": {
				"north": {"uv": [11.42857, 6.69843, 4.55626, 7.14286], "rotation": 90, "texture": "#1"},
				"east": {"uv": [4.42857, 12.19843, 0, 12.14286], "rotation": 90, "texture": "#1"},
				"south": {"uv": [8, 8.73415, 1.12769, 9.17857], "rotation": 90, "texture": "#1"},
				"west": {"uv": [6.42857, 12.19843, 0, 12.14286], "rotation": 90, "texture": "#1"},
				"up": {"uv": [6.94912, 10, 13.07143, 9.55558], "rotation": 90, "texture": "#1"},
				"down": {"uv": [13.57143, 5.42857, 7.44912, 4.98415], "rotation": 90, "texture": "#1"}
			}
		},
		{
			"name": "6",
			"from": [6, 6, 5],
			"to": [10, 7, 11],
			"faces": {
				"north": {"uv": [11.92857, 7.19843, 5.05626, 7.14286], "rotation": 90, "texture": "#1"},
				"east": {"uv": [11.42857, 9.19843, 4.55626, 9.64286], "rotation": 90, "texture": "#1"},
				"south": {"uv": [8.5, 9.23415, 1.62769, 9.17857], "rotation": 90, "texture": "#1"},
				"west": {"uv": [11.42857, 9.44843, 4.55626, 9.89286], "rotation": 90, "texture": "#1"},
				"up": {"uv": [13.57143, 5.57143, 7.80626, 5.62701], "rotation": 90, "texture": "#1"},
				"down": {"uv": [3.80626, 10.5, 9.57143, 10.55558], "rotation": 90, "texture": "#1"}
			}
		},
		{
			"name": "7",
			"from": [7, 7, 6],
			"to": [9, 8, 10],
			"faces": {
				"north": {"uv": [9.92857, 12.19843, 3.05626, 11.64286], "rotation": 90, "texture": "#1"},
				"east": {"uv": [7.42857, 12.19843, 0.55626, 12.14286], "rotation": 90, "texture": "#1"},
				"south": {"uv": [8.5, 11.98415, 1.62769, 11.42857], "rotation": 90, "texture": "#1"},
				"west": {"uv": [11.92857, 7.69843, 5.05626, 7.64286], "rotation": 90, "texture": "#1"},
				"up": {"uv": [2.94912, 11, 9.07143, 11.55558], "rotation": 90, "texture": "#1"},
				"down": {"uv": [9.57143, 11.42857, 3.44912, 11.98415], "rotation": 90, "texture": "#1"}
			}
		},
		{
			"from": [7, 8, 7],
			"to": [9, 9, 9],
			"faces": {
				"north": {"uv": [11.92857, 10.44843, 5.05626, 9.89286], "rotation": 90, "texture": "#1"},
				"east": {"uv": [10.42857, 12.19843, 3.55626, 11.64286], "rotation": 90, "texture": "#1"},
				"south": {"uv": [8.5, 12.48415, 1.62769, 11.92857], "rotation": 90, "texture": "#1"},
				"west": {"uv": [11.92857, 10.94843, 5.05626, 10.39286], "rotation": 90, "texture": "#1"},
				"up": {"uv": [3.44912, 11, 10.07143, 11.55558], "rotation": 90, "texture": "#1"},
				"down": {"uv": [15.57143, 7.67857, 8.94912, 8.23415], "rotation": 90, "texture": "#1"}
			}
		},
		{
			"from": [7, 8, 8],
			"to": [8, 11, 9],
			"rotation": {"angle": 22.5, "axis": "z", "origin": [7.5, 10, 8.5]},
			"faces": {
				"north": {"uv": [0, 0, 1, 3], "texture": "#2"},
				"east": {"uv": [1, 0, 2, 3], "texture": "#2"},
				"south": {"uv": [2, 0, 3, 3], "texture": "#2"},
				"west": {"uv": [0, 3, 1, 6], "texture": "#2"},
				"up": {"uv": [7, 1, 6, 0], "texture": "#2"},
				"down": {"uv": [7, 1, 6, 2], "texture": "#2"}
			}
		},
		{
			"from": [4.3, 10.5, 8],
			"to": [6.3, 11.5, 9],
			"rotation": {"angle": 0, "axis": "z", "origin": [6.3, 12, 8.5]},
			"faces": {
				"north": {"uv": [1, 4, 3, 5], "texture": "#2"},
				"east": {"uv": [2, 6, 3, 7], "texture": "#2"},
				"south": {"uv": [3, 4, 5, 5], "texture": "#2"},
				"west": {"uv": [6, 2, 7, 3], "texture": "#2"},
				"up": {"uv": [6, 4, 4, 3], "texture": "#2"},
				"down": {"uv": [3, 5, 1, 6], "texture": "#2"}
			}
		},
		{
			"from": [6, 10, 8],
			"to": [8, 11, 9],
			"rotation": {"angle": -22.5, "axis": "z", "origin": [7.5, 11.5, 8.5]},
			"faces": {
				"north": {"uv": [3, 5, 5, 6], "texture": "#2"},
				"east": {"uv": [3, 6, 4, 7], "texture": "#2"},
				"south": {"uv": [5, 4, 7, 5], "texture": "#2"},
				"west": {"uv": [6, 3, 7, 4], "texture": "#2"},
				"up": {"uv": [7, 6, 5, 5], "texture": "#2"},
				"down": {"uv": [2, 6, 0, 7], "texture": "#2"}
			}
		},
		{
			"from": [2, 10.2, 8],
			"to": [5, 11.2, 9],
			"rotation": {"angle": 22.5, "axis": "z", "origin": [4, 10.5, 8.5]},
			"faces": {
				"north": {"uv": [3, 0, 6, 1], "texture": "#2"},
				"east": {"uv": [4, 6, 5, 7], "texture": "#2"},
				"south": {"uv": [1, 3, 4, 4], "texture": "#2"},
				"west": {"uv": [5, 6, 6, 7], "texture": "#2"},
				"up": {"uv": [6, 2, 3, 1], "texture": "#2"},
				"down": {"uv": [6, 2, 3, 3], "texture": "#2"}
			}
		}
	],
	"display": {
		"thirdperson_righthand": {
			"rotation": [26.91, -23.77, -9.15],
			"translation": [1.5, 6.75, 0.75]
		},
		"thirdperson_lefthand": {
			"rotation": [26.91, -23.77, -9.15],
			"translation": [1.5, 6.75, 0.75]
		},
		"firstperson_righthand": {
			"translation": [0, 1.25, 0]
		},
		"firstperson_lefthand": {
			"rotation": [-180, -79.25, 180],
			"translation": [0, 0.75, 0]
		},
		"ground": {
			"translation": [0, 3, 0]
		},
		"gui": {
			"translation": [0, 2.25, 0]
		},
		"head": {
			"translation": [0, 13.75, 0]
		},
		"fixed": {
			"translation": [0, 2.75, 0]
		}
	},
	"groups": [
		{
			"name": "group",
			"origin": [0, 0, 0],
			"color": 0,
			"children": [0, 1, 2, 3, 4, 5, 6, 7, 8, 9, 10, 11, 12, 13]
		},
		{
			"name": "group",
			"origin": [4, 10.5, 8.5],
			"color": 0,
			"children": [14, 15, 16, 17]
		}
	]
}