{
	"credit": "Made with Blockbench",
	"textures": {
		"0": "yuy/f1",
		"particle": "yuy/f1"
	},
	"elements": [
		{
			"from": [6, 0, 8],
			"to": [9, 5, 8.8],
			"faces": {
				"north": {"uv": [7, 5, 10, 10], "texture": "#0"},
				"east": {"uv": [11, 5, 11.8, 10], "texture": "#0"},
				"south": {"uv": [4, 3, 7, 8], "texture": "#0"},
				"west": {"uv": [9, 8, 9.8, 13], "texture": "#0"},
				"up": {"uv": [9, 3, 12, 3.8], "texture": "#0"},
				"down": {"uv": [11, 6, 14, 6.8], "texture": "#0"}
			}
		},
		{
			"from": [6, -2.7, 9.2],
			"to": [9, -1.7, 10.2],
			"rotation": {"angle": -45, "axis": "x", "origin": [0, 0, 0]},
			"faces": {
				"north": {"uv": [7, 5, 10, 6], "texture": "#0"},
				"east": {"uv": [11, 5, 12, 6], "texture": "#0"},
				"south": {"uv": [4, 3, 7, 4], "texture": "#0"},
				"west": {"uv": [9, 8, 10, 9], "texture": "#0"},
				"up": {"uv": [9, 3, 12, 4], "texture": "#0"},
				"down": {"uv": [11, 6, 14, 7], "texture": "#0"}
			}
		},
		{
			"from": [6, -0.5, 7.6],
			"to": [9, 5.5, 8.2],
			"faces": {
				"north": {"uv": [7, 5, 10, 11], "texture": "#0"},
				"east": {"uv": [11, 5, 11.6, 11], "texture": "#0"},
				"south": {"uv": [4, 3, 7, 9], "texture": "#0"},
				"west": {"uv": [9, 8, 9.6, 14], "texture": "#0"},
				"up": {"uv": [9, 3, 12, 3.6], "texture": "#0"},
				"down": {"uv": [11, 6, 14, 6.6], "texture": "#0"}
			}
		},
		{
			"from": [6, 1.3, 9.1],
			"to": [9, 4.3, 10.1],
			"rotation": {"angle": -22.5, "axis": "x", "origin": [0, 0, 0]},
			"faces": {
				"north": {"uv": [7, 5, 10, 8], "texture": "#0"},
				"east": {"uv": [11, 5, 12, 8], "texture": "#0"},
				"south": {"uv": [4, 3, 7, 6], "texture": "#0"},
				"west": {"uv": [9, 8, 10, 11], "texture": "#0"},
				"up": {"uv": [9, 3, 12, 4], "texture": "#0"},
				"down": {"uv": [11, 6, 14, 7], "texture": "#0"}
			}
		},
		{
			"from": [9, 2.3, 9.1],
			"to": [9.4, 4.3, 10.1],
			"rotation": {"angle": -22.5, "axis": "x", "origin": [0, 0, 0]},
			"faces": {
				"north": {"uv": [7, 5, 7.4, 7], "texture": "#0"},
				"east": {"uv": [11, 5, 12, 7], "texture": "#0"},
				"south": {"uv": [4, 3, 4.4, 5], "texture": "#0"},
				"west": {"uv": [9, 8, 10, 10], "texture": "#0"},
				"up": {"uv": [9, 3, 9.4, 4], "texture": "#0"},
				"down": {"uv": [11, 6, 11.4, 7], "texture": "#0"}
			}
		},
		{
			"from": [5.9, 7.45, 6.75],
			"to": [9.4, 8.45, 7.75],
			"faces": {
				"north": {"uv": [7, 5, 10.5, 6], "texture": "#0"},
				"east": {"uv": [11, 5, 12, 6], "texture": "#0"},
				"south": {"uv": [4, 3, 7.5, 4], "texture": "#0"},
				"west": {"uv": [9, 8, 10, 9], "texture": "#0"},
				"up": {"uv": [9, 3, 12.5, 4], "texture": "#0"},
				"down": {"uv": [11, 6, 14.5, 7], "texture": "#0"}
			}
		},
		{
			"from": [5.6, 2, 9.5],
			"to": [6.6, 4, 10.5],
			"rotation": {"angle": -22.5, "axis": "x", "origin": [0, 0, 0]},
			"faces": {
				"north": {"uv": [7, 5, 8, 7], "texture": "#0"},
				"east": {"uv": [11, 5, 12, 7], "texture": "#0"},
				"south": {"uv": [4, 3, 5, 5], "texture": "#0"},
				"west": {"uv": [9, 8, 10, 10], "texture": "#0"},
				"up": {"uv": [9, 3, 10, 4], "texture": "#0"},
				"down": {"uv": [11, 6, 12, 7], "texture": "#0"}
			}
		},
		{
			"from": [7.5, 3.4, 7.6],
			"to": [8.3, 5.4, 8.6],
			"rotation": {"angle": 22.5, "axis": "z", "origin": [0, 0, 0]},
			"faces": {
				"north": {"uv": [7, 5, 7.8, 7], "texture": "#0"},
				"east": {"uv": [11, 5, 12, 7], "texture": "#0"},
				"south": {"uv": [4, 3, 4.8, 5], "texture": "#0"},
				"west": {"uv": [9, 8, 10, 10], "texture": "#0"},
				"up": {"uv": [9, 3, 9.8, 4], "texture": "#0"},
				"down": {"uv": [11, 6, 11.8, 7], "texture": "#0"}
			}
		},
		{
			"from": [4.86, 7.86, 7.6],
			"to": [5.66, 8.86, 8.6],
			"faces": {
				"north": {"uv": [7, 5, 7.8, 6], "texture": "#0"},
				"east": {"uv": [11, 5, 12, 6], "texture": "#0"},
				"south": {"uv": [4, 3, 4.8, 4], "texture": "#0"},
				"west": {"uv": [9, 8, 10, 9], "texture": "#0"},
				"up": {"uv": [9, 3, 9.8, 4], "texture": "#0"},
				"down": {"uv": [11, 6, 11.8, 7], "texture": "#0"}
			}
		},
		{
			"from": [5.9, 8.2, 6.72],
			"to": [6.7, 11.8, 7.52],
			"faces": {
				"north": {"uv": [7, 5, 7.8, 8.6], "texture": "#0"},
				"east": {"uv": [11, 5, 11.8, 8.6], "texture": "#0"},
				"south": {"uv": [4, 3, 4.8, 6.6], "texture": "#0"},
				"west": {"uv": [9, 8, 9.8, 11.6], "texture": "#0"},
				"up": {"uv": [9, 3, 9.8, 3.8], "texture": "#0"},
				"down": {"uv": [11, 6, 11.8, 6.8], "texture": "#0"}
			}
		},
		{
			"from": [6.8, 8.2, 6.65],
			"to": [7.6, 12.2, 7.45],
			"faces": {
				"north": {"uv": [7, 5, 7.8, 9], "texture": "#0"},
				"east": {"uv": [11, 5, 11.8, 9], "texture": "#0"},
				"south": {"uv": [4, 3, 4.8, 7], "texture": "#0"},
				"west": {"uv": [9, 8, 9.8, 12], "texture": "#0"},
				"up": {"uv": [9, 3, 9.8, 3.8], "texture": "#0"},
				"down": {"uv": [11, 6, 11.8, 6.8], "texture": "#0"}
			}
		},
		{
			"from": [7.7, 8.2, 6.72],
			"to": [8.5, 11.9, 7.52],
			"faces": {
				"north": {"uv": [7, 5, 7.8, 8.7], "texture": "#0"},
				"east": {"uv": [11, 5, 11.8, 8.7], "texture": "#0"},
				"south": {"uv": [4, 3, 4.8, 6.7], "texture": "#0"},
				"west": {"uv": [9, 8, 9.8, 11.7], "texture": "#0"},
				"up": {"uv": [9, 3, 9.8, 3.8], "texture": "#0"},
				"down": {"uv": [11, 6, 11.8, 6.8], "texture": "#0"}
			}
		},
		{
			"from": [8.6, 8.2, 6.8],
			"to": [9.4, 10.9, 7.6],
			"faces": {
				"north": {"uv": [7, 5, 7.8, 7.7], "texture": "#0"},
				"east": {"uv": [11, 5, 11.8, 7.7], "texture": "#0"},
				"south": {"uv": [4, 3, 4.8, 5.7], "texture": "#0"},
				"west": {"uv": [9, 8, 9.8, 10.7], "texture": "#0"},
				"up": {"uv": [9, 3, 9.8, 3.8], "texture": "#0"},
				"down": {"uv": [11, 6, 11.8, 6.8], "texture": "#0"}
			}
		}
	],
	"display": {
		"head": {
			"translation": [0, -40, 0],
			"scale": [2.6, 2.6, 2.6]
		}
	}
}