{
	"credit": "Made with Blockbench",
	"textures": {
		"0": "yuy/p1",
		"1": "yuy/p2",
		"3": "yuy/heart",
		"particle": "yuy/p1"
	},
	"elements": [
		{
			"from": [5, 2, 4],
			"to": [11, 11, 13],
			"rotation": {"angle": 0, "axis": "y", "origin": [8.79295, 9.4, 8.60125]},
			"faces": {
				"north": {"uv": [2.25, 0, 3.75, 2.25], "texture": "#0"},
				"east": {"uv": [0, 0, 2.25, 2.25], "texture": "#0"},
				"south": {"uv": [2.25, 2.25, 3.75, 4.5], "texture": "#0"},
				"west": {"uv": [0, 2.25, 2.25, 4.5], "texture": "#0"},
				"up": {"uv": [5.25, 2.25, 3.75, 0], "texture": "#0"},
				"down": {"uv": [5.25, 2.25, 3.75, 4.5], "texture": "#0"}
			}
		},
		{
			"from": [11, 3, 5],
			"to": [11.3, 9, 12],
			"rotation": {"angle": 0, "axis": "y", "origin": [8.79295, 9.4, 8.60125]},
			"faces": {
				"north": {"uv": [5.5, 9, 5.75, 10.5], "texture": "#0"},
				"east": {"uv": [2.5, 4.5, 4.25, 6], "texture": "#0"},
				"south": {"uv": [5.75, 9, 6, 10.5], "texture": "#0"},
				"west": {"uv": [4.25, 4.5, 6, 6], "texture": "#0"},
				"up": {"uv": [9, 10.25, 8.75, 8.5], "texture": "#0"},
				"down": {"uv": [2.75, 9, 2.5, 10.75], "texture": "#0"}
			}
		},
		{
			"from": [11.1, 3, 7],
			"to": [11.4, 6, 10],
			"rotation": {"angle": 0, "axis": "y", "origin": [8.79295, 9.4, 8.60125]},
			"faces": {
				"north": {"uv": [6, 9, 6.25, 9.75], "texture": "#0"},
				"east": {"uv": [5.25, 3, 6, 3.75], "texture": "#0"},
				"south": {"uv": [1, 9.25, 1.25, 10], "texture": "#0"},
				"west": {"uv": [5.25, 3.75, 6, 4.5], "texture": "#0"},
				"up": {"uv": [2.5, 10, 2.25, 9.25], "texture": "#0"},
				"down": {"uv": [5, 9.25, 4.75, 10], "texture": "#0"}
			}
		},
		{
			"from": [6, 2.27784, 4.79462],
			"to": [10, 9.27784, 5.79462],
			"rotation": {"angle": 22.5, "axis": "x", "origin": [8.79295, 9.4, 8.60125]},
			"faces": {
				"north": {"uv": [1.5, 6.75, 2.5, 8.5], "texture": "#0"},
				"east": {"uv": [2.75, 9, 3, 10.75], "texture": "#0"},
				"south": {"uv": [7, 1, 8, 2.75], "texture": "#0"},
				"west": {"uv": [3, 9, 3.25, 10.75], "texture": "#0"},
				"up": {"uv": [10, 8, 9, 7.75], "texture": "#0"},
				"down": {"uv": [10, 8, 9, 8.25], "texture": "#0"}
			}
		},
		{
			"from": [6, 1.4353, 11.97311],
			"to": [10, 2.4353, 12.47311],
			"rotation": {"angle": -22.5, "axis": "x", "origin": [8.79295, 9.4, 8.60125]},
			"faces": {
				"north": {"uv": [9, 8.25, 10, 8.5], "texture": "#0"},
				"east": {"uv": [3.75, 7.75, 4, 8], "texture": "#0"},
				"south": {"uv": [9, 8.5, 10, 8.75], "texture": "#0"},
				"west": {"uv": [5, 8, 5.25, 8.25], "texture": "#0"},
				"up": {"uv": [10, 9, 9, 8.75], "texture": "#0"},
				"down": {"uv": [10, 9, 9, 9.25], "texture": "#0"}
			}
		},
		{
			"from": [6, 2.4353, 11.47311],
			"to": [10, 9.4353, 12.47311],
			"rotation": {"angle": -22.5, "axis": "x", "origin": [8.79295, 9.4, 8.60125]},
			"faces": {
				"north": {"uv": [7.25, 4.75, 8.25, 6.5], "texture": "#0"},
				"east": {"uv": [3.25, 9, 3.5, 10.75], "texture": "#0"},
				"south": {"uv": [7.5, 2.75, 8.5, 4.5], "texture": "#0"},
				"west": {"uv": [3.5, 9, 3.75, 10.75], "texture": "#0"},
				"up": {"uv": [1, 9.5, 0, 9.25], "texture": "#0"},
				"down": {"uv": [10.25, 1.75, 9.25, 2], "texture": "#0"}
			}
		},
		{
			"from": [6, 1.27784, 4.79462],
			"to": [10, 2.27784, 5.29462],
			"rotation": {"angle": 22.5, "axis": "x", "origin": [8.79295, 9.4, 8.60125]},
			"faces": {
				"north": {"uv": [9.25, 2, 10.25, 2.25], "texture": "#0"},
				"east": {"uv": [1.25, 8.25, 1.5, 8.5], "texture": "#0"},
				"south": {"uv": [9.25, 2.25, 10.25, 2.5], "texture": "#0"},
				"west": {"uv": [8.5, 6.5, 8.75, 6.75], "texture": "#0"},
				"up": {"uv": [10.25, 2.75, 9.25, 2.5], "texture": "#0"},
				"down": {"uv": [4.75, 9.25, 3.75, 9.5], "texture": "#0"}
			}
		},
		{
			"from": [7, 1.5, 5],
			"to": [11, 2, 8],
			"rotation": {"angle": 0, "axis": "y", "origin": [8.79295, 9.4, 8.60125]},
			"faces": {
				"north": {"uv": [6.75, 9.25, 7.75, 9.5], "texture": "#0"},
				"east": {"uv": [7.5, 4.5, 8.25, 4.75], "texture": "#0"},
				"south": {"uv": [7.75, 9.25, 8.75, 9.5], "texture": "#0"},
				"west": {"uv": [9.5, 3.25, 10.25, 3.5], "texture": "#0"},
				"up": {"uv": [9.5, 3.5, 8.5, 2.75], "texture": "#0"},
				"down": {"uv": [9.5, 3.5, 8.5, 4.25], "texture": "#0"}
			}
		},
		{
			"from": [11.89315, 2.45514, 6],
			"to": [14.39315, 2.95514, 7.3],
			"rotation": {"angle": -22.5, "axis": "z", "origin": [8.79295, 9.4, 8.60125]},
			"faces": {
				"north": {"uv": [9.5, 3.5, 10.25, 3.75], "texture": "#0"},
				"east": {"uv": [4.25, 9.75, 4.5, 10], "texture": "#0"},
				"south": {"uv": [3.75, 9.5, 4.5, 9.75], "texture": "#0"},
				"west": {"uv": [6, 9.75, 6.25, 10], "texture": "#0"},
				"up": {"uv": [10.25, 4, 9.5, 3.75], "texture": "#0"},
				"down": {"uv": [10.25, 4, 9.5, 4.25], "texture": "#0"}
			}
		},
		{
			"from": [7, 1.5, 9],
			"to": [11, 2, 12],
			"rotation": {"angle": 0, "axis": "y", "origin": [8.79295, 9.4, 8.60125]},
			"faces": {
				"north": {"uv": [9, 9.25, 10, 9.5], "texture": "#0"},
				"east": {"uv": [9.5, 4.5, 10.25, 4.75], "texture": "#0"},
				"south": {"uv": [0, 9.5, 1, 9.75], "texture": "#0"},
				"west": {"uv": [9.5, 4.75, 10.25, 5], "texture": "#0"},
				"up": {"uv": [7.75, 9.25, 6.75, 8.5], "texture": "#0"},
				"down": {"uv": [8.75, 8.5, 7.75, 9.25], "texture": "#0"}
			}
		},
		{
			"from": [11.89315, 2.45514, 10],
			"to": [14.39315, 2.95514, 11.3],
			"rotation": {"angle": -22.5, "axis": "z", "origin": [8.79295, 9.4, 8.60125]},
			"faces": {
				"north": {"uv": [9.5, 5, 10.25, 5.25], "texture": "#0"},
				"east": {"uv": [6.75, 9.75, 7, 10], "texture": "#0"},
				"south": {"uv": [9.5, 6.25, 10.25, 6.5], "texture": "#0"},
				"west": {"uv": [9.75, 6.75, 10, 7], "texture": "#0"},
				"up": {"uv": [10.25, 6.75, 9.5, 6.5], "texture": "#0"},
				"down": {"uv": [7.5, 9.5, 6.75, 9.75], "texture": "#0"}
			}
		},
		{
			"from": [6, 10, 4],
			"to": [11, 13, 13],
			"rotation": {"angle": 0, "axis": "y", "origin": [8.79295, 9.4, 8.60125]},
			"faces": {
				"north": {"uv": [8.25, 4.5, 9.5, 5.25], "texture": "#0"},
				"east": {"uv": [6.75, 7.75, 9, 8.5], "texture": "#0"},
				"south": {"uv": [5, 8.25, 6.25, 9], "texture": "#0"},
				"west": {"uv": [8, 1, 10.25, 1.75], "texture": "#0"},
				"up": {"uv": [1.25, 6.75, 0, 4.5], "texture": "#0"},
				"down": {"uv": [2.5, 4.5, 1.25, 6.75], "texture": "#0"}
			}
		},
		{
			"from": [7, 11, 4.5],
			"to": [12, 15, 12.5],
			"rotation": {"angle": 0, "axis": "y", "origin": [8.79295, 9.4, 8.60125]},
			"faces": {
				"north": {"uv": [8, 1.75, 9.25, 2.75], "texture": "#0"},
				"east": {"uv": [6.75, 6.75, 8.75, 7.75], "texture": "#0"},
				"south": {"uv": [0, 8.25, 1.25, 9.25], "texture": "#0"},
				"west": {"uv": [7, 0, 9, 1], "texture": "#0"},
				"up": {"uv": [5.25, 8, 4, 6], "texture": "#0"},
				"down": {"uv": [7.25, 4.75, 6, 6.75], "texture": "#0"}
			}
		},
		{
			"from": [7, 11.5, 5],
			"to": [13, 17, 12],
			"rotation": {"angle": 0, "axis": "y", "origin": [8.79295, 9.4, 8.60125]},
			"faces": {
				"north": {"uv": [0, 6.75, 1.5, 8.25], "texture": "#0"},
				"east": {"uv": [5.25, 0, 7, 1.5], "texture": "#0"},
				"south": {"uv": [5.25, 6.75, 6.75, 8.25], "texture": "#0"},
				"west": {"uv": [5.25, 1.5, 7, 3], "texture": "#0"},
				"up": {"uv": [4, 7.75, 2.5, 6], "texture": "#0"},
				"down": {"uv": [7.5, 3, 6, 4.75], "texture": "#0"}
			}
		},
		{
			"from": [8, 17, 6],
			"to": [13, 17.5, 11],
			"rotation": {"angle": 0, "axis": "y", "origin": [8.79295, 9.4, 8.60125]},
			"faces": {
				"north": {"uv": [7.25, 6.5, 8.5, 6.75], "texture": "#0"},
				"east": {"uv": [9, 0.25, 10.25, 0.5], "texture": "#0"},
				"south": {"uv": [9, 0.5, 10.25, 0.75], "texture": "#0"},
				"west": {"uv": [9, 0.75, 10.25, 1], "texture": "#0"},
				"up": {"uv": [3.75, 9, 2.5, 7.75], "texture": "#0"},
				"down": {"uv": [5, 8, 3.75, 9.25], "texture": "#0"}
			}
		},
		{
			"from": [11.3, 13.77571, 8],
			"to": [13.3, 14.27571, 9],
			"rotation": {"angle": -22.5, "axis": "z", "origin": [8.79295, 9.4, 8.60125]},
			"faces": {
				"north": {"uv": [7, 2.75, 7.5, 3], "texture": "#0"},
				"east": {"uv": [7, 9.75, 7.25, 10], "texture": "#0"},
				"south": {"uv": [8.25, 6.25, 8.75, 6.5], "texture": "#0"},
				"west": {"uv": [9.75, 7, 10, 7.25], "texture": "#0"},
				"up": {"uv": [10, 7.75, 9.5, 7.5], "texture": "#0"},
				"down": {"uv": [9.75, 9.5, 9.25, 9.75], "texture": "#0"}
			}
		},
		{
			"from": [13.69428, 10.7904, 8],
			"to": [15.69428, 11.2904, 9],
			"rotation": {"angle": 22.5, "axis": "z", "origin": [8.79295, 9.4, 8.60125]},
			"faces": {
				"north": {"uv": [0, 9.75, 0.5, 10], "texture": "#0"},
				"east": {"uv": [7.25, 9.75, 7.5, 10], "texture": "#0"},
				"south": {"uv": [0.5, 9.75, 1, 10], "texture": "#0"},
				"west": {"uv": [9.75, 7.25, 10, 7.5], "texture": "#0"},
				"up": {"uv": [2.25, 10, 1.75, 9.75], "texture": "#0"},
				"down": {"uv": [4.25, 9.75, 3.75, 10], "texture": "#0"}
			}
		},
		{
			"from": [1.77216, 4.3499, 5],
			"to": [3.77216, 5.8499, 12],
			"rotation": {"angle": 22.5, "axis": "z", "origin": [8.79295, 9.4, 8.60125]},
			"faces": {
				"north": {"uv": [1.75, 9.25, 2.25, 9.75], "texture": "#0"},
				"east": {"uv": [8.25, 5.25, 10, 5.75], "texture": "#0"},
				"south": {"uv": [9.5, 2.75, 10, 3.25], "texture": "#0"},
				"west": {"uv": [8.25, 5.75, 10, 6.25], "texture": "#0"},
				"up": {"uv": [6.75, 10, 6.25, 8.25], "texture": "#0"},
				"down": {"uv": [1.75, 8.5, 1.25, 10.25], "texture": "#0"}
			}
		},
		{
			"from": [0.77216, 4.3499, 5],
			"to": [1.77216, 5.3499, 12],
			"rotation": {"angle": 22.5, "axis": "z", "origin": [8.79295, 9.4, 8.60125]},
			"faces": {
				"north": {"uv": [10, 2.75, 10.25, 3], "texture": "#0"},
				"east": {"uv": [8.5, 4.25, 10.25, 4.5], "texture": "#0"},
				"south": {"uv": [10, 3, 10.25, 3.25], "texture": "#0"},
				"west": {"uv": [9, 0, 10.75, 0.25], "texture": "#0"},
				"up": {"uv": [5.25, 10.75, 5, 9], "texture": "#0"},
				"down": {"uv": [5.5, 9, 5.25, 10.75], "texture": "#0"}
			}
		},
		{
			"from": [12.75, 14.25, 10.25],
			"to": [13.25, 14.75, 10.75],
			"color": 3,
			"faces": {
				"north": {"uv": [0, 0, 0.5, 0.5], "texture": "#missing"},
				"east": {"uv": [0, 0, 0.5, 0.5], "texture": "#missing"},
				"south": {"uv": [0, 0, 0.5, 0.5], "texture": "#missing"},
				"west": {"uv": [0, 0, 0.5, 0.5], "texture": "#missing"},
				"up": {"uv": [0, 0, 0.5, 0.5], "texture": "#missing"},
				"down": {"uv": [0, 0, 0.5, 0.5], "texture": "#missing"}
			}
		},
		{
			"from": [12.75, 14.25, 10.25],
			"to": [13.25, 14.75, 10.75],
			"color": 3,
			"faces": {
				"north": {"uv": [0, 0, 0.5, 0.5], "texture": "#missing"},
				"east": {"uv": [0, 0, 0.5, 0.5], "texture": "#missing"},
				"south": {"uv": [0, 0, 0.5, 0.5], "texture": "#missing"},
				"west": {"uv": [0, 0, 0.5, 0.5], "texture": "#missing"},
				"up": {"uv": [0, 0, 0.5, 0.5], "texture": "#missing"},
				"down": {"uv": [0, 0, 0.5, 0.5], "texture": "#missing"}
			}
		},
		{
			"from": [13, 14, 10],
			"to": [13.2, 15, 11],
			"rotation": {"angle": 0, "axis": "y", "origin": [8.79295, 9.4, 8.60125]},
			"faces": {
				"north": {"uv": [9.25, 9.75, 9.5, 10], "texture": "#0"},
				"east": {"uv": [9.5, 9.75, 9.75, 10], "texture": "#0"},
				"south": {"uv": [9.75, 9.5, 10, 9.75], "texture": "#0"},
				"west": {"uv": [9.75, 9.75, 10, 10], "texture": "#0"},
				"up": {"uv": [0.25, 10.25, 0, 10], "texture": "#0"},
				"down": {"uv": [0.5, 10, 0.25, 10.25], "texture": "#0"}
			}
		},
		{
			"name": "2",
			"from": [12.75, 14.25, 6.25],
			"to": [13.25, 14.75, 6.75],
			"faces": {
				"north": {"uv": [0, 0, 1, 1], "texture": "#1"},
				"east": {"uv": [0, 1, 1, 2], "texture": "#1"},
				"south": {"uv": [1, 0, 2, 1], "texture": "#1"},
				"west": {"uv": [1, 1, 2, 2], "texture": "#1"},
				"up": {"uv": [1, 3, 0, 2], "texture": "#1"},
				"down": {"uv": [3, 0, 2, 1], "texture": "#1"}
			}
		},
		{
			"from": [13, 14, 6],
			"to": [13.2, 15, 7],
			"rotation": {"angle": 0, "axis": "y", "origin": [8.79295, 9.4, 8.60125]},
			"faces": {
				"north": {"uv": [9.25, 9.75, 9.5, 10], "texture": "#0"},
				"east": {"uv": [9.5, 9.75, 9.75, 10], "texture": "#0"},
				"south": {"uv": [9.75, 9.5, 10, 9.75], "texture": "#0"},
				"west": {"uv": [9.75, 9.75, 10, 10], "texture": "#0"},
				"up": {"uv": [0.25, 10.25, 0, 10], "texture": "#0"},
				"down": {"uv": [0.5, 10, 0.25, 10.25], "texture": "#0"}
			}
		},
		{
			"name": "1",
			"from": [12.75, 14.25, 10.25],
			"to": [13.25, 14.75, 10.75],
			"faces": {
				"north": {"uv": [0, 1, 1, 2], "texture": "#missing"},
				"east": {"uv": [0, 1, 1, 2], "texture": "#1"},
				"south": {"uv": [0, 1, 1, 2], "texture": "#missing"},
				"west": {"uv": [0, 1, 1, 2], "texture": "#missing"},
				"up": {"uv": [0, 1, 1, 2], "texture": "#missing"},
				"down": {"uv": [1, 0, 2, 1], "texture": "#missing"}
			}
		},
		{
			"from": [11.4, 21.2, 9.5],
			"to": [12.4, 22.2, 11],
			"rotation": {"angle": 0, "axis": "y", "origin": [-0.6, -0.8, 0]},
			"faces": {
				"north": {"uv": [2, 4, 5, 7], "texture": "#3"},
				"east": {"uv": [2.5, 7, 6, 10], "texture": "#3"},
				"south": {"uv": [8, 10, 11, 13], "texture": "#3"},
				"west": {"uv": [2, 10, 5.5, 13], "texture": "#3"},
				"up": {"uv": [6, 6, 9, 9.5], "texture": "#3"},
				"down": {"uv": [6, 8, 9, 11.5], "texture": "#3"}
			}
		},
		{
			"from": [11.4, 21.2, 6],
			"to": [12.4, 22.2, 7.5],
			"rotation": {"angle": 0, "axis": "y", "origin": [-0.6, -0.8, 0]},
			"faces": {
				"north": {"uv": [2, 4, 5, 7], "texture": "#3"},
				"east": {"uv": [12, 4, 15.5, 7], "texture": "#3"},
				"south": {"uv": [6, 6, 9, 9], "texture": "#3"},
				"west": {"uv": [2, 10, 5.5, 13], "texture": "#3"},
				"up": {"uv": [6, 2, 9, 5.5], "texture": "#3"},
				"down": {"uv": [8, 10, 11, 13.5], "texture": "#3"}
			}
		},
		{
			"from": [11.4, 15.815, 17.08],
			"to": [12.4, 16.815, 17.58],
			"rotation": {"angle": -22.5, "axis": "x", "origin": [-0.6, -0.8, 0]},
			"faces": {
				"north": {"uv": [2, 4, 5, 7], "texture": "#3"},
				"east": {"uv": [12, 4, 14.5, 7], "texture": "#3"},
				"south": {"uv": [6, 6, 9, 9], "texture": "#3"},
				"west": {"uv": [2, 10, 4.5, 13], "texture": "#3"},
				"up": {"uv": [6, 2, 9, 4.5], "texture": "#3"},
				"down": {"uv": [8, 10, 11, 12.5], "texture": "#3"}
			}
		},
		{
			"from": [11.4, 22.32, -1.87],
			"to": [12.4, 23.32, -1.37],
			"rotation": {"angle": 22.5, "axis": "x", "origin": [-0.6, -0.8, 0]},
			"faces": {
				"north": {"uv": [2, 4, 5, 7], "rotation": 180, "texture": "#3"},
				"east": {"uv": [12, 4, 14.5, 7], "rotation": 180, "texture": "#3"},
				"south": {"uv": [6, 6, 9, 9], "rotation": 180, "texture": "#3"},
				"west": {"uv": [2, 10, 4.5, 13], "rotation": 180, "texture": "#3"},
				"up": {"uv": [6, 2, 9, 4.5], "texture": "#3"},
				"down": {"uv": [8, 10, 11, 12.5], "texture": "#3"}
			}
		},
		{
			"from": [11.4, 5.78, 23.42],
			"to": [12.4, 6.78, 24.42],
			"rotation": {"angle": -45, "axis": "x", "origin": [-0.6, -0.8, 0]},
			"faces": {
				"north": {"uv": [6, 8, 9, 11], "rotation": 180, "texture": "#3"},
				"east": {"uv": [6, 8, 9, 11], "rotation": 90, "texture": "#3"},
				"south": {"uv": [6, 6, 9, 9], "texture": "#3"},
				"west": {"uv": [4, 8, 7, 11], "rotation": 270, "texture": "#3"},
				"up": {"uv": [6, 4, 9, 7], "texture": "#3"},
				"down": {"uv": [6, 8, 9, 11], "rotation": 180, "texture": "#3"}
			}
		},
		{
			"from": [11.4, 23.66, 1.35],
			"to": [12.4, 24.66, 2.35],
			"rotation": {"angle": 22.5, "axis": "x", "origin": [-0.6, -0.8, 0]},
			"faces": {
				"north": {"uv": [4, 8, 7, 11], "texture": "#3"},
				"east": {"uv": [8, 8, 11, 11], "texture": "#3"},
				"south": {"uv": [6, 6, 9, 9], "texture": "#3"},
				"west": {"uv": [4, 8, 7, 11], "texture": "#3"},
				"up": {"uv": [6, 6, 9, 9], "texture": "#3"},
				"down": {"uv": [6, 6, 9, 9], "texture": "#3"}
			}
		},
		{
			"from": [11.4, 20.73, -9.74],
			"to": [12.4, 21.73, -8.74],
			"rotation": {"angle": 45, "axis": "x", "origin": [-0.6, -0.8, 0]},
			"faces": {
				"north": {"uv": [2, 4, 5, 7], "rotation": 180, "texture": "#3"},
				"east": {"uv": [12, 4, 15, 7], "rotation": 90, "texture": "#3"},
				"south": {"uv": [6, 6, 9, 9], "texture": "#3"},
				"west": {"uv": [2, 10, 5, 13], "rotation": 270, "texture": "#3"},
				"up": {"uv": [6, 2, 9, 5], "texture": "#3"},
				"down": {"uv": [8, 10, 11, 13], "rotation": 180, "texture": "#3"}
			}
		},
		{
			"from": [11.4, 7.94, 20.76],
			"to": [12.4, 9.7, 21.76],
			"rotation": {"angle": -45, "axis": "x", "origin": [-0.6, -0.8, 0]},
			"faces": {
				"north": {"uv": [4, 4, 7, 7.76], "rotation": 180, "texture": "#3"},
				"east": {"uv": [10, 6, 13.76, 9], "rotation": 90, "texture": "#3"},
				"south": {"uv": [6, 4, 9, 7.76], "texture": "#3"},
				"west": {"uv": [2, 10, 5.76, 13], "rotation": 270, "texture": "#3"},
				"up": {"uv": [6, 8, 9, 11], "texture": "#3"},
				"down": {"uv": [6, 6, 9, 9], "rotation": 180, "texture": "#3"}
			}
		},
		{
			"from": [11.4, 17.15, 13.34],
			"to": [12.4, 18.15, 14.34],
			"rotation": {"angle": -22.5, "axis": "x", "origin": [-0.6, -0.8, 0]},
			"faces": {
				"north": {"uv": [4, 8, 7, 11], "texture": "#3"},
				"east": {"uv": [10, 6, 13, 9], "texture": "#3"},
				"south": {"uv": [12, 10, 15, 13], "texture": "#3"},
				"west": {"uv": [4, 12, 7, 15], "texture": "#3"},
				"up": {"uv": [6, 4, 9, 7], "texture": "#3"},
				"down": {"uv": [8, 10, 11, 13], "texture": "#3"}
			}
		},
		{
			"from": [11.4, 14.87, 11.12],
			"to": [12.4, 15.37, 12.12],
			"rotation": {"angle": -22.5, "axis": "x", "origin": [-0.6, -1.1, 0]},
			"faces": {
				"north": {"uv": [2, 4, 5, 6.5], "texture": "#3"},
				"east": {"uv": [12, 4, 15, 6.5], "texture": "#3"},
				"south": {"uv": [6, 6, 9, 8.5], "texture": "#3"},
				"west": {"uv": [2, 10, 5, 12.5], "texture": "#3"},
				"up": {"uv": [6, 2, 9, 5], "texture": "#3"},
				"down": {"uv": [8, 10, 11, 13], "texture": "#3"}
			}
		},
		{
			"from": [11.4, 21.2, 3.61],
			"to": [12.4, 21.7, 4.61],
			"rotation": {"angle": 22.5, "axis": "x", "origin": [-0.6, -1.1, 0]},
			"faces": {
				"north": {"uv": [2, 4, 5, 6.5], "texture": "#3"},
				"east": {"uv": [12, 4, 15, 6.5], "texture": "#3"},
				"south": {"uv": [6, 6, 9, 8.5], "texture": "#3"},
				"west": {"uv": [2, 10, 5, 12.5], "texture": "#3"},
				"up": {"uv": [6, 2, 9, 5], "texture": "#3"},
				"down": {"uv": [8, 10, 11, 13], "texture": "#3"}
			}
		},
		{
			"from": [11.4, 10.61, 18.56],
			"to": [12.4, 11.61, 19.56],
			"rotation": {"angle": -45, "axis": "x", "origin": [-0.6, -0.8, 0]},
			"faces": {
				"north": {"uv": [6, 6, 9, 9], "texture": "#3"},
				"east": {"uv": [8, 8, 11, 11], "texture": "#3"},
				"south": {"uv": [12, 8, 15, 11], "texture": "#3"},
				"west": {"uv": [2, 12, 5, 15], "texture": "#3"},
				"up": {"uv": [4, 6, 7, 9], "texture": "#3"},
				"down": {"uv": [4, 8, 7, 11], "texture": "#3"}
			}
		},
		{
			"from": [11.4, 5.63, 16.52],
			"to": [12.4, 9.33, 17.52],
			"rotation": {"angle": -45, "axis": "x", "origin": [-0.6, -1.3, 0]},
			"faces": {
				"north": {"uv": [4, 4, 7, 9.7], "texture": "#3"},
				"east": {"uv": [8, 6, 11, 11.7], "texture": "#3"},
				"south": {"uv": [6, 6, 9, 11.7], "texture": "#3"},
				"west": {"uv": [4, 6, 7, 11.7], "texture": "#3"},
				"up": {"uv": [8, 4, 11, 7], "texture": "#3"},
				"down": {"uv": [4, 8, 9, 11], "texture": "#3"}
			}
		},
		{
			"from": [11.4, 3.12, 18.79],
			"to": [12.4, 4.12, 22.49],
			"rotation": {"angle": -45, "axis": "x", "origin": [-0.6, -1.3, 0]},
			"faces": {
				"north": {"uv": [2, 4, 5, 7], "rotation": 180, "texture": "#3"},
				"east": {"uv": [12, 4, 15, 9.7], "rotation": 90, "texture": "#3"},
				"south": {"uv": [6, 6, 9, 9], "texture": "#3"},
				"west": {"uv": [2, 10, 5, 15.7], "rotation": 270, "texture": "#3"},
				"up": {"uv": [6, 2, 9, 7.7], "texture": "#3"},
				"down": {"uv": [8, 10, 11, 15.7], "rotation": 180, "texture": "#3"}
			}
		},
		{
			"from": [11.4, 20.1, -4.36],
			"to": [12.4, 21.1, -3.36],
			"rotation": {"angle": 22.5, "axis": "x", "origin": [-0.6, -0.8, 0]},
			"faces": {
				"north": {"uv": [2, 4, 5, 7], "texture": "#3"},
				"east": {"uv": [12, 4, 15, 7], "texture": "#3"},
				"south": {"uv": [6, 6, 9, 9], "texture": "#3"},
				"west": {"uv": [2, 10, 5, 13], "texture": "#3"},
				"up": {"uv": [6, 2, 9, 5], "texture": "#3"},
				"down": {"uv": [8, 10, 11, 13], "texture": "#3"}
			}
		},
		{
			"from": [11.4, 13.63, 19.04],
			"to": [12.4, 14.63, 20.04],
			"rotation": {"angle": -22.5, "axis": "x", "origin": [-0.6, -0.8, 0]},
			"faces": {
				"north": {"uv": [4, 6, 7, 9], "texture": "#3"},
				"east": {"uv": [8, 6, 11, 9], "texture": "#3"},
				"south": {"uv": [6, 6, 9, 9], "texture": "#3"},
				"west": {"uv": [4, 8, 7, 11], "texture": "#3"},
				"up": {"uv": [8, 10, 11, 13], "texture": "#3"},
				"down": {"uv": [6, 6, 9, 9], "texture": "#3"}
			}
		},
		{
			"from": [11.4, 18.37, 3.97],
			"to": [12.4, 20.17, 4.97],
			"rotation": {"angle": 0, "axis": "y", "origin": [-0.6, -1.3, 0]},
			"faces": {
				"north": {"uv": [6, 6, 9, 9.8], "texture": "#3"},
				"east": {"uv": [10, 6, 13, 9.8], "texture": "#3"},
				"south": {"uv": [6, 10, 9, 13.8], "texture": "#3"},
				"west": {"uv": [6, 8, 9, 11.8], "texture": "#3"},
				"up": {"uv": [6, 6, 9, 9], "texture": "#3"},
				"down": {"uv": [8, 6, 11, 9], "texture": "#3"}
			}
		},
		{
			"from": [11.4, 18.2, 11.99],
			"to": [12.4, 20.2, 12.99],
			"rotation": {"angle": 0, "axis": "y", "origin": [-0.6, -1.3, 0]},
			"faces": {
				"north": {"uv": [4, 6, 7, 10], "texture": "#3"},
				"east": {"uv": [8, 8, 11, 12], "texture": "#3"},
				"south": {"uv": [6, 6, 9, 10], "texture": "#3"},
				"west": {"uv": [4, 8, 7, 12], "texture": "#3"},
				"up": {"uv": [6, 6, 9, 9], "texture": "#3"},
				"down": {"uv": [6, 10, 9, 13], "texture": "#3"}
			}
		}
	],
	"display": {
		"thirdperson_righthand": {
			"translation": [0, 0, -0.5],
			"scale": [0.72461, 0.57617, 0.60938]
		},
		"thirdperson_lefthand": {
			"rotation": [118.33, -87.31, 46.53],
			"scale": [0.72461, 0.57617, 0.60938]
		},
		"firstperson_righthand": {
			"rotation": [-30, -118, -1],
			"translation": [0, -2.75, 0]
		},
		"firstperson_lefthand": {
			"rotation": [115, 126, -180]
		},
		"ground": {
			"translation": [0, 3.75, 0]
		},
		"gui": {
			"rotation": [0, -88.5, 0],
			"translation": [0.25, -1, 0],
			"scale": [1, 0.79492, 0.86523]
		},
		"head": {
			"rotation": [0, 87, 0],
			"translation": [-1, 14.5, 0]
		},
		"fixed": {
			"rotation": [-180, 88.25, -180],
			"translation": [0, -1.5, 0.75]
		}
	},
	"groups": [
		{
			"name": "group",
			"origin": [4, 2.625, 8.5],
			"color": 0,
			"children": [0, 1, 2, 3, 4, 5, 6, 7, 8, 9, 10, 11, 12, 13, 14, 15, 16, 17, 18, 19, 20, 21, 22, 23, 24]
		},
		25,
		26,
		27,
		28,
		29,
		30,
		31,
		32,
		33,
		34,
		35,
		36,
		37,
		38,
		39,
		40,
		41,
		42
	]
}