{
	"credit": "Made with Blockbench",
	"textures": {
		"1": "yuy/i1",
		"2": "yuy/i2",
		"particle": "yuy/i1"
	},
	"elements": [
		{
			"from": [7.5, -7.3, 4.5],
			"to": [10.5, -6.9, 7.5],
			"faces": {
				"north": {"uv": [4.0198, 3.12871, 7.0198, 3.52871], "texture": "#1"},
				"east": {"uv": [6.12525, 2.73879, 8.41238, 6.62394], "texture": "#1"},
				"south": {"uv": [0.04197, 10.4679, 3.04197, 5.40448], "texture": "#1"},
				"west": {"uv": [4.10027, 16, 11.10027, 14.4], "texture": "#1"},
				"up": {"uv": [8.50466, 9.96753, 11.50466, 12.96753], "texture": "#1"},
				"down": {"uv": [7.32673, 5.70297, 10.32673, 8.70297], "texture": "#1"}
			}
		},
		{
			"from": [8, 7.5, 8.8],
			"to": [10, 9.5, 9.2],
			"rotation": {"angle": -45, "axis": "x", "origin": [9, 6.5, 8]},
			"faces": {
				"north": {"uv": [0, 0, 2, 2], "texture": "#1"},
				"east": {"uv": [0, 0, 0.4, 2], "texture": "#1"},
				"south": {"uv": [11.44715, 7.84824, 13.44715, 9.84824], "texture": "#1"},
				"west": {"uv": [0, 0, 0.4, 2], "texture": "#1"},
				"up": {"uv": [0, 0, 2, 0.4], "texture": "#1"},
				"down": {"uv": [0, 0, 2, 0.4], "texture": "#1"}
			}
		},
		{
			"from": [8, -7, 5],
			"to": [10, 9, 7],
			"faces": {
				"north": {"uv": [0, 5.95935, 2, 14.95935], "texture": "#1"},
				"east": {"uv": [7.50883, 0, 11.40379, 9.34688], "texture": "#1"},
				"south": {"uv": [6.33062, 0.95213, 8.33062, 9.95213], "texture": "#1"},
				"west": {"uv": [12.25474, 9.68109, 13.61518, 14.85995], "texture": "#1"},
				"up": {"uv": [1.12737, 1.38753, 3.12737, 3.38753], "texture": "#1"},
				"down": {"uv": [13.62162, 14, 15.62162, 16], "texture": "#1"}
			}
		},
		{
			"from": [8, 9, 8],
			"to": [10, 11, 10],
			"rotation": {"angle": 45, "axis": "x", "origin": [9, 13, 6]},
			"faces": {
				"north": {"uv": [0, 0, 2, 2], "texture": "#1"},
				"east": {"uv": [0, 0.26016, 7.07317, 5.9458], "texture": "#1"},
				"south": {"uv": [0, 0, 2, 2], "texture": "#1"},
				"west": {"uv": [0, 0, 2, 2], "texture": "#1"},
				"up": {"uv": [0, 0, 2, 2], "texture": "#1"},
				"down": {"uv": [0, 0, 2, 2], "texture": "#1"}
			}
		},
		{
			"from": [8, 12, 5],
			"to": [10, 14, 7],
			"rotation": {"angle": -45, "axis": "x", "origin": [9, 13, 6]},
			"faces": {
				"north": {"uv": [0, 0, 2, 2], "texture": "#1"},
				"east": {"uv": [0, 1.20191, 13.23035, 11.70056], "texture": "#1"},
				"south": {"uv": [0, 0, 2, 2], "texture": "#1"},
				"west": {"uv": [0, 0, 2, 2], "texture": "#1"},
				"up": {"uv": [0, 0, 2, 2], "texture": "#1"},
				"down": {"uv": [6.33663, 6.61386, 8.33663, 8.61386], "texture": "#1"}
			}
		},
		{
			"from": [8.5, 10.00002, 4],
			"to": [9.5, 11.00002, 10],
			"rotation": {"angle": 45, "axis": "x", "origin": [9, 10.50002, 8.49998]},
			"faces": {
				"north": {"uv": [0, 0, 1, 1], "texture": "#1"},
				"east": {"uv": [0, 0.26016, 11.07317, 4.9458], "texture": "#1"},
				"south": {"uv": [0, 0, 1, 1], "texture": "#1"},
				"west": {"uv": [0, 0, 6, 1], "texture": "#1"},
				"up": {"uv": [0, 0, 1, 6], "texture": "#1"},
				"down": {"uv": [0, 0, 1, 6], "texture": "#1"}
			}
		},
		{
			"from": [8.5, 12, 5],
			"to": [9.5, 18, 6],
			"rotation": {"angle": 45, "axis": "x", "origin": [9, 12, 6.5]},
			"faces": {
				"north": {"uv": [0, 0, 1, 6], "rotation": 180, "texture": "#1"},
				"east": {"uv": [0, 0, 11.07317, 4.68564], "rotation": 90, "texture": "#1"},
				"south": {"uv": [0.69377, 1.21409, 1.69377, 7.21409], "texture": "#1"},
				"west": {"uv": [0, 0, 6, 1], "rotation": 270, "texture": "#1"},
				"up": {"uv": [0, 0, 1, 1], "texture": "#1"},
				"down": {"uv": [0, 0, 1, 1], "rotation": 180, "texture": "#1"}
			}
		},
		{
			"from": [8.5, 14.12132, 0.87868],
			"to": [9.5, 15.12132, 7.87868],
			"rotation": {"angle": 45, "axis": "x", "origin": [9, 14.62132, 4.37868]},
			"faces": {
				"north": {"uv": [0, 0, 1, 1], "rotation": 180, "texture": "#1"},
				"east": {"uv": [0, 0.26016, 12.07317, 4.9458], "rotation": 180, "texture": "#1"},
				"south": {"uv": [0, 0, 1, 1], "rotation": 180, "texture": "#1"},
				"west": {"uv": [0, 0, 7, 1], "rotation": 180, "texture": "#1"},
				"up": {"uv": [0, 0, 1, 7], "texture": "#1"},
				"down": {"uv": [0, 0, 1, 7], "texture": "#1"}
			}
		},
		{
			"from": [8.5, 7.5, 5.5],
			"to": [9.5, 12.5, 6.5],
			"rotation": {"angle": 45, "axis": "x", "origin": [9, 13, 6.5]},
			"faces": {
				"north": {"uv": [0, 0, 1, 5], "rotation": 180, "texture": "#1"},
				"east": {"uv": [0, 0.26016, 10.07317, 4.9458], "rotation": 270, "texture": "#1"},
				"south": {"uv": [0, 0, 1, 5], "texture": "#1"},
				"west": {"uv": [0, 0, 5, 1], "rotation": 90, "texture": "#1"},
				"up": {"uv": [0, 0, 1, 1], "rotation": 180, "texture": "#1"},
				"down": {"uv": [0, 0, 1, 1], "texture": "#1"}
			}
		},
		{
			"from": [8.5, 13.5, 13.5],
			"to": [9.5, 15.5, 14.5],
			"rotation": {"angle": 45, "axis": "x", "origin": [9, 18.5, 6]},
			"faces": {
				"north": {"uv": [0, 0, 1, 2], "rotation": 180, "texture": "#1"},
				"east": {"uv": [0, 0.26016, 7.07317, 4.9458], "rotation": 270, "texture": "#1"},
				"south": {"uv": [0, 0, 1, 2], "texture": "#1"},
				"west": {"uv": [0, 0, 2, 1], "rotation": 90, "texture": "#1"},
				"up": {"uv": [0, 0, 1, 1], "rotation": 180, "texture": "#1"},
				"down": {"uv": [0, 0, 1, 1], "texture": "#1"}
			}
		},
		{
			"from": [8.5, 5.51472, 3.82843],
			"to": [9.5, 6.51472, 5.82843],
			"rotation": {"angle": 45, "axis": "x", "origin": [9, 10.01472, 8.82843]},
			"faces": {
				"north": {"uv": [0, 0, 1, 1], "rotation": 180, "texture": "#1"},
				"east": {"uv": [0, 0.26016, 7.07317, 4.9458], "rotation": 180, "texture": "#1"},
				"south": {"uv": [0, 0, 1, 1], "rotation": 180, "texture": "#1"},
				"west": {"uv": [0, 0, 2, 1], "rotation": 180, "texture": "#1"},
				"up": {"uv": [0, 0, 1, 2], "texture": "#1"},
				"down": {"uv": [0, 0, 1, 2], "texture": "#1"}
			}
		},
		{
			"from": [8.5, 18, 5],
			"to": [9.5, 19, 7],
			"faces": {
				"north": {"uv": [0, 0, 1, 1], "texture": "#1"},
				"east": {"uv": [0, 0.26016, 7.07317, 4.9458], "texture": "#1"},
				"south": {"uv": [0, 0, 1, 1], "texture": "#1"},
				"west": {"uv": [0, 0, 2, 1], "texture": "#1"},
				"up": {"uv": [0, 0, 1, 2], "texture": "#1"},
				"down": {"uv": [0, 0, 1, 2], "texture": "#1"}
			}
		},
		{
			"from": [8.5, 18, 5],
			"to": [9.5, 19, 7],
			"faces": {
				"north": {"uv": [0, 0, 1, 1], "texture": "#1"},
				"east": {"uv": [0, 0.26016, 7.07317, 4.9458], "texture": "#1"},
				"south": {"uv": [0, 0, 1, 1], "texture": "#1"},
				"west": {"uv": [0, 0, 2, 1], "texture": "#1"},
				"up": {"uv": [0, 0, 1, 2], "texture": "#1"},
				"down": {"uv": [0, 0, 1, 2], "texture": "#1"}
			}
		},
		{
			"from": [8.5, 18, -2],
			"to": [9.5, 19, 3],
			"rotation": {"angle": -45, "axis": "x", "origin": [9, 18.5, 6]},
			"faces": {
				"north": {"uv": [0, 0, 1, 1], "texture": "#1"},
				"east": {"uv": [0, 0.26016, 10.07317, 4.9458], "texture": "#1"},
				"south": {"uv": [0, 0, 1, 1], "texture": "#1"},
				"west": {"uv": [0, 0, 5, 1], "texture": "#1"},
				"up": {"uv": [0, 0, 1, 5], "texture": "#1"},
				"down": {"uv": [0, 0, 1, 5], "texture": "#1"}
			}
		},
		{
			"from": [8.5, 18, 5],
			"to": [9.5, 19, 7],
			"faces": {
				"north": {"uv": [0, 0, 1, 1], "texture": "#1"},
				"east": {"uv": [0, 0.26016, 7.07317, 4.9458], "texture": "#1"},
				"south": {"uv": [0, 0, 1, 1], "texture": "#1"},
				"west": {"uv": [0, 0, 2, 1], "texture": "#1"},
				"up": {"uv": [0, 0, 1, 2], "texture": "#1"},
				"down": {"uv": [0, 0, 1, 2], "texture": "#1"}
			}
		},
		{
			"from": [8.5, 18, 9],
			"to": [9.5, 19, 14],
			"rotation": {"angle": 45, "axis": "x", "origin": [9, 18.5, 6]},
			"faces": {
				"north": {"uv": [0, 0, 1, 1], "texture": "#1"},
				"east": {"uv": [0, 0.26016, 10.07317, 4.9458], "texture": "#1"},
				"south": {"uv": [0, 0, 1, 1], "texture": "#1"},
				"west": {"uv": [0, 0, 5, 1], "texture": "#1"},
				"up": {"uv": [0, 0, 1, 5], "texture": "#1"},
				"down": {"uv": [0, 0, 1, 5], "texture": "#1"}
			}
		},
		{
			"from": [8, 12, 5],
			"to": [10, 14, 7],
			"rotation": {"angle": 45, "axis": "x", "origin": [9, 13, 6]},
			"faces": {
				"north": {"uv": [0, 0, 2, 2], "texture": "#1"},
				"east": {"uv": [0, 0.26016, 7.07317, 5.9458], "texture": "#1"},
				"south": {"uv": [0, 0, 2, 2], "texture": "#1"},
				"west": {"uv": [0, 0, 2, 2], "texture": "#1"},
				"up": {"uv": [0, 0, 2, 2], "texture": "#1"},
				"down": {"uv": [0, 0, 2, 2], "texture": "#1"}
			}
		},
		{
			"from": [8, 19, 8],
			"to": [10, 21, 8.4],
			"rotation": {"angle": 45, "axis": "x", "origin": [9, 23, 6]},
			"faces": {
				"north": {"uv": [0, 0, 2, 2], "texture": "#1"},
				"east": {"uv": [0, 0.26016, 5.47317, 5.9458], "texture": "#1"},
				"south": {"uv": [0, 0, 2, 2], "texture": "#1"},
				"west": {"uv": [0, 0, 0.4, 2], "texture": "#1"},
				"up": {"uv": [0, 0, 2, 0.4], "texture": "#1"},
				"down": {"uv": [0, 0, 2, 0.4], "texture": "#1"}
			}
		},
		{
			"from": [8, 18.5, 8.8],
			"to": [10, 20.5, 9.2],
			"rotation": {"angle": -45, "axis": "x", "origin": [9, 16.5, 8]},
			"faces": {
				"north": {"uv": [0, 0, 2, 2], "texture": "#1"},
				"east": {"uv": [0, 0.26016, 5.47317, 5.9458], "texture": "#1"},
				"south": {"uv": [0, 0, 2, 2], "texture": "#1"},
				"west": {"uv": [0, 0, 0.4, 2], "texture": "#1"},
				"up": {"uv": [0, 0, 2, 0.4], "texture": "#1"},
				"down": {"uv": [0, 0, 2, 0.4], "texture": "#1"}
			}
		},
		{
			"from": [8, 16.53094, 8.60104],
			"to": [10, 16.93094, 10.60104],
			"rotation": {"angle": 45, "axis": "x", "origin": [9, 16.32574, 10.01005]},
			"faces": {
				"north": {"uv": [0, 0, 2, 0.4], "rotation": 180, "texture": "#1"},
				"east": {"uv": [0, 0.26016, 5.47317, 5.9458], "rotation": 270, "texture": "#1"},
				"south": {"uv": [0, 0, 2, 0.4], "texture": "#1"},
				"west": {"uv": [0, 0, 0.4, 2], "rotation": 90, "texture": "#1"},
				"up": {"uv": [0, 0, 2, 2], "rotation": 180, "texture": "#1"},
				"down": {"uv": [0, 0, 2, 2], "texture": "#1"}
			}
		},
		{
			"from": [8, 11.92053, 10.21906],
			"to": [10, 16.92053, 10.61906],
			"rotation": {"angle": 45, "axis": "x", "origin": [9, 16.32574, 10.01005]},
			"faces": {
				"north": {"uv": [2.47154, 1.43089, 4.47154, 6.43089], "texture": "#1"},
				"east": {"uv": [1.38753, 7.31436, 6.8607, 16], "texture": "#1"},
				"south": {"uv": [6.2439, 3.729, 8.2439, 8.729], "texture": "#1"},
				"west": {"uv": [0.52033, 1.43089, 0.92033, 6.43089], "texture": "#1"},
				"up": {"uv": [0, 0, 2, 0.4], "texture": "#1"},
				"down": {"uv": [0, 0, 2, 0.4], "texture": "#1"}
			}
		},
		{
			"from": [8, 16.75061, 8.07071],
			"to": [10, 17.15061, 10.07071],
			"rotation": {"angle": 45, "axis": "x", "origin": [9, 15.79541, 9.47972]},
			"faces": {
				"north": {"uv": [0, 0, 2, 0.4], "rotation": 180, "texture": "#1"},
				"east": {"uv": [0, 0.26016, 5.47317, 5.9458], "rotation": 270, "texture": "#1"},
				"south": {"uv": [0, 0, 2, 0.4], "texture": "#1"},
				"west": {"uv": [0, 0, 0.4, 2], "rotation": 90, "texture": "#1"},
				"up": {"uv": [0, 0, 2, 2], "rotation": 180, "texture": "#1"},
				"down": {"uv": [0, 0, 2, 2], "texture": "#1"}
			}
		},
		{
			"from": [8, 12.1402, 9.68873],
			"to": [10, 17.1402, 10.08873],
			"rotation": {"angle": 45, "axis": "x", "origin": [9, 15.79541, 9.47972]},
			"faces": {
				"north": {"uv": [0, 0, 2, 5], "texture": "#1"},
				"east": {"uv": [0, 0.26016, 5.47317, 8.9458], "texture": "#1"},
				"south": {"uv": [0, 0, 2, 5], "texture": "#1"},
				"west": {"uv": [0, 0, 0.4, 5], "texture": "#1"},
				"up": {"uv": [0, 0, 2, 0.4], "texture": "#1"},
				"down": {"uv": [0, 0, 2, 0.4], "texture": "#1"}
			}
		},
		{
			"from": [8, 10.2, 1.3],
			"to": [10, 16.7, 1.7],
			"rotation": {"angle": -45, "axis": "x", "origin": [9, 16.32574, 2.01005]},
			"faces": {
				"north": {"uv": [3.42547, 3.29539, 5.42547, 9.79539], "texture": "#1"},
				"east": {"uv": [0, 0.26016, 5.47317, 10.4458], "texture": "#1"},
				"south": {"uv": [0, 0, 2, 6.5], "texture": "#1"},
				"west": {"uv": [0, 0, 0.4, 6.5], "texture": "#1"},
				"up": {"uv": [0, 0, 2, 0.4], "texture": "#1"},
				"down": {"uv": [0, 0, 2, 0.4], "texture": "#1"}
			}
		},
		{
			"from": [9.2, 4, 5],
			"to": [10.2, 5, 6],
			"rotation": {"angle": 45, "axis": "x", "origin": [10, 4.5, 5.5]},
			"faces": {
				"north": {"uv": [0, 0, 1, 1], "texture": "#2"},
				"east": {"uv": [0, 0, 1, 1], "texture": "#2"},
				"south": {"uv": [0, 0, 1, 1], "texture": "#2"},
				"west": {"uv": [0, 0, 1, 1], "texture": "#2"},
				"up": {"uv": [0, 0, 1, 1], "texture": "#2"},
				"down": {"uv": [0, 0, 1, 1], "texture": "#2"}
			}
		},
		{
			"from": [9.2, -4, 13],
			"to": [10.2, -3, 14],
			"rotation": {"angle": 45, "axis": "x", "origin": [10, 4.5, 5.5]},
			"faces": {
				"north": {"uv": [0, 0, 1, 1], "texture": "#2"},
				"east": {"uv": [0, 0, 1, 1], "texture": "#2"},
				"south": {"uv": [0, 0, 1, 1], "texture": "#2"},
				"west": {"uv": [0, 0, 1, 1], "texture": "#2"},
				"up": {"uv": [0, 0, 1, 1], "texture": "#2"},
				"down": {"uv": [0, 0, 1, 1], "texture": "#2"}
			}
		},
		{
			"from": [9.2, -2, 11],
			"to": [10.2, -1, 12],
			"rotation": {"angle": 45, "axis": "x", "origin": [10, 4.5, 5.5]},
			"faces": {
				"north": {"uv": [0, 0, 1, 1], "texture": "#2"},
				"east": {"uv": [0, 0, 1, 1], "texture": "#2"},
				"south": {"uv": [0, 0, 1, 1], "texture": "#2"},
				"west": {"uv": [0, 0, 1, 1], "texture": "#2"},
				"up": {"uv": [0, 0, 1, 1], "texture": "#2"},
				"down": {"uv": [0, 0, 1, 1], "texture": "#2"}
			}
		},
		{
			"from": [9.2, 0, 9],
			"to": [10.2, 1, 10],
			"rotation": {"angle": 45, "axis": "x", "origin": [10, 4.5, 5.5]},
			"faces": {
				"north": {"uv": [0, 0, 1, 1], "texture": "#2"},
				"east": {"uv": [0, 0, 1, 1], "texture": "#2"},
				"south": {"uv": [0, 0, 1, 1], "texture": "#2"},
				"west": {"uv": [0, 0, 1, 1], "texture": "#2"},
				"up": {"uv": [0, 0, 1, 1], "texture": "#2"},
				"down": {"uv": [0, 0, 1, 1], "texture": "#2"}
			}
		},
		{
			"from": [9.2, 2, 7],
			"to": [10.2, 3, 8],
			"rotation": {"angle": 45, "axis": "x", "origin": [10, 4.5, 5.5]},
			"faces": {
				"north": {"uv": [0, 0, 1, 1], "texture": "#2"},
				"east": {"uv": [0, 0, 1, 1], "texture": "#2"},
				"south": {"uv": [0, 0, 1, 1], "texture": "#2"},
				"west": {"uv": [0, 0, 1, 1], "texture": "#2"},
				"up": {"uv": [0, 0, 1, 1], "texture": "#2"},
				"down": {"uv": [0, 0, 1, 1], "texture": "#2"}
			}
		},
		{
			"from": [9.2, 6, 3],
			"to": [10.2, 7, 4],
			"rotation": {"angle": 45, "axis": "x", "origin": [10, 4.5, 5.5]},
			"faces": {
				"north": {"uv": [0, 0, 1, 1], "texture": "#2"},
				"east": {"uv": [0, 1, 1, 2], "texture": "#2", "tintindex": 0},
				"south": {"uv": [1, 0, 2, 1], "texture": "#2"},
				"west": {"uv": [1, 1, 2, 2], "texture": "#2"},
				"up": {"uv": [1, 3, 0, 2], "texture": "#2"},
				"down": {"uv": [3, 0, 2, 1], "texture": "#2"}
			}
		},
		{
			"from": [9.2, 4, 6.5],
			"to": [10.2, 5, 7.5],
			"rotation": {"angle": 45, "axis": "x", "origin": [10, 4.5, 5.5]},
			"faces": {
				"north": {"uv": [0, 0, 1, 1], "texture": "#2"},
				"east": {"uv": [0, 0, 1, 1], "texture": "#2"},
				"south": {"uv": [0, 0, 1, 1], "texture": "#2"},
				"west": {"uv": [0, 0, 1, 1], "texture": "#2"},
				"up": {"uv": [0, 0, 1, 1], "texture": "#2"},
				"down": {"uv": [0, 0, 1, 1], "texture": "#2"}
			}
		},
		{
			"from": [9.2, -2, 12.5],
			"to": [10.2, -1, 13.5],
			"rotation": {"angle": 45, "axis": "x", "origin": [10, 4.5, 5.5]},
			"faces": {
				"north": {"uv": [0, 0, 1, 1], "texture": "#2"},
				"east": {"uv": [0, 0, 1, 1], "texture": "#2"},
				"south": {"uv": [0, 0, 1, 1], "texture": "#2"},
				"west": {"uv": [0, 0, 1, 1], "texture": "#2"},
				"up": {"uv": [0, 0, 1, 1], "texture": "#2"},
				"down": {"uv": [0, 0, 1, 1], "texture": "#2"}
			}
		},
		{
			"from": [9.2, 0, 10.5],
			"to": [10.2, 1, 11.5],
			"rotation": {"angle": 45, "axis": "x", "origin": [10, 4.5, 5.5]},
			"faces": {
				"north": {"uv": [0, 0, 1, 1], "texture": "#2"},
				"east": {"uv": [0, 0, 1, 1], "texture": "#2"},
				"south": {"uv": [0, 0, 1, 1], "texture": "#2"},
				"west": {"uv": [0, 0, 1, 1], "texture": "#2"},
				"up": {"uv": [0, 0, 1, 1], "texture": "#2"},
				"down": {"uv": [0, 0, 1, 1], "texture": "#2"}
			}
		},
		{
			"from": [9.2, 2, 8.5],
			"to": [10.2, 3, 9.5],
			"rotation": {"angle": 45, "axis": "x", "origin": [10, 4.5, 5.5]},
			"faces": {
				"north": {"uv": [0, 0, 1, 1], "texture": "#2"},
				"east": {"uv": [0, 0, 1, 1], "texture": "#2"},
				"south": {"uv": [0, 0, 1, 1], "texture": "#2"},
				"west": {"uv": [0, 0, 1, 1], "texture": "#2"},
				"up": {"uv": [0, 0, 1, 1], "texture": "#2"},
				"down": {"uv": [0, 0, 1, 1], "texture": "#2"}
			}
		},
		{
			"from": [9.2, 6, 4.5],
			"to": [10.2, 7, 5.5],
			"rotation": {"angle": 45, "axis": "x", "origin": [10, 4.5, 5.5]},
			"faces": {
				"north": {"uv": [0, 0, 1, 1], "texture": "#2"},
				"east": {"uv": [0, 0, 1, 1], "texture": "#2"},
				"south": {"uv": [0, 0, 1, 1], "texture": "#2"},
				"west": {"uv": [0, 0, 1, 1], "texture": "#2"},
				"up": {"uv": [0, 0, 1, 1], "texture": "#2"},
				"down": {"uv": [0, 0, 1, 1], "texture": "#2"}
			}
		},
		{
			"from": [8, 16.53475, 1.3],
			"to": [10, 16.93475, 3.3],
			"rotation": {"angle": -45, "axis": "x", "origin": [9, 16.32574, 2.01005]},
			"faces": {
				"north": {"uv": [0, 0, 2, 0.4], "rotation": 180, "texture": "#1"},
				"east": {"uv": [0, 0.26016, 5.47317, 5.9458], "rotation": 90, "texture": "#1"},
				"south": {"uv": [0, 0, 2, 0.4], "texture": "#1"},
				"west": {"uv": [0, 0, 0.4, 2], "rotation": 270, "texture": "#1"},
				"up": {"uv": [0, 0, 2, 2], "texture": "#1"},
				"down": {"uv": [0, 0, 2, 2], "rotation": 180, "texture": "#1"}
			}
		},
		{
			"from": [7.5, 12, 5.8],
			"to": [10.5, 13, 6.8],
			"rotation": {"angle": -45, "axis": "x", "origin": [9, 12.5, 5.5]},
			"faces": {
				"north": {"uv": [0, 0, 3, 1], "rotation": 180, "texture": "#1"},
				"east": {"uv": [0.82385, 3.81572, 2.25745, 5.11924], "rotation": 270, "texture": "#1"},
				"south": {"uv": [0, 0, 3, 1], "texture": "#1"},
				"west": {"uv": [4.94309, 9.01897, 6.07317, 10.01897], "rotation": 90, "texture": "#1"},
				"up": {"uv": [0, 0, 3, 1], "rotation": 180, "texture": "#1"},
				"down": {"uv": [0, 0, 3, 1], "texture": "#1"}
			}
		},
		{
			"from": [8.5, 12.5, 0.7],
			"to": [9.5, 12.7, 11.2],
			"faces": {
				"north": {"uv": [0, 0, 1, 0.2], "texture": "#1"},
				"east": {"uv": [0, 0.26016, 15.57317, 4.1458], "texture": "#1"},
				"south": {"uv": [0, 0, 1, 0.2], "texture": "#1"},
				"west": {"uv": [0, 0, 10.5, 0.2], "texture": "#1"},
				"up": {"uv": [0, 0, 1, 10.5], "texture": "#1"},
				"down": {"uv": [0, 0, 1, 10.5], "texture": "#1"}
			}
		},
		{
			"from": [8.5, 9, 5.5],
			"to": [9.5, 20, 6.5],
			"faces": {
				"north": {"uv": [0, 0, 1, 11], "texture": "#1"},
				"east": {"uv": [0, 0.26016, 6.07317, 14.82927], "texture": "#1"},
				"south": {"uv": [0, 0, 1, 11], "texture": "#1"},
				"west": {"uv": [0, 0, 1, 11], "texture": "#1"},
				"up": {"uv": [0, 0, 1, 1], "texture": "#1"},
				"down": {"uv": [0, 0, 1, 1], "texture": "#1"}
			}
		},
		{
			"from": [8, 8, 8],
			"to": [10, 10, 8.4],
			"rotation": {"angle": 45, "axis": "x", "origin": [9, 13, 6]},
			"faces": {
				"north": {"uv": [0, 0, 2, 2], "texture": "#1"},
				"east": {"uv": [0, 0, 0.4, 2], "texture": "#1"},
				"south": {"uv": [0, 0, 2, 2], "texture": "#1"},
				"west": {"uv": [0, 0, 0.4, 2], "texture": "#1"},
				"up": {"uv": [0, 0, 2, 0.4], "texture": "#1"},
				"down": {"uv": [0, 0, 2, 0.4], "texture": "#1"}
			}
		}
	],
	"display": {
		"thirdperson_righthand": {
			"rotation": [-167, 7.8, -179],
			"translation": [0.5, 8.5, 2.75],
			"scale": [0.69727, 0.90039, 1]
		},
		"thirdperson_lefthand": {
			"rotation": [27.13, -12.38, 2.55],
			"translation": [0.5, 6.75, 5.75],
			"scale": [0.69727, 0.90039, 1]
		},
		"firstperson_righthand": {
			"rotation": [150, -4.25, 180],
			"translation": [0.25, 3.5, -1]
		},
		"firstperson_lefthand": {
			"translation": [2.75, 1.75, 0]
		},
		"ground": {
			"translation": [0, 12.75, 1]
		},
		"gui": {
			"rotation": [111.75, -58.39, 108.77],
			"translation": [-1.75, 1.25, 0]
		},
		"head": {
			"rotation": [-180, 87, -180],
			"translation": [2.25, 2, 0]
		},
		"fixed": {
			"rotation": [80.2, 59.16, -80.8],
			"translation": [2.25, 0.5, -1],
			"scale": [0, 0.78516, 0.67773]
		}
	},
	"groups": [
		{
			"name": "group",
			"origin": [0, 0, 0],
			"color": 0,
			"children": [
				0,
				1,
				2,
				3,
				4,
				5,
				6,
				7,
				8,
				9,
				10,
				11,
				12,
				13,
				14,
				15,
				16,
				17,
				18,
				19,
				20,
				21,
				22,
				23,
				24,
				25,
				26,
				27,
				28,
				29,
				30,
				31,
				32,
				33,
				34,
				35,
				36,
				37,
				38,
				39,
				{
					"name": "group",
					"origin": [10, 4.5, 5.5],
					"color": 9,
					"children": []
				}
			]
		}
	]
}