{
	"credit": "Made with Blockbench",
	"textures": {
		"0": "yuy/w1",
		"1": "yuy/w2",
		"2": "yuy/w3",
		"3": "yuy/boom1",
		"particle": "yuy/boom1"
	},
	"elements": [
		{
			"from": [2, 5, 4],
			"to": [12, 8, 13],
			"rotation": {"angle": -22.5, "axis": "z", "origin": [7, 6.5, 8.5]},
			"faces": {
				"north": {"uv": [6.75, 5, 9.25, 5.75], "texture": "#0"},
				"east": {"uv": [8, 4, 10.25, 4.75], "texture": "#0"},
				"south": {"uv": [7.25, 0, 9.75, 0.75], "texture": "#0"},
				"west": {"uv": [8.25, 5.75, 10.5, 6.5], "texture": "#0"},
				"up": {"uv": [2.5, 6, 0, 3.75], "texture": "#0"},
				"down": {"uv": [5, 3.75, 2.5, 6], "texture": "#0"}
			}
		},
		{
			"from": [4, 6, 6],
			"to": [10, 13, 11],
			"rotation": {"angle": -22.5, "axis": "z", "origin": [7, 9.5, 8.5]},
			"faces": {
				"north": {"uv": [3, 6, 4.5, 7.75], "texture": "#0"},
				"east": {"uv": [6.75, 3.25, 8, 5], "texture": "#0"},
				"south": {"uv": [4.5, 6, 6, 7.75], "texture": "#0"},
				"west": {"uv": [6, 7, 7.25, 8.75], "texture": "#0"},
				"up": {"uv": [8.75, 2, 7.25, 0.75], "texture": "#0"},
				"down": {"uv": [8.75, 7, 7.25, 8.25], "texture": "#0"}
			}
		},
		{
			"from": [8, 13, 7],
			"to": [11, 17, 10],
			"rotation": {"angle": -45, "axis": "z", "origin": [7.5, 15, 8.5]},
			"faces": {
				"north": {"uv": [9.75, 3, 10.5, 4], "texture": "#0"},
				"east": {"uv": [9.75, 7, 10.5, 8], "texture": "#0"},
				"south": {"uv": [8.25, 9.75, 9, 10.75], "texture": "#0"},
				"west": {"uv": [9.75, 9.5, 10.5, 10.5], "texture": "#0"},
				"up": {"uv": [9, 11.5, 8.25, 10.75], "texture": "#0"},
				"down": {"uv": [11.5, 9.5, 10.75, 10.25], "texture": "#0"}
			}
		},
		{
			"from": [2, 3, 4],
			"to": [9, 7, 13],
			"rotation": {"angle": 0, "axis": "y", "origin": [6, 0, 8]},
			"faces": {
				"north": {"uv": [7.75, 2, 9.5, 3], "texture": "#0"},
				"east": {"uv": [5.5, 2.25, 7.75, 3.25], "texture": "#0"},
				"south": {"uv": [8, 3, 9.75, 4], "texture": "#0"},
				"west": {"uv": [6, 6, 8.25, 7], "texture": "#0"},
				"up": {"uv": [6.75, 6, 5, 3.75], "texture": "#0"},
				"down": {"uv": [7.25, 0, 5.5, 2.25], "texture": "#0"}
			}
		},
		{
			"from": [8, 14, 7],
			"to": [10, 15, 10],
			"rotation": {"angle": 22.5, "axis": "z", "origin": [9, 17.5, 8]},
			"faces": {
				"north": {"uv": [7.25, 2, 7.75, 2.25], "texture": "#0"},
				"east": {"uv": [6.75, 5.75, 7.5, 6], "texture": "#0"},
				"south": {"uv": [11.5, 6.75, 12, 7], "texture": "#0"},
				"west": {"uv": [7.5, 5.75, 8.25, 6], "texture": "#0"},
				"up": {"uv": [2.75, 11.75, 2.25, 11], "texture": "#0"},
				"down": {"uv": [6.5, 11, 6, 11.75], "texture": "#0"}
			}
		},
		{
			"from": [9, 12, 7],
			"to": [10, 13, 10],
			"rotation": {"angle": 0, "axis": "y", "origin": [6, -2, 8]},
			"faces": {
				"north": {"uv": [7.75, 3, 8, 3.25], "texture": "#0"},
				"east": {"uv": [11.5, 1.25, 12.25, 1.5], "texture": "#0"},
				"south": {"uv": [1.75, 11.75, 2, 12], "texture": "#0"},
				"west": {"uv": [11.5, 1.5, 12.25, 1.75], "texture": "#0"},
				"up": {"uv": [3, 10.5, 2.75, 9.75], "texture": "#0"},
				"down": {"uv": [3.25, 11.5, 3, 12.25], "texture": "#0"}
			}
		},
		{
			"from": [13, -2.5, 1],
			"to": [15, -2.5, 16],
			"rotation": {"angle": 22.5, "axis": "z", "origin": [-1.5, 3, 7.5]},
			"faces": {
				"north": {"uv": [0, 0, 0.5, 0], "texture": "#0"},
				"east": {"uv": [0, 0, 3.75, 0], "texture": "#0"},
				"south": {"uv": [0, 0, 0.5, 0], "texture": "#0"},
				"west": {"uv": [0, 0, 3.75, 0], "texture": "#0"},
				"up": {"uv": [3.5, 11.5, 3, 7.75], "texture": "#0"},
				"down": {"uv": [4, 7.75, 3.5, 11.5], "texture": "#0"}
			}
		},
		{
			"from": [0, 3, 1],
			"to": [11, 4, 16],
			"rotation": {"angle": 0, "axis": "x", "origin": [6, 3.5, 7.5]},
			"faces": {
				"north": {"uv": [10.25, 4, 13, 4.25], "texture": "#0"},
				"east": {"uv": [8, 4.75, 11.75, 5], "texture": "#0"},
				"south": {"uv": [10.25, 4.25, 13, 4.5], "texture": "#0"},
				"west": {"uv": [8.75, 1.75, 12.5, 2], "texture": "#0"},
				"up": {"uv": [2.75, 3.75, 0, 0], "texture": "#0"},
				"down": {"uv": [5.5, 0, 2.75, 3.75], "texture": "#0"}
			}
		},
		{
			"from": [9, 3, 4],
			"to": [11, 4, 13],
			"rotation": {"angle": 0, "axis": "y", "origin": [6, -2, 8]},
			"faces": {
				"north": {"uv": [8.25, 11.5, 8.75, 11.75], "texture": "#0"},
				"east": {"uv": [10.75, 10.25, 13, 10.5], "texture": "#0"},
				"south": {"uv": [11.5, 8.25, 12, 8.5], "texture": "#0"},
				"west": {"uv": [10.75, 10.5, 13, 10.75], "texture": "#0"},
				"up": {"uv": [6.5, 11, 6, 8.75], "texture": "#0"},
				"down": {"uv": [7, 8.75, 6.5, 11], "texture": "#0"}
			}
		},
		{
			"from": [1.5, 4, 15.5],
			"to": [12.5, 4.5, 17.5],
			"rotation": {"angle": 45, "axis": "x", "origin": [6, 3.5, 15.5]},
			"faces": {
				"north": {"uv": [10.25, 4.5, 13, 4.75], "texture": "#0"},
				"east": {"uv": [11.5, 8.5, 12, 8.75], "texture": "#0"},
				"south": {"uv": [0.25, 10.5, 3, 10.75], "texture": "#0"},
				"west": {"uv": [11.5, 9.5, 12, 9.75], "texture": "#0"},
				"up": {"uv": [11.5, 1.25, 8.75, 0.75], "texture": "#0"},
				"down": {"uv": [11.5, 1.25, 8.75, 1.75], "texture": "#0"}
			}
		},
		{
			"from": [-0.5, 3.12295, -0.26847],
			"to": [12.5, 3.62295, 1.73153],
			"rotation": {"angle": -45, "axis": "x", "origin": [6, 3.12295, 0.73153]},
			"faces": {
				"north": {"uv": [9.75, 0.25, 13, 0.5], "texture": "#0"},
				"east": {"uv": [11.5, 9.75, 12, 10], "texture": "#0"},
				"south": {"uv": [9.75, 0.5, 13, 0.75], "texture": "#0"},
				"west": {"uv": [11.5, 10, 12, 10.25], "texture": "#0"},
				"up": {"uv": [11.5, 7, 8.25, 6.5], "texture": "#1"},
				"down": {"uv": [11.5, 8.25, 8.25, 8.75], "texture": "#0"}
			}
		},
		{
			"from": [0, 3, 1],
			"to": [2, 4, 16],
			"rotation": {"angle": 22.5, "axis": "z", "origin": [1, 3.5, 8.5]},
			"faces": {
				"north": {"uv": [10.75, 11.5, 11.25, 11.75], "texture": "#0"},
				"east": {"uv": [8.75, 8, 12.5, 8.25], "texture": "#0"},
				"south": {"uv": [11.25, 11.5, 11.75, 11.75], "texture": "#0"},
				"west": {"uv": [9.25, 5, 13, 5.25], "texture": "#0"},
				"up": {"uv": [4.5, 11.5, 4, 7.75], "texture": "#0"},
				"down": {"uv": [5, 7.75, 4.5, 11.5], "texture": "#0"}
			}
		},
		{
			"from": [10, 7, 1],
			"to": [12, 8, 16],
			"rotation": {"angle": -22.5, "axis": "z", "origin": [1, 3.5, 8.5]},
			"faces": {
				"north": {"uv": [0.25, 11.75, 0.75, 12], "texture": "#0"},
				"east": {"uv": [9.25, 5.25, 13, 5.5], "texture": "#0"},
				"south": {"uv": [0.75, 11.75, 1.25, 12], "texture": "#0"},
				"west": {"uv": [9.25, 5.5, 13, 5.75], "texture": "#0"},
				"up": {"uv": [5.5, 11.5, 5, 7.75], "texture": "#0"},
				"down": {"uv": [6, 7.75, 5.5, 11.5], "texture": "#0"}
			}
		},
		{
			"from": [2, 3, 13],
			"to": [10, 4, 14],
			"rotation": {"angle": 22.5, "axis": "x", "origin": [6, 3.5, 13.5]},
			"faces": {
				"north": {"uv": [10.75, 10.75, 12.75, 11], "texture": "#0"},
				"east": {"uv": [2, 11.75, 2.25, 12], "texture": "#0"},
				"south": {"uv": [0.25, 11, 2.25, 11.25], "texture": "#0"},
				"west": {"uv": [2.25, 11.75, 2.5, 12], "texture": "#0"},
				"up": {"uv": [12.75, 11.25, 10.75, 11], "texture": "#0"},
				"down": {"uv": [2.25, 11.25, 0.25, 11.5], "texture": "#0"}
			}
		},
		{
			"from": [-2, 4, 1],
			"to": [1, 4.5, 16],
			"rotation": {"angle": 22.5, "axis": "z", "origin": [0, 4, 8.5]},
			"faces": {
				"north": {"uv": [3.25, 11.5, 4, 11.75], "texture": "#0"},
				"east": {"uv": [9.25, 8.75, 13, 9], "texture": "#0"},
				"south": {"uv": [4, 11.5, 4.75, 11.75], "texture": "#0"},
				"west": {"uv": [9.25, 9, 13, 9.25], "texture": "#0"},
				"up": {"uv": [0.75, 9.75, 0, 6], "texture": "#0"},
				"down": {"uv": [1.5, 6, 0.75, 9.75], "texture": "#0"}
			}
		},
		{
			"from": [2, 2.74863, 3.15435],
			"to": [10, 3.74863, 4.15435],
			"rotation": {"angle": -22.5, "axis": "x", "origin": [6, 3.24863, 3.65435]},
			"faces": {
				"north": {"uv": [10.75, 11.25, 12.75, 11.5], "texture": "#0"},
				"east": {"uv": [2.5, 11.75, 2.75, 12], "texture": "#0"},
				"south": {"uv": [0.25, 11.5, 2.25, 11.75], "texture": "#0"},
				"west": {"uv": [3.25, 11.75, 3.5, 12], "texture": "#0"},
				"up": {"uv": [13.5, 1, 11.5, 0.75], "texture": "#0"},
				"down": {"uv": [13.5, 1, 11.5, 1.25], "texture": "#0"}
			}
		},
		{
			"from": [10, 3, 1],
			"to": [11, 4, 16],
			"rotation": {"angle": 0, "axis": "x", "origin": [10.5, 2.5, 8.5]},
			"faces": {
				"north": {"uv": [3.5, 11.75, 3.75, 12], "texture": "#0"},
				"east": {"uv": [9.25, 9.25, 13, 9.5], "texture": "#0"},
				"south": {"uv": [3.75, 11.75, 4, 12], "texture": "#0"},
				"west": {"uv": [9.5, 2, 13.25, 2.25], "texture": "#0"},
				"up": {"uv": [7.25, 12.5, 7, 8.75], "texture": "#0"},
				"down": {"uv": [9.5, 9.5, 9.25, 13.25], "texture": "#0"}
			}
		},
		{
			"from": [11, 3, 1],
			"to": [12, 4, 16],
			"rotation": {"angle": 0, "axis": "y", "origin": [0, -2, 8]},
			"faces": {
				"north": {"uv": [4, 11.75, 4.25, 12], "texture": "#0"},
				"east": {"uv": [9.5, 2.25, 13.25, 2.5], "texture": "#0"},
				"south": {"uv": [4.25, 11.75, 4.5, 12], "texture": "#0"},
				"west": {"uv": [9.5, 2.5, 13.25, 2.75], "texture": "#0"},
				"up": {"uv": [9.75, 13.25, 9.5, 9.5], "texture": "#0"},
				"down": {"uv": [0.25, 9.75, 0, 13.5], "texture": "#0"}
			}
		},
		{
			"from": [12, 3, 1],
			"to": [15, 3.5, 16],
			"rotation": {"angle": 22.5, "axis": "z", "origin": [12.5, 3, 8.5]},
			"faces": {
				"north": {"uv": [4.75, 11.5, 5.5, 11.75], "texture": "#0"},
				"east": {"uv": [9.5, 2.75, 13.25, 3], "texture": "#0"},
				"south": {"uv": [11.5, 6.5, 12.25, 6.75], "texture": "#0"},
				"west": {"uv": [9.75, 0, 13.5, 0.25], "texture": "#0"},
				"up": {"uv": [2.25, 9.75, 1.5, 6], "texture": "#0"},
				"down": {"uv": [3, 6, 2.25, 9.75], "texture": "#0"}
			}
		},
		{
			"from": [11.5, 14, 8],
			"to": [12, 16, 9],
			"rotation": {"angle": -45, "axis": "z", "origin": [11.5, 16, 8.5]},
			"faces": {
				"north": {"uv": [6.5, 3.25, 6.75, 3.75], "texture": "#0"},
				"east": {"uv": [8.75, 11.5, 9, 12], "texture": "#0"},
				"south": {"uv": [1.25, 11.75, 1.5, 12.25], "texture": "#0"},
				"west": {"uv": [1.5, 11.75, 1.75, 12.25], "texture": "#0"},
				"up": {"uv": [4.75, 12, 4.5, 11.75], "texture": "#0"},
				"down": {"uv": [5, 11.75, 4.75, 12], "texture": "#0"}
			}
		},
		{
			"from": [11, 16, 8],
			"to": [12, 16.5, 9],
			"rotation": {"angle": 45, "axis": "z", "origin": [11.5, 16.5, 8.5]},
			"faces": {
				"north": {"uv": [11.75, 4.75, 12, 5], "texture": "#0"},
				"east": {"uv": [5, 11.75, 5.25, 12], "texture": "#0"},
				"south": {"uv": [5.25, 11.75, 5.5, 12], "texture": "#0"},
				"west": {"uv": [6, 11.75, 6.25, 12], "texture": "#0"},
				"up": {"uv": [6.5, 12, 6.25, 11.75], "texture": "#0"},
				"down": {"uv": [8.5, 11.75, 8.25, 12], "texture": "#0"}
			}
		},
		{
			"from": [-3, 3.5, 1],
			"to": [-1, 3.5, 16],
			"rotation": {"angle": 22.5, "axis": "z", "origin": [-1.5, 3, 7.5]},
			"faces": {
				"north": {"uv": [0, 0, 0.5, 0], "texture": "#0"},
				"east": {"uv": [0, 0, 3.75, 0], "texture": "#0"},
				"south": {"uv": [0, 0, 0.5, 0], "texture": "#0"},
				"west": {"uv": [0, 0, 3.75, 0], "texture": "#0"},
				"up": {"uv": [7.75, 12, 7.25, 8.25], "texture": "#0"},
				"down": {"uv": [8.25, 8.25, 7.75, 12], "texture": "#0"}
			}
		},
		{
			"from": [9, 7, 6],
			"to": [10, 10, 11],
			"rotation": {"angle": 0, "axis": "y", "origin": [6, -2, 8]},
			"faces": {
				"north": {"uv": [5.5, 11.5, 5.75, 12.25], "texture": "#0"},
				"east": {"uv": [0.25, 9.75, 1.5, 10.5], "texture": "#0"},
				"south": {"uv": [5.75, 11.5, 6, 12.25], "texture": "#0"},
				"west": {"uv": [1.5, 9.75, 2.75, 10.5], "texture": "#0"},
				"up": {"uv": [10.5, 11.75, 10.25, 10.5], "texture": "#0"},
				"down": {"uv": [3, 10.75, 2.75, 12], "texture": "#0"}
			}
		},
		{
			"from": [2, 5, 13],
			"to": [12, 6, 13.4],
			"faces": {
				"north": {"uv": [0, 0, 5, 0.5], "texture": "#1"},
				"east": {"uv": [5, 1, 5.5, 1.5], "texture": "#1"},
				"south": {"uv": [0, 0.5, 5, 1], "texture": "#1"},
				"west": {"uv": [5, 1.5, 5.5, 2], "texture": "#1"},
				"up": {"uv": [5, 1.5, 0, 1], "texture": "#1"},
				"down": {"uv": [5, 1.5, 0, 2], "texture": "#1"}
			}
		},
		{
			"from": [1.8, 5, 3.2],
			"to": [2.2, 6, 13.2],
			"rotation": {"angle": 0, "axis": "y", "origin": [7, 5.5, 14.2]},
			"faces": {
				"north": {"uv": [2, 5, 2.5, 5.5], "texture": "#1"},
				"east": {"uv": [0, 2, 5, 2.5], "texture": "#1"},
				"south": {"uv": [5, 2, 5.5, 2.5], "texture": "#1"},
				"west": {"uv": [0, 2.5, 5, 3], "texture": "#1"},
				"up": {"uv": [0.5, 8, 0, 3], "texture": "#1"},
				"down": {"uv": [1, 3, 0.5, 8], "texture": "#1"}
			}
		},
		{
			"from": [11.8, 5, 3.2],
			"to": [12.2, 6, 13.2],
			"rotation": {"angle": 0, "axis": "y", "origin": [7, 5.5, 14.2]},
			"faces": {
				"north": {"uv": [2.5, 5, 3, 5.5], "texture": "#1"},
				"east": {"uv": [1, 3, 6, 3.5], "texture": "#1"},
				"south": {"uv": [5, 2.5, 5.5, 3], "texture": "#1"},
				"west": {"uv": [1, 3.5, 6, 4], "texture": "#1"},
				"up": {"uv": [1.5, 9, 1, 4], "texture": "#1"},
				"down": {"uv": [2, 4, 1.5, 9], "texture": "#1"}
			}
		},
		{
			"from": [2, 5, 3],
			"to": [12, 6, 3.4],
			"faces": {
				"north": {"uv": [2, 4, 7, 4.5], "texture": "#1"},
				"east": {"uv": [3, 5, 3.5, 5.5], "texture": "#1"},
				"south": {"uv": [2, 4.5, 7, 5], "texture": "#1"},
				"west": {"uv": [3.5, 5, 4, 5.5], "texture": "#1"},
				"up": {"uv": [10, 0.5, 5, 0], "texture": "#1"},
				"down": {"uv": [10, 0.5, 5, 1], "texture": "#1"}
			}
		},
		{
			"from": [5, 4, 13],
			"to": [9, 7.5, 14],
			"faces": {
				"north": {"uv": [0, 0, 4, 4], "texture": "#2"},
				"east": {"uv": [4, 0, 5, 4], "texture": "#2"},
				"south": {"uv": [0, 4, 4, 8], "texture": "#2"},
				"west": {"uv": [4, 4, 5, 8], "texture": "#2"},
				"up": {"uv": [9, 1, 5, 0], "texture": "#2"},
				"down": {"uv": [9, 1, 5, 2], "texture": "#2"}
			}
		},
		{
			"from": [2.5, -4.5, 14],
			"to": [10.5, -3.5, 15],
			"faces": {
				"north": {"uv": [0, 0, 8, 1], "texture": "#3"},
				"east": {"uv": [0, 0, 1, 1], "texture": "#3"},
				"south": {"uv": [0, 0, 8, 1], "texture": "#3"},
				"west": {"uv": [0, 0, 1, 1], "texture": "#3"},
				"up": {"uv": [0, 0, 8, 1], "texture": "#3"},
				"down": {"uv": [0, 0, 8, 1], "texture": "#3"}
			}
		},
		{
			"from": [5.5, -3.5, 14],
			"to": [7.5, -2.5, 15],
			"faces": {
				"north": {"uv": [0, 0, 2, 1], "texture": "#3"},
				"east": {"uv": [0, 0, 1, 1], "texture": "#3"},
				"south": {"uv": [0, 0, 2, 1], "texture": "#3"},
				"west": {"uv": [0, 0, 1, 1], "texture": "#3"},
				"up": {"uv": [0, 0, 2, 1], "texture": "#3"},
				"down": {"uv": [0, 0, 2, 1], "texture": "#3"}
			}
		},
		{
			"from": [1.5, -3.5, 14],
			"to": [3.5, -2.5, 15],
			"faces": {
				"north": {"uv": [0, 0, 2, 1], "texture": "#3"},
				"east": {"uv": [0, 0, 1, 1], "texture": "#3"},
				"south": {"uv": [0, 0, 2, 1], "texture": "#3"},
				"west": {"uv": [0, 0, 1, 1], "texture": "#3"},
				"up": {"uv": [0, 0, 2, 1], "texture": "#3"},
				"down": {"uv": [0, 0, 2, 1], "texture": "#3"}
			}
		},
		{
			"from": [9.5, -3.5, 14],
			"to": [11.5, -2.5, 15],
			"faces": {
				"north": {"uv": [0, 0, 2, 1], "texture": "#3"},
				"east": {"uv": [0, 0, 1, 1], "texture": "#3"},
				"south": {"uv": [0, 0, 2, 1], "texture": "#3"},
				"west": {"uv": [0, 0, 1, 1], "texture": "#3"},
				"up": {"uv": [0, 0, 2, 1], "texture": "#3"},
				"down": {"uv": [0, 0, 2, 1], "texture": "#3"}
			}
		},
		{
			"from": [7, -2.5, 14],
			"to": [12.5, -1.5, 15],
			"faces": {
				"north": {"uv": [0, 0, 5.5, 1], "texture": "#3"},
				"east": {"uv": [0, 0, 1, 1], "texture": "#3"},
				"south": {"uv": [0, 0, 5.5, 1], "texture": "#3"},
				"west": {"uv": [0, 0, 1, 1], "texture": "#3"},
				"up": {"uv": [0, 0, 5.5, 1], "texture": "#3"},
				"down": {"uv": [0, 0, 5.5, 1], "texture": "#3"}
			}
		},
		{
			"from": [0.5, -2.5, 14],
			"to": [6, -1.5, 15],
			"faces": {
				"north": {"uv": [0, 0, 5.5, 1], "texture": "#3"},
				"east": {"uv": [0, 0, 1, 1], "texture": "#3"},
				"south": {"uv": [0, 0, 5.5, 1], "texture": "#3"},
				"west": {"uv": [0, 0, 1, 1], "texture": "#3"},
				"up": {"uv": [0, 0, 5.5, 1], "texture": "#3"},
				"down": {"uv": [0, 0, 5.5, 1], "texture": "#3"}
			}
		},
		{
			"from": [-1, -1.5, 14],
			"to": [3.5, -0.9, 15],
			"faces": {
				"north": {"uv": [0, 0, 4.5, 0.6], "texture": "#3"},
				"east": {"uv": [0, 0, 1, 0.6], "texture": "#3"},
				"south": {"uv": [0, 0, 4.5, 0.6], "texture": "#3"},
				"west": {"uv": [0, 0, 1, 0.6], "texture": "#3"},
				"up": {"uv": [0, 0, 4.5, 1], "texture": "#3"},
				"down": {"uv": [0, 0, 4.5, 1], "texture": "#3"}
			}
		},
		{
			"from": [9.5, -1.5, 14],
			"to": [14, -0.9, 15],
			"faces": {
				"north": {"uv": [0, 0, 4.5, 0.6], "texture": "#3"},
				"east": {"uv": [0, 0, 1, 0.6], "texture": "#3"},
				"south": {"uv": [0, 0, 4.5, 0.6], "texture": "#3"},
				"west": {"uv": [0, 0, 1, 0.6], "texture": "#3"},
				"up": {"uv": [0, 0, 4.5, 1], "texture": "#3"},
				"down": {"uv": [0, 0, 4.5, 1], "texture": "#3"}
			}
		}
	],
	"display": {
		"thirdperson_righthand": {
			"translation": [2.25, 4.25, 2.25],
			"scale": [0.625, 0.6582, 0.63672]
		},
		"thirdperson_lefthand": {
			"translation": [2.25, 3.5, 2.25],
			"scale": [0.625, 0.6582, 0.63672]
		},
		"gui": {
			"translation": [2, -1.25, 0]
		},
		"head": {
			"rotation": [180, -4.25, 180],
			"translation": [-1.5, 12.25, 0],
			"scale": [1.32813, 1.17578, 1.08594]
		},
		"fixed": {
			"translation": [1, 0, 0],
			"scale": [0.70313, 0.73633, 0.54883]
		}
	},
	"groups": [
		{
			"name": "group",
			"origin": [8, 8, 8],
			"color": 0,
			"children": [
				0,
				1,
				2,
				3,
				4,
				5,
				6,
				7,
				8,
				9,
				10,
				11,
				12,
				13,
				14,
				15,
				16,
				17,
				18,
				19,
				20,
				21,
				22,
				{
					"name": "group",
					"origin": [0, 0, 0],
					"color": 0,
					"children": [23, 24, 25, 26]
				}
			]
		},
		27,
		28,
		29,
		30,
		31,
		32,
		33,
		34,
		35
	]
}