{
	"__credit": "Generated using Animated Java (https://animated-java.dev/)",
	"textures": {
		"0": "minecraft:npc/npc_1"
	},
	"elements": [
		{
			"faces": {
				"north": {"uv": [11, 5, 11.75, 8], "texture": "#0"},
				"east": {"uv": [10, 5, 11, 8], "texture": "#0"},
				"south": {"uv": [12.75, 5, 13.5, 8], "texture": "#0"},
				"west": {"uv": [11.75, 5, 12.75, 8], "texture": "#0"},
				"up": {"uv": [11.75, 5, 11, 4], "texture": "#0"},
				"down": {"uv": [12.5, 4, 11.75, 5], "texture": "#0"}
			},
			"to": [9.2, 5.8, 8.8],
			"from": [8, 1, 7.2],
			"rotation": {"angle": 0, "axis": "y", "origin": [3.2, -3.8, 4.8]}
		},
		{
			"faces": {
				"north": {"uv": [11, 9, 11.75, 12], "texture": "#0"},
				"east": {"uv": [10, 9, 11, 12], "texture": "#0"},
				"south": {"uv": [12.75, 9, 13.5, 12], "texture": "#0"},
				"west": {"uv": [11.75, 9, 12.75, 12], "texture": "#0"},
				"up": {"uv": [11.75, 9, 11, 8], "texture": "#0"},
				"down": {"uv": [12.5, 8, 11.75, 9], "texture": "#0"}
			},
			"to": [9.3, 5.9, 8.9],
			"from": [7.9, 0.9, 7.1],
			"rotation": {"angle": 0, "axis": "y", "origin": [3.2, -3.8, 4.8]}
		}
	],
	"display": {
		"head": {
			"translation": [0, 5.6, 0],
			"scale": [4, 4, 4],
			"rotation": [0, 0, 0]
		}
	}
}